# word	reading	kind	date	note
下一条	xia'yi'tiao	word	2026-10-04	two curators
康养	kang'yang	word	2026-10-04	two curators
数智化	shu'zhi'hua	word	2026-10-04	two curators
第二步	di'er'bu	word	2026-10-04	two curators
秒级	miao'ji	term	2026-10-04	two curators
适用场景	shi'yong'chang'jing	word	2026-10-04	two curators
爱彼	ai'bi	name	2026-10-04	two curators
免费试用	mian'fei'shi'yong	word	2026-10-04	two curators
智驾	zhi'jia	word	2026-10-04	two curators
千问	qian'wen	name	2026-10-04	two curators
实用技巧	shi'yong'ji'qiao	word	2026-10-04	two curators
篷房	peng'fang	word	2026-10-04	two curators
社媒	she'mei	word	2026-10-04	two curators
亿欧元	yi'ou'yuan	word	2026-10-04	two curators
检测系统	jian'ce'xi'tong	word	2026-10-04	two curators
膜厚	mo'hou	term	2026-10-04	two curators
监测设备	jian'ce'she'bei	word	2026-10-04	two curators
穿书	chuan'shu	slang	2026-10-04	two curators
实用指南	shi'yong'zhi'nan	word	2026-10-04	two curators
崖柏	ya'bai	term	2026-10-04	two curators
固废	gu'fei	term	2026-10-04	two curators
竞技水平	jing'ji'shui'ping	word	2026-10-04	two curators
实际案例	shi'ji'an'li	word	2026-10-04	two curators
资讯中心	zi'xun'zhong'xin	word	2026-10-04	two curators
林草	lin'cao	word	2026-10-04	two curators
东契奇	dong'qi'qi	name	2026-10-04	two curators
厚植	hou'zhi	word	2026-10-04	two curators
铸魂	zhu'hun	word	2026-10-04	two curators
奇安信	qi'an'xin	name	2026-10-04	two curators
堵点	du'dian	word	2026-10-04	two curators
法治化	fa'zhi'hua	word	2026-10-04	two curators
安全监测	an'quan'jian'ce	word	2026-10-04	two curators
缓蚀	huan'shi	term	2026-10-04	two curators
驻村	zhu'cun	word	2026-10-04	two curators
昇腾	sheng'teng	name	2026-10-04	two curators
定制家居	ding'zhi'jia'ju	word	2026-10-04	two curators
灌封	guan'feng	term	2026-10-04	two curators
婴童	ying'tong	word	2026-10-04	two curators
盒马	he'ma	name	2026-10-04	two curators
全维度	quan'wei'du	word	2026-10-04	two curators
智慧交通	zhi'hui'jiao'tong	word	2026-10-04	two curators
试验设备	shi'yan'she'bei	word	2026-10-04	two curators
协作能力	xie'zuo'neng'li	word	2026-10-04	two curators
智谱	zhi'pu	name	2026-10-04	two curators
电器设备	dian'qi'she'bei	word	2026-10-04	
网易易盾	wang'yi'yi'dun	name	2026-10-04	
隔爆	ge'bao	term	2026-10-04	
实施例	shi'shi'li	term	2026-10-04	
法治宣传	fa'zhi'xuan'chuan	word	2026-10-04	
监察机关	jian'cha'ji'guan	word	2026-10-04	
疯批	feng'pi	slang	2026-10-04	
讲透	jiang'tou	word	2026-10-04	
怎么恢复	zen'me'hui'fu	word	2026-10-04	
敏肌	min'ji	slang	2026-10-04	
镇街	zhen'jie	word	2026-10-04	
养宠	yang'chong	word	2026-10-04	
道闸	dao'zha	term	2026-10-04	
用户粘性	yong'hu'nian'xing	word	2026-10-04	
亿日元	yi'ri'yuan	word	2026-10-04	
岩板	yan'ban	term	2026-10-04	
御兽	yu'shou	word	2026-10-04	
趋严	qu'yan	word	2026-10-04	
改善型	gai'shan'xing	word	2026-10-04	
自动监测	zi'dong'jian'ce	word	2026-10-04	
贵宾椅	gui'bin'yi	word	2026-10-04	
无需下载	wu'xu'xia'zai	word	2026-10-04	
开箱机	kai'xiang'ji	term	2026-10-04	
家具定制	jia'ju'ding'zhi	word	2026-10-04	
即梦	ji'meng	name	2026-10-04	
墨水屏	mo'shui'ping	word	2026-10-04	
奖补	jiang'bu	word	2026-10-04	
哪些类型	na'xie'lei'xing	word	2026-10-04	
已上线	yi'shang'xian	word	2026-10-04	
水质检测	shui'zhi'jian'ce	word	2026-10-04	
危废	wei'fei	term	2026-10-04	
夏窗	xia'chuang	term	2026-10-04	
耐油	nai'you	word	2026-10-04	
百元级	bai'yuan'ji	word	2026-10-04	
云仓	yun'cang	term	2026-10-04	
修仙界	xiu'xian'jie	word	2026-10-04	
石宇奇	shi'yu'qi	name	2026-10-04	
闪购	shan'gou	word	2026-10-04	
极氪	ji'ke	name	2026-10-04	
商品页	shang'pin'ye	word	2026-10-04	
实用价值	shi'yong'jia'zhi	word	2026-10-04	
结果页	jie'guo'ye	word	2026-10-04	
神豪	shen'hao	slang	2026-10-04	
已启用	yi'qi'yong	word	2026-10-04	
豪沃	hao'wo	name	2026-10-04	
结算台	jie'suan'tai	word	2026-10-04	
守牢	shou'lao	word	2026-10-04	
千亿级	qian'yi'ji	word	2026-10-04	
林芝市	lin'zhi'shi	name	2026-10-04	
宣贯	xuan'guan	word	2026-10-04	
碳市场	tan'shi'chang	term	2026-10-04	
镇村	zhen'cun	word	2026-10-04	
高频次	gao'pin'ci	word	2026-10-04	
维罗妮卡	wei'luo'ni'ka	name	2026-10-04	
隆基	long'ji	name	2026-10-04	
万桶	wan'tong	word	2026-10-04	
微纳	wei'na	term	2026-10-04	
宴会椅	yan'hui'yi	word	2026-10-04	
福登	fu'deng	name	2026-10-04	
铜带	tong'dai	term	2026-10-04	
追妻	zhui'qi	slang	2026-10-04	
西贝	xi'bei	name	2026-10-04	
拓客	tuo'ke	word	2026-10-04	
新图景	xin'tu'jing	word	2026-10-04	
执业资格	zhi'ye'zi'ge	word	2026-10-04	
试验装置	shi'yan'zhuang'zhi	word	2026-10-04	
持有期	chi'you'qi	term	2026-10-04	
哪个平台	na'ge'ping'tai	word	2026-10-04	
堆码	dui'ma	term	2026-10-04	
液位监测	ye'wei'jian'ce	word	2026-10-04	
捷途	jie'tu	name	2026-10-04	
望仙谷	wang'xian'gu	name	2026-10-04	
已收录	yi'shou'lu	word	2026-10-04	
泄爆	xie'bao	term	2026-10-04	
树牢	shu'lao	word	2026-10-04	
珍酒	zhen'jiu	name	2026-10-04	
记忆里	ji'yi'li	word	2026-10-04	
战术板	zhan'shu'ban	word	2026-10-04	
央广网	yang'guang'wang	name	2026-10-04	
智能监测	zhi'neng'jian'ce	word	2026-10-04	
篁岭	huang'ling	name	2026-10-04	
储氢	chu'qing	term	2026-10-04	
监测中心	jian'ce'zhong'xin	word	2026-10-04	
已结束	yi'jie'shu	word	2026-10-04	
买粉	mai'fen	slang	2026-10-04	
防守阵型	fang'shou'zhen'xing	word	2026-10-04	
加氟	jia'fu	word	2026-10-04	
酒饮	jiu'yin	word	2026-10-04	
赛力斯	sai'li'si	name	2026-10-04	
先行区	xian'xing'qu	word	2026-10-04	
分离机	fen'li'ji	term	2026-10-04	
第二十届	di'er'shi'jie	word	2026-10-04	
万亿级	wan'yi'ji	word	2026-10-04	
王志纲	wang'zhi'gang	name	2026-10-04	
访企拓岗	fang'qi'tuo'gang	word	2026-10-04	
亿立方米	yi'li'fang'mi	word	2026-10-04	
小飞机	xiao'fei'ji	word	2026-10-04	
援疆	yuan'jiang	word	2026-10-04	
试验数据	shi'yan'shu'ju	word	2026-10-04	
作出贡献	zuo'chu'gong'xian	word	2026-10-04	
医共体	yi'gong'ti	term	2026-10-04	
记忆点	ji'yi'dian	word	2026-10-04	
已推出	yi'tui'chu	word	2026-10-04	
互娱	hu'yu	word	2026-10-04	
包装秤	bao'zhuang'cheng	term	2026-10-04	
反抢	fan'qiang	word	2026-10-04	
电影级	dian'ying'ji	word	2026-10-04	
试验过程	shi'yan'guo'cheng	word	2026-10-04	
家具行业	jia'ju'hang'ye	word	2026-10-04	
质量监测	zhi'liang'jian'ce	word	2026-10-04	
直接反映	zhi'jie'fan'ying	word	2026-10-04	
电子电气	dian'zi'dian'qi	word	2026-10-04	
高手榜	gao'shou'bang	word	2026-10-04	
银龄	yin'ling	word	2026-10-04	
设区市	she'qu'shi	term	2026-10-04	
写真机	xie'zhen'ji	term	2026-10-04	
外形美观	wai'xing'mei'guan	word	2026-10-04	
同步至	tong'bu'zhi	word	2026-10-04	
工业炉	gong'ye'lu	word	2026-10-04	
示例中	shi'li'zhong	word	2026-10-04	
鸣潮	ming'chao	name	2026-10-04	
行驶时	xing'shi'shi	word	2026-10-04	
抖店	dou'dian	name	2026-10-04	
凉感	liang'gan	word	2026-10-04	
国窖	guo'jiao	name	2026-10-04	
废铝	fei'lv	term	2026-10-04	
跨链桥	kua'lian'qiao	term	2026-10-04	
纯享	chun'xiang	word	2026-10-04	
拼豆	pin'dou	word	2026-10-04	
反差婊	fan'cha'biao	slang	2026-10-04	
检重秤	jian'zhong'cheng	term	2026-10-04	
中国智造	zhong'guo'zhi'zao	word	2026-10-04	
维尔茨	wei'er'ci	name	2026-10-04	
家居品牌	jia'ju'pin'pai	word	2026-10-04	
中国卖家	zhong'guo'mai'jia	word	2026-10-04	
固化机	gu'hua'ji	term	2026-10-04	
板框	ban'kuang	term	2026-10-04	
魂师	hun'shi	word	2026-10-04	
哪些方法	na'xie'fang'fa	word	2026-10-04	
迁移至	qian'yi'zhi	word	2026-10-04	
争顶	zheng'ding	word	2026-10-04	
二氯	er'lv	term	2026-10-04	
一经发现	yi'jing'fa'xian	word	2026-10-04	
橡套	xiang'tao	term	2026-10-04	
覃海洋	qin'hai'yang	name	2026-10-04	
腾势	teng'shi	name	2026-10-04	
陈雨菲	chen'yu'fei	name	2026-10-04	
京圈	jing'quan	slang	2026-10-04	
软著	ruan'zhu	word	2026-10-04	
写作工具	xie'zuo'gong'ju	word	2026-10-04	
面试资格	mian'shi'zi'ge	word	2026-10-04	
奢品	she'pin	word	2026-10-04	
极狐	ji'hu	name	2026-10-04	
垂类	chui'lei	word	2026-10-04	
脱附	tuo'fu	term	2026-10-04	
直埋	zhi'mai	term	2026-10-04	
实时检测	shi'shi'jian'ce	word	2026-10-04	
斩神	zhan'shen	word	2026-10-04	
氮吹仪	dan'chui'yi	term	2026-10-04	
恒洁	heng'jie	name	2026-10-04	
折叠箱	zhe'die'xiang	word	2026-10-04	
消解仪	xiao'jie'yi	term	2026-10-04	
屡创	lv'chuang	word	2026-10-04	
根脉	gen'mai	word	2026-10-04	
每一颗	mei'yi'ke	word	2026-10-04	
傻柱	sha'zhu	name	2026-10-04	
冬窗	dong'chuang	term	2026-10-04	
捡了	jian'le	word	2026-10-04	
冰丝	bing'si	word	2026-10-04	
宜忌	yi'ji	word	2026-10-04	
华帝	hua'di	name	2026-10-04	
吉瓦	ji'wa	term	2026-10-04	
治理水平	zhi'li'shui'ping	word	2026-10-04	
自动恢复	zi'dong'hui'fu	word	2026-10-04	
至臻	zhi'zhen	word	2026-10-04	
纯欲	chun'yu	slang	2026-10-04	
巷子里	xiang'zi'li	word	2026-10-04	
铜排	tong'pai	term	2026-10-04	
母粒	mu'li	term	2026-10-04	
研磨仪	yan'mo'yi	term	2026-10-04	
埃隆	ai'long	name	2026-10-04	
映象网	ying'xiang'wang	name	2026-10-04	
李佳琦	li'jia'qi	name	2026-10-04	
闷痘	men'dou	word	2026-10-04	
礼赠	li'zeng	word	2026-10-04	
舱体	cang'ti	term	2026-10-04	
槽位	cao'wei	term	2026-10-04	
澜湄	lan'mei	name	2026-10-04	
闪兑	shan'dui	term	2026-10-04	
竞租	jing'zu	term	2026-10-04	
萃取仪	cui'qu'yi	term	2026-10-04	
浮盈	fu'ying	term	2026-10-04	
监测仪器	jian'ce'yi'qi	word	2026-10-04	
压力监测	ya'li'jian'ce	word	2026-10-04	
已公布	yi'gong'bu	word	2026-10-04	
公示如下	gong'shi'ru'xia	word	2026-10-04	
抑尘	yi'chen	term	2026-10-04	
无异味	wu'yi'wei	word	2026-10-04	
托班	tuo'ban	word	2026-10-04	
监测结果	jian'ce'jie'guo	word	2026-10-04	
去试试	qu'shi'shi	word	2026-10-04	
许七安	xu'qi'an	name	2026-10-04	
婺女洲	wu'nv'zhou	name	2026-10-04	
绿氢	lv'qing	term	2026-10-04	
富途	fu'tu	name	2026-10-04	
六座	liu'zuo	word	2026-10-04	
刑辩	xing'bian	term	2026-10-04	
反映强烈	fan'ying'qiang'lie	word	2026-10-04	
扛牢	kang'lao	word	2026-10-04	
呼吸阀	hu'xi'fa	term	2026-10-04	
步入式	bu'ru'shi	word	2026-10-04	
纷纷推出	fen'fen'tui'chu	word	2026-10-04	
宣布推出	xuan'bu'tui'chu	word	2026-10-04	
运动粘度	yun'dong'nian'du	term	2026-10-04	
特别之处	te'bie'zhi'chu	word	2026-10-04	
坐起来	zuo'qi'lai	word	2026-10-04	
力士乐	li'shi'le	name	2026-10-04	
正式施行	zheng'shi'shi'xing	word	2026-10-04	
头部酒企	tou'bu'jiu'qi	word	2026-10-04	
易清洗	yi'qing'xi	word	2026-10-04	
巡察组	xun'cha'zu	word	2026-10-04	
卡罗来纳	ka'luo'lai'na	name	2026-10-04	
拉力计	la'li'ji	term	2026-10-04	
卡尔费休	ka'er'fei'xiu	term	2026-10-04	
三大板块	san'da'ban'kuai	word	2026-10-04	
床旁	chuang'pang	term	2026-10-04	
拥有成本	yong'you'cheng'ben	term	2026-10-04	
浓缩仪	nong'suo'yi	term	2026-10-04	
历史纪录	li'shi'ji'lu	word	2026-10-04	
试验仪器	shi'yan'yi'qi	word	2026-10-04	
陪唱	pei'chang	word	2026-10-04	
出厂时	chu'chang'shi	word	2026-10-04	
登记证书	deng'ji'zheng'shu	word	2026-10-04	
倒排	dao'pai	term	2026-10-04	
卡滞	ka'zhi	term	2026-10-04	
水泥基	shui'ni'ji	term	2026-10-04	
万镑	wan'bang	word	2026-10-04	
即时反馈	ji'shi'fan'kui	word	2026-10-04	
钜惠	ju'hui	word	2026-10-04	
悬液	xuan'ye	term	2026-10-04	
检测装置	jian'ce'zhuang'zhi	word	2026-10-04	
提前预订	ti'qian'yu'ding	word	2026-10-04	
仙君	xian'jun	word	2026-10-04	
木制家具	mu'zhi'jia'ju	word	2026-10-04	
蒸馏仪	zheng'liu'yi	term	2026-10-04	
技能树	ji'neng'shu	word	2026-10-04	
巡察整改	xun'cha'zheng'gai	word	2026-10-04	
油雾	you'wu	term	2026-10-04	
热熔挤出	re'rong'ji'chu	term	2026-10-04	
哪些准备	na'xie'zhun'bei	word	2026-10-04	
法治教育	fa'zhi'jiao'yu	word	2026-10-04	
悦己	yue'ji	word	2026-10-04	
银浆	yin'jiang	term	2026-10-04	
崭新篇章	zhan'xin'pian'zhang	word	2026-10-04	
万枚	wan'mei	word	2026-10-04	
安全形势	an'quan'xing'shi	word	2026-10-04	
网络强国	wang'luo'qiang'guo	word	2026-10-04	
膜厚仪	mo'hou'yi	term	2026-10-04	
适时调整	shi'shi'tiao'zheng	word	2026-10-04	
整栋	zheng'dong	word	2026-10-04	
询比采购	xun'bi'cai'gou	term	2026-10-04	
铝屑	lv'xie	term	2026-10-04	
请留意	qing'liu'yi	word	2026-10-04	
万千升	wan'qian'sheng	word	2026-10-04	
十斤	shi'jin	word	2026-10-04	
生肖马	sheng'xiao'ma	word	2026-10-04	
终焉	zhong'yan	word	2026-10-04	
保荐机构	bao'jian'ji'gou	word	2026-10-04	
胶质层	jiao'zhi'ceng	term	2026-10-04	
锅圈	guo'quan	name	2026-10-04	
长鑫科技	chang'xin'ke'ji	name	2026-10-04	
韦世豪	wei'shi'hao	name	2026-10-04	
行政检查	xing'zheng'jian'cha	term	2026-10-04	
供给能力	gong'ji'neng'li	word	2026-10-04	
楚阿梅尼	chu'a'mei'ni	name	2026-10-04	
艾默生	ai'mo'sheng	name	2026-10-04	
较浅	jiao'qian	word	2026-10-04	
实际执行	shi'ji'zhi'xing	word	2026-10-04	
秤台	cheng'tai	term	2026-10-04	
赫塔费	he'ta'fei	name	2026-10-04	
治未病	zhi'wei'bing	term	2026-10-04	
净零	jing'ling	term	2026-10-04	
护理院	hu'li'yuan	word	2026-10-04	
大皖新闻	da'wan'xin'wen	name	2026-10-04	
易氧化	yi'yang'hua	word	2026-10-04	
恋综	lian'zong	slang	2026-10-04	
排屑	pai'xie	term	2026-10-04	
油敏肌	you'min'ji	slang	2026-10-04	
多了一份	duo'le'yi'fen	word	2026-10-04	
字幕生成	zi'mu'sheng'cheng	word	2026-10-04	
定期监测	ding'qi'jian'ce	word	2026-10-04	
电气产品	dian'qi'chan'pin	word	2026-10-04	
监察工作	jian'cha'gong'zuo	word	2026-10-04	
绝缘护罩	jue'yuan'hu'zhao	term	2026-10-04	
金隅	jin'yu	name	2026-10-04	
林诗栋	lin'shi'dong	name	2026-10-04	
理学专业	li'xue'zhuan'ye	word	2026-10-04	
一定优势	yi'ding'you'shi	word	2026-10-04	
奋楫	fen'ji	word	2026-10-04	
铂铑	bo'lao	term	2026-10-04	
一级资质	yi'ji'zi'zhi	word	2026-10-04	
优质蛋白	you'zhi'dan'bai	word	2026-10-04	
家具设计	jia'ju'she'ji	word	2026-10-04	
抽芯	chou'xin	term	2026-10-04	
温氏	wen'shi	name	2026-10-04	
精校版	jing'jiao'ban	word	2026-10-04	
除醛	chu'quan	word	2026-10-04	
灵宠	ling'chong	word	2026-10-04	
底涂	di'tu	term	2026-10-04	
直到今天	zhi'dao'jin'tian	word	2026-10-04	
想喝	xiang'he	word	2026-10-04	
换刀	huan'dao	term	2026-10-04	
陶瓷管	tao'ci'guan	term	2026-10-04	
丁火	ding'huo	term	2026-10-04	
任何异常	ren'he'yi'chang	word	2026-10-04	
电气元件	dian'qi'yuan'jian	term	2026-10-04	
辛纳	xin'na	name	2026-10-04	
真实反映	zhen'shi'fan'ying	word	2026-10-04	
禾赛	he'sai	name	2026-10-04	
萌趣	meng'qu	word	2026-10-04	
吉马良斯	ji'ma'liang'si	name	2026-10-04	
支付通道	zhi'fu'tong'dao	word	2026-10-04	
检测范围	jian'ce'fan'wei	word	2026-10-04	
理清思路	li'qing'si'lu	word	2026-10-04	
时限内	shi'xian'nei	word	2026-10-04	
找老师	zhao'lao'shi	word	2026-10-04	
网易号	wang'yi'hao	name	2026-10-04	
魏牌	wei'pai	name	2026-10-04	
丙火	bing'huo	term	2026-10-04	
全国统考	quan'guo'tong'kao	word	2026-10-04	
制表师	zhi'biao'shi	word	2026-10-04	
芳纶	fang'lun	term	2026-10-04	
文体旅	wen'ti'lv	word	2026-10-04	
温度监测	wen'du'jian'ce	word	2026-10-04	
历年最低	li'nian'zui'di	word	2026-10-04	
安全边界	an'quan'bian'jie	word	2026-10-04	
使其更加	shi'qi'geng'jia	word	2026-10-04	
成绩达到	cheng'ji'da'dao	word	2026-10-04	
涂塑	tu'su	term	2026-10-04	
辉达	hui'da	name	2026-10-04	
预拌	yu'ban	term	2026-10-04	
干敏肌	gan'min'ji	slang	2026-10-04	
组串	zu'chuan	term	2026-10-04	
开窗机	kai'chuang'ji	term	2026-10-04	
休闲卤味	xiu'xian'lu'wei	word	2026-10-04	
需注明	xu'zhu'ming	word	2026-10-04	
切刀	qie'dao	word	2026-10-04	
替嫁	ti'jia	word	2026-10-04	
长期依赖	chang'qi'yi'lai	word	2026-10-04	
尸潮	shi'chao	word	2026-10-04	
色漆	se'qi	term	2026-10-04	
支架系统	zhi'jia'xi'tong	word	2026-10-04	
亿斤	yi'jin	word	2026-10-04	
泰禾	tai'he	name	2026-10-04	
玄戒	xuan'jie	name	2026-10-04	
张子宇	zhang'zi'yu	name	2026-10-04	
禅道	chan'dao	word	2026-10-04	
淡香	dan'xiang	word	2026-10-04	
甜妹	tian'mei	slang	2026-10-04	
好家风	hao'jia'feng	word	2026-10-04	
湿粮	shi'liang	word	2026-10-04	
滩区	tan'qu	term	2026-10-04	
纯粮	chun'liang	word	2026-10-04	
卢伟冰	lu'wei'bing	name	2026-10-04	
高压均质	gao'ya'jun'zhi	term	2026-10-04	
耐湿	nai'shi	term	2026-10-04	
母座	mu'zuo	term	2026-10-04	
防泄漏	fang'xie'lou	word	2026-10-04	
防爆电气	fang'bao'dian'qi	term	2026-10-04	
共挤	gong'ji	term	2026-10-04	
流言板	liu'yan'ban	name	2026-10-04	
登榜	deng'bang	word	2026-10-04	
苯丙	ben'bing	term	2026-10-04	
计分制	ji'fen'zhi	word	2026-10-04	
神宠	shen'chong	word	2026-10-04	
适用条件	shi'yong'tiao'jian	word	2026-10-04	
铝镁	lv'mei	term	2026-10-04	
唔唔	wu'wu	slang	2026-10-04	
库迪	ku'di	name	2026-10-04	
豫酒	yu'jiu	word	2026-10-04	
非标零件	fei'biao'ling'jian	term	2026-10-04	
老夫人	lao'fu'ren	word	2026-10-04	
窜货	cuan'huo	word	2026-10-04	
国泰海通	guo'tai'hai'tong	name	2026-10-04	
大家一致	da'jia'yi'zhi	word	2026-10-04	
拟派	ni'pai	word	2026-10-04	
避免食用	bi'mian'shi'yong	word	2026-10-04	
生物检测	sheng'wu'jian'ce	word	2026-10-04	
甲基丙烯	jia'ji'bing'xi	term	2026-10-04	
军总医院	jun'zong'yi'yuan	name	2026-10-04	
犬粮	quan'liang	word	2026-10-04	
货拉拉	huo'la'la	name	2026-10-04	
大师姐	da'shi'jie	word	2026-10-04	
炼胶	lian'jiao	term	2026-10-04	
臻选	zhen'xuan	word	2026-10-04	
甲木	jia'mu	term	2026-10-04	
刺梨	ci'li	word	2026-10-04	
高铬	gao'ge	term	2026-10-04	
原生代币	yuan'sheng'dai'bi	term	2026-10-04	
李承乾	li'cheng'qian	name	2026-10-04	
隐形收费	yin'xing'shou'fei	word	2026-10-04	
医妃	yi'fei	word	2026-10-04	
料槽	liao'cao	term	2026-10-04	
低氮	di'dan	term	2026-10-04	
环保检测	huan'bao'jian'ce	word	2026-10-04	
娇软	jiao'ruan	slang	2026-10-04	
锁舌	suo'she	term	2026-10-04	
简单地说	jian'dan'de'shuo	word	2026-10-04	
低粘度	di'nian'du	term	2026-10-04	
情感联结	qing'gan'lian'jie	word	2026-10-04	
磨憨	mo'han	name	2026-10-04	
几缕	ji'lv	word	2026-10-04	
别踩	bie'cai	word	2026-10-04	
巡察工作	xun'cha'gong'zuo	word	2026-10-04	
软件栈	ruan'jian'zhan	term	2026-10-04	
日起执行	ri'qi'zhi'xing	word	2026-10-04	
庚金	geng'jin	term	2026-10-04	
拟推荐	ni'tui'jian	word	2026-10-04	
无限极	wu'xian'ji	name	2026-10-04	
防盗门磁	fang'dao'men'ci	term	2026-10-04	
亿卢布	yi'lu'bu	word	2026-10-04	
任务之一	ren'wu'zhi'yi	word	2026-10-04	
返贫致贫	fan'pin'zhi'pin	word	2026-10-04	
使其具有	shi'qi'ju'you	word	2026-10-04	
试验报告	shi'yan'bao'gao	word	2026-10-04	
旭辉	xu'hui	name	2026-10-04	
朱某	zhu'mou	word	2026-10-04	
今日发布	jin'ri'fa'bu	word	2026-10-04	
菊酯	ju'zhi	term	2026-10-04	
赵乐际	zhao'le'ji	name	2026-10-04	
仙盟	xian'meng	word	2026-10-04	
情景模拟	qing'jing'mo'ni	word	2026-10-04	
槽液	cao'ye	term	2026-10-04	
生肖猴	sheng'xiao'hou	word	2026-10-04	
无醛	wu'quan	word	2026-10-04	
气体监测	qi'ti'jian'ce	word	2026-10-04	
硬核科技	ying'he'ke'ji	word	2026-10-04	
塔筒	ta'tong	term	2026-10-04	
支持信创	zhi'chi'xin'chuang	word	2026-10-04	
烟罩	yan'zhao	term	2026-10-04	
算电协同	suan'dian'xie'tong	term	2026-10-04	
卖爆	mai'bao	slang	2026-10-04	
亿元左右	yi'yuan'zuo'you	word	2026-10-04	
任务列表	ren'wu'lie'biao	word	2026-10-04	
双梁	shuang'liang	term	2026-10-04	
联网监测	lian'wang'jian'ce	word	2026-10-04	
臻品	zhen'pin	word	2026-10-04	
贾张氏	jia'zhang'shi	name	2026-10-04	
防寒布	fang'han'bu	word	2026-10-04	
员工之家	yuan'gong'zhi'jia	word	2026-10-04	
弹簧机	tan'huang'ji	term	2026-10-04	
排泥	pai'ni	term	2026-10-04	
每个任务	mei'ge'ren'wu	word	2026-10-04	
病理诊断	bing'li'zhen'duan	term	2026-10-04	
维蒂尼亚	wei'di'ni'ya	name	2026-10-04	
邪修	xie'xiu	word	2026-10-04	
核心模组	he'xin'mo'zu	word	2026-10-04	
仙王	xian'wang	word	2026-10-04	
灯不亮	deng'bu'liang	word	2026-10-04	
竞技模式	jing'ji'mo'shi	word	2026-10-04	
米莱	mi'lai	name	2026-10-04	
试验条件	shi'yan'tiao'jian	word	2026-10-04	
陕汽	shan'qi	name	2026-10-04	
终止后	zhong'zhi'hou	word	2026-10-04	
古茗	gu'ming	name	2026-10-04	
油浴	you'yu	term	2026-10-04	
绞合	jiao'he	term	2026-10-04	
旗县	qi'xian	word	2026-10-04	
瓜帅	gua'shuai	slang	2026-10-04	
越盾	yue'dun	word	2026-10-04	
少喝	shao'he	word	2026-10-04	
珍酒李渡	zhen'jiu'li'du	name	2026-10-04	
锁鲜	suo'xian	word	2026-10-04	
陇原	long'yuan	name	2026-10-04	
一茬	yi'cha	word	2026-10-04	
总氯	zong'lv	term	2026-10-04	
万株	wan'zhu	word	2026-10-04	
掏出来	tao'chu'lai	word	2026-10-04	
核心赛道	he'xin'sai'dao	word	2026-10-04	
百万字	bai'wan'zi	word	2026-10-04	
亿年前	yi'nian'qian	word	2026-10-04	
市科委	shi'ke'wei	word	2026-10-04	
研招网	yan'zhao'wang	name	2026-10-04	
质疑声	zhi'yi'sheng	word	2026-10-04	
一项调查	yi'xiang'diao'cha	word	2026-10-04	
机构执业	ji'gou'zhi'ye	word	2026-10-04	
兽潮	shou'chao	word	2026-10-04	
喜欢喝	xi'huan'he	word	2026-10-04	
报到时	bao'dao'shi	word	2026-10-04	
汇聚一堂	hui'ju'yi'tang	word	2026-10-04	
窖池	jiao'chi	term	2026-10-04	
辊压	gun'ya	term	2026-10-04	
腕表走时	wan'biao'zou'shi	word	2026-10-04	
别瞎	bie'xia	word	2026-10-04	
实施例中	shi'shi'li'zhong	term	2026-10-04	
浮充	fu'chong	term	2026-10-04	
直接接入	zhi'jie'jie'ru	word	2026-10-04	
由专人	you'zhuan'ren	word	2026-10-04	
像素级	xiang'su'ji	word	2026-10-04	
硬件工程	ying'jian'gong'cheng	word	2026-10-04	
耙齿	ba'chi	term	2026-10-04	
雷峰网	lei'feng'wang	name	2026-10-04	
乙木	yi'mu	term	2026-10-04	
四大板块	si'da'ban'kuai	word	2026-10-04	
张丹峰	zhang'dan'feng	name	2026-10-04	
只狼	zhi'lang	name	2026-10-04	
斯卡洛尼	si'ka'luo'ni	name	2026-10-04	
串起来	chuan'qi'lai	word	2026-10-04	
澳洲学历	ao'zhou'xue'li	word	2026-10-04	
玻璃钢管	bo'li'gang'guan	term	2026-10-04	
粘结强度	nian'jie'qiang'du	term	2026-10-04	
螺柱	luo'zhu	term	2026-10-04	
实操要点	shi'cao'yao'dian	word	2026-10-04	
掘金队	jue'jin'dui	name	2026-10-04	
衬氟	chen'fu	term	2026-10-04	
鳍片	qi'pian	term	2026-10-04	
准确地说	zhun'que'de'shuo	word	2026-10-04	
开奖记录	kai'jiang'ji'lu	word	2026-10-04	
代理池	dai'li'chi	term	2026-10-04	
洗沙	xi'sha	word	2026-10-04	
淡纹	dan'wen	word	2026-10-04	
竞技表现	jing'ji'biao'xian	word	2026-10-04	
像人类	xiang'ren'lei	word	2026-10-04	
喝起来	he'qi'lai	word	2026-10-04	
涉外法治	she'wai'fa'zhi	word	2026-10-04	
亚克力板	ya'ke'li'ban	term	2026-10-04	
人社民生	ren'she'min'sheng	word	2026-10-04	
亿像素	yi'xiang'su	word	2026-10-04	
亿枚	yi'mei	word	2026-10-04	
唐斯	tang'si	name	2026-10-04	
固碳	gu'tan	term	2026-10-04	
校霸	xiao'ba	slang	2026-10-04	
稳居行业	wen'ju'hang'ye	word	2026-10-04	
长期运维	chang'qi'yun'wei	word	2026-10-04	
温漂	wen'piao	term	2026-10-04	
湿气重	shi'qi'zhong	word	2026-10-04	
精准监测	jing'zhun'jian'ce	word	2026-10-04	
追账公司	zhui'zhang'gong'si	word	2026-10-04	
椰岛	ye'dao	name	2026-10-04	
注意查看	zhu'yi'cha'kan	word	2026-10-04	
洗烘	xi'hong	word	2026-10-04	
监测报告	jian'ce'bao'gao	word	2026-10-04	
终稿	zhong'gao	word	2026-10-04	
重置版	chong'zhi'ban	word	2026-10-04	
魂石	hun'shi	word	2026-10-04	
孔帕尼	kong'pa'ni	name	2026-10-04	
核相仪	he'xiang'yi	term	2026-10-04	
仙宗	xian'zong	word	2026-10-04	
创新策源	chuang'xin'ce'yuan	word	2026-10-04	
拨开迷雾	bo'kai'mi'wu	word	2026-10-04	
捅了	tong'le	word	2026-10-04	
极智嘉	ji'zhi'jia	name	2026-10-04	
链上资产	lian'shang'zi'chan	term	2026-10-04	
亿平方米	yi'ping'fang'mi	word	2026-10-04	
嫡姐	di'jie	word	2026-10-04	
安全监察	an'quan'jian'cha	word	2026-10-04	
多重验证	duo'zhong'yan'zheng	word	2026-10-04	
科瓦契奇	ke'wa'qi'qi	name	2026-10-04	
聚脲	ju'niao	term	2026-10-04	
茶籽	cha'zi	word	2026-10-04	
中国国籍	zhong'guo'guo'ji	word	2026-10-04	
做出回应	zuo'chu'hui'ying	word	2026-10-04	
吴江区	wu'jiang'qu	name	2026-10-04	
帝释	di'shi	name	2026-10-04	
技术交底	ji'shu'jiao'di	term	2026-10-04	
纳滤	na'lv	term	2026-10-04	
叠墅	die'shu	term	2026-10-04	
正负值	zheng'fu'zhi	word	2026-10-04	
甜妻	tian'qi	word	2026-10-04	
中国澳门	zhong'guo'ao'men	name	2026-10-04	
清账公司	qing'zhang'gong'si	word	2026-10-04	
路沿石	lu'yan'shi	term	2026-10-04	
防治技术	fang'zhi'ji'shu	word	2026-10-04	
主流公链	zhu'liu'gong'lian	term	2026-10-04	
双方一致	shuang'fang'yi'zhi	word	2026-10-04	
服务边界	fu'wu'bian'jie	word	2026-10-04	
消防水压	xiao'fang'shui'ya	term	2026-10-04	
防控能力	fang'kong'neng'li	word	2026-10-04	
亿元融资	yi'yuan'rong'zi	word	2026-10-04	
作出反应	zuo'chu'fan'ying	word	2026-10-04	
切勿泄露	qie'wu'xie'lou	word	2026-10-04	
合击版	he'ji'ban	term	2026-10-04	
实施策略	shi'shi'ce'lve	word	2026-10-04	
异构烷烃	yi'gou'wan'ting	term	2026-10-04	
碳氮	tan'dan	term	2026-10-04	
立项指南	li'xiang'zhi'nan	word	2026-10-04	
缓缴	huan'jiao	word	2026-10-04	
世界文明	shi'jie'wen'ming	word	2026-10-04	
净化板	jing'hua'ban	term	2026-10-04	
云鲸	yun'jing	name	2026-10-04	
刀闸	dao'zha	term	2026-10-04	
同等学历	tong'deng'xue'li	word	2026-10-04	
截齿	jie'chi	term	2026-10-04	
股票代币	gu'piao'dai'bi	term	2026-10-04	
古蜀	gu'shu	name	2026-10-04	
天狮	tian'shi	name	2026-10-04	
战术靴	zhan'shu'xue	word	2026-10-04	
畅听	chang'ting	word	2026-10-04	
董宇辉	dong'yu'hui	name	2026-10-04	
钛材	tai'cai	term	2026-10-04	
兼顾安全	jian'gu'an'quan	word	2026-10-04	
乔什	qiao'shi	name	2026-10-04	
客户复购	ke'hu'fu'gou	word	2026-10-04	
稍低	shao'di	word	2026-10-04	
图书管理	tu'shu'guan'li	word	2026-10-04	
掩膜	yan'mo	term	2026-10-04	
磨辊	mo'gun	term	2026-10-04	
魔晶	mo'jing	word	2026-10-04	
仪式活动	yi'shi'huo'dong	word	2026-10-04	
大塚	da'zhong	name	2026-10-04	
极兔	ji'tu	name	2026-10-04	
近零碳	jin'ling'tan	term	2026-10-04	
尹锡悦	yin'xi'yue	name	2026-10-04	
浓度检测	nong'du'jian'ce	word	2026-10-04	
谁赢	shui'ying	word	2026-10-04	
通识课	tong'shi'ke	word	2026-10-04	
学西点	xue'xi'dian	word	2026-10-04	
断缴	duan'jiao	word	2026-10-04	
真力时	zhen'li'shi	name	2026-10-04	
蚝式	hao'shi	name	2026-10-04	
优于传统	you'yu'chuan'tong	word	2026-10-04	
克而瑞	ke'er'rui	name	2026-10-04	
坪山区	ping'shan'qu	name	2026-10-04	
家具建材	jia'ju'jian'cai	word	2026-10-04	
每百万	mei'bai'wan	word	2026-10-04	
皂液	zao'ye	word	2026-10-04	
高天棚灯	gao'tian'peng'deng	term	2026-10-04	
焕活	huan'huo	word	2026-10-04	
现场勘察	xian'chang'kan'cha	word	2026-10-04	
赴华	fu'hua	word	2026-10-04	
防止污染	fang'zhi'wu'ran	word	2026-10-04	
静茹	jing'ru	name	2026-10-04	
二苯	er'ben	term	2026-10-04	
变成一场	bian'cheng'yi'chang	word	2026-10-04	
壬水	ren'shui	term	2026-10-04	
校准仪	jiao'zhun'yi	term	2026-10-04	
耐污	nai'wu	word	2026-10-04	
赴泰	fu'tai	word	2026-10-04	
余吨	yu'dun	word	2026-10-04	
婴灵	ying'ling	word	2026-10-04	
石材展	shi'cai'zhan	word	2026-10-04	
该职位	gai'zhi'wei	word	2026-10-04	
非京籍	fei'jing'ji	word	2026-10-04	
哪个位置	na'ge'wei'zhi	word	2026-10-04	
拟上市	ni'shang'shi	word	2026-10-04	
检查计划	jian'cha'ji'hua	word	2026-10-04	
海安市	hai'an'shi	name	2026-10-04	
化煞	hua'sha	term	2026-10-04	
家具产业	jia'ju'chan'ye	word	2026-10-04	
拟募资	ni'mu'zi	word	2026-10-04	
每斤	mei'jin	word	2026-10-04	
漆雾	qi'wu	term	2026-10-04	
终结点	zhong'jie'dian	term	2026-10-04	
视觉测试	shi'jue'ce'shi	word	2026-10-04	
魂兽	hun'shou	word	2026-10-04	
信息滞后	xin'xi'zhi'hou	word	2026-10-04	
耐咬	nai'yao	word	2026-10-04	
肌底	ji'di	word	2026-10-04	
事故案例	shi'gu'an'li	word	2026-10-04	
压力山大	ya'li'shan'da	slang	2026-10-04	
巴坎布	ba'kan'bu	name	2026-10-04	
悬浮式	xuan'fu'shi	word	2026-10-04	
拟发行	ni'fa'xing	word	2026-10-04	
一起喝	yi'qi'he	word	2026-10-04	
宴席市场	yan'xi'shi'chang	word	2026-10-04	
戈贝尔	ge'bei'er	name	2026-10-04	
文旅行业	wen'lv'xing'ye	word	2026-10-04	
监测工具	jian'ce'gong'ju	word	2026-10-04	
软装展	ruan'zhuang'zhan	word	2026-10-04	
二嫁	er'jia	word	2026-10-04	
关于同意	guan'yu'tong'yi	word	2026-10-04	
接收来自	jie'shou'lai'zi	word	2026-10-04	
灰斗	hui'dou	term	2026-10-04	
蚀骨	shi'gu	word	2026-10-04	
镇魔	zhen'mo	word	2026-10-04	
麦香	mai'xiang	word	2026-10-04	
嗨翻	hai'fan	slang	2026-10-04	
宋韵	song'yun	word	2026-10-04	
成功登录	cheng'gong'deng'lu	word	2026-10-04	
渣夫	zha'fu	slang	2026-10-04	
警示标识	jing'shi'biao'shi	word	2026-10-04	
劳动实践	lao'dong'shi'jian	word	2026-10-04	
占据一定	zhan'ju'yi'ding	word	2026-10-04	
带宽需求	dai'kuan'xu'qiu	word	2026-10-04	
灌胶	guan'jiao	term	2026-10-04	
咔哒	ka'da	word	2026-10-04	
哪个角落	na'ge'jiao'luo	word	2026-10-04	
康复师	kang'fu'shi	word	2026-10-04	
忌神	ji'shen	term	2026-10-04	
筛箱	shai'xiang	term	2026-10-04	
锤破	chui'po	term	2026-10-04	
扒一扒	ba'yi'ba	slang	2026-10-04	
值守中心	zhi'shou'zhong'xin	word	2026-10-04	
干蒸	gan'zheng	word	2026-10-04	
深知自己	shen'zhi'zi'ji	word	2026-10-04	
硅碳	gui'tan	term	2026-10-04	
滇中	dian'zhong	name	2026-10-04	
致欢迎辞	zhi'huan'ying'ci	word	2026-10-04	
失重秤	shi'zhong'cheng	term	2026-10-04	
客户粘性	ke'hu'nian'xing	word	2026-10-04	
慢炖	man'dun	word	2026-10-04	
植萃	zhi'cui	word	2026-10-04	
测力仪	ce'li'yi	term	2026-10-04	
砖缝	zhuan'feng	word	2026-10-04	
老破小	lao'po'xiao	slang	2026-10-04	
近两个月	jin'liang'ge'yue	word	2026-10-04	
去渍	qu'zi	word	2026-10-04	
姆本巴	mu'ben'ba	name	2026-10-04	
戈多伊	ge'duo'yi	name	2026-10-04	
王钰栋	wang'yu'dong	name	2026-10-04	
相关主体	xiang'guan'zhu'ti	word	2026-10-04	
达米安	da'mi'an	name	2026-10-04	
铠侠	kai'xia	name	2026-10-04	
建盏	jian'zhan	word	2026-10-04	
抗风揭	kang'feng'jie	term	2026-10-04	
深植于	shen'zhi'yu	word	2026-10-04	
试玩广告	shi'wan'guang'gao	word	2026-10-04	
钯金	pa'jin	word	2026-10-04	
铝拉网	lv'la'wang	term	2026-10-04	
魂骨	hun'gu	word	2026-10-04	
乌度卡	wu'du'ka	name	2026-10-04	
实习实践	shi'xi'shi'jian	word	2026-10-04	
底噪	di'zao	word	2026-10-04	
财旺	cai'wang	word	2026-10-04	
云专网	yun'zhuan'wang	term	2026-10-04	
提案工作	ti'an'gong'zuo	word	2026-10-04	
新型消费	xin'xing'xiao'fei	word	2026-10-04	
洗靴机	xi'xue'ji	term	2026-10-04	
追漫	zhui'man	slang	2026-10-04	
剪映视频	jian'ying'shi'pin	word	2026-10-04	
动作射击	dong'zuo'she'ji	word	2026-10-04	
反应仪	fan'ying'yi	term	2026-10-04	
各部委	ge'bu'wei	word	2026-10-04	
含氮	han'dan	term	2026-10-04	
油溶	you'rong	term	2026-10-04	
登记制度	deng'ji'zhi'du	word	2026-10-04	
薄涂	bao'tu	word	2026-10-04	
淘气堡	tao'qi'bao	word	2026-10-04	
清洁低碳	qing'jie'di'tan	word	2026-10-04	
糯糯	nuo'nuo	word	2026-10-04	
低磷	di'lin	term	2026-10-04	
侨批	qiao'pi	term	2026-10-04	
共叙	gong'xu	word	2026-10-04	
协鑫	xie'xin	name	2026-10-04	
工作靴	gong'zuo'xue	word	2026-10-04	
白炭黑	bai'tan'hei	term	2026-10-04	
私钥泄露	si'yao'xie'lou	word	2026-10-04	
第七步	di'qi'bu	word	2026-10-04	
试验验证	shi'yan'yan'zheng	word	2026-10-04	
赴英	fu'ying	word	2026-10-04	
阻焊	zu'han	term	2026-10-04	
专八口语	zhuan'ba'kou'yu	word	2026-10-04	
作出处理	zuo'chu'chu'li	word	2026-10-04	
充氮	chong'dan	term	2026-10-04	
公会成员	gong'hui'cheng'yuan	word	2026-10-04	
提醒词	ti'xing'ci	word	2026-10-04	
数据出境	shu'ju'chu'jing	term	2026-10-04	
深圳罗湖	shen'zhen'luo'hu	name	2026-10-04	
溢出来	yi'chu'lai	word	2026-10-04	
示范学校	shi'fan'xue'xiao	word	2026-10-04	
福耀	fu'yao	name	2026-10-04	
衬胶	chen'jiao	term	2026-10-04	
订阅链接	ding'yue'lian'jie	word	2026-10-04	
霍勒迪	huo'le'di	name	2026-10-04	
鞋靴	xie'xue	word	2026-10-04	
顶豪	ding'hao	slang	2026-10-04	
乘梯	cheng'ti	word	2026-10-04	
杯子里	bei'zi'li	word	2026-10-04	
碳晶板	tan'jing'ban	term	2026-10-04	
科士达	ke'shi'da	name	2026-10-04	
九叔	jiu'shu	name	2026-10-04	
守牢安全	shou'lao'an'quan	word	2026-10-04	
土壤检测	tu'rang'jian'ce	word	2026-10-04	
塘厦	tang'xia	name	2026-10-04	
泄漏风险	xie'lou'feng'xian	word	2026-10-04	
石纹	shi'wen	word	2026-10-04	
纯铝	chun'lv	term	2026-10-04	
调蓄	tiao'xu	term	2026-10-04	
透氧	tou'yang	term	2026-10-04	
链主企业	lian'zhu'qi'ye	term	2026-10-04	
假少爷	jia'shao'ye	word	2026-10-04	
卢拉	lu'la	name	2026-10-04	
双腔	shuang'qiang	term	2026-10-04	
增程式	zeng'cheng'shi	term	2026-10-04	
寸止	cun'zhi	slang	2026-10-04	
市监局	shi'jian'ju	word	2026-10-04	
离市中心	li'shi'zhong'xin	word	2026-10-04	
胶质细胞	jiao'zhi'xi'bao	term	2026-10-04	
车间灯	che'jian'deng	term	2026-10-04	
六轴	liu'zhou	term	2026-10-04	
分度号	fen'du'hao	term	2026-10-04	
升一级	sheng'yi'ji	word	2026-10-04	
培训学员	pei'xun'xue'yuan	word	2026-10-04	
夹爪	jia'zhao	term	2026-10-04	
护脊	hu'ji	word	2026-10-04	
诱虫	you'chong	term	2026-10-04	
中国法治	zhong'guo'fa'zhi	word	2026-10-04	
免费返修	mian'fei'fan'xiu	word	2026-10-04	
焕亮	huan'liang	word	2026-10-04	
王哲林	wang'zhe'lin	name	2026-10-04	
哪些东西	na'xie'dong'xi	word	2026-10-04	
国乒男单	guo'ping'nan'dan	word	2026-10-04	
贱狗	jian'gou	slang	2026-10-04	
一坨	yi'tuo	word	2026-10-04	
严格检测	yan'ge'jian'ce	word	2026-10-04	
先进适用	xian'jin'shi'yong	word	2026-10-04	
无需切换	wu'xu'qie'huan	word	2026-10-04	
服务时长	fu'wu'shi'chang	word	2026-10-04	
法治工作	fa'zhi'gong'zuo	word	2026-10-04	
男同事	nan'tong'shi	word	2026-10-04	
西门康	xi'men'kang	name	2026-10-04	
冷阱	leng'jing	term	2026-10-04	
检察工作	jian'cha'gong'zuo	word	2026-10-04	
赴俄	fu'e	word	2026-10-04	
合规审核	he'gui'shen'he	word	2026-10-04	
宗申	zong'shen	name	2026-10-04	
狂赚	kuang'zhuan	word	2026-10-04	
亿大关	yi'da'guan	word	2026-10-04	
共铸	gong'zhu	word	2026-10-04	
刷涂	shua'tu	term	2026-10-04	
故障响应	gu'zhang'xiang'ying	word	2026-10-04	
死遁	si'dun	slang	2026-10-04	
沿黄	yan'huang	word	2026-10-04	
洁净棚	jie'jing'peng	term	2026-10-04	
插齿刀	cha'chi'dao	term	2026-10-04	
螺纹杆	luo'wen'gan	term	2026-10-04	
镗刀	tang'dao	term	2026-10-04	
凉拖	liang'tuo	word	2026-10-04	
刀杆	dao'gan	term	2026-10-04	
墨韵	mo'yun	word	2026-10-04	
已逾	yi'yu	word	2026-10-04	
截污	jie'wu	term	2026-10-04	
烟花爆仗	yan'hua'bao'zhang	word	2026-10-04	
砂芯	sha'xin	term	2026-10-04	
窗膜	chuang'mo	word	2026-10-04	
缴纳税款	jiao'na'shui'kuan	word	2026-10-04	
老实讲	lao'shi'jiang	word	2026-10-04	
字幕擦除	zi'mu'ca'chu	word	2026-10-04	
继妹	ji'mei	word	2026-10-04	
维金斯	wei'jin'si	name	2026-10-04	
公共端点	gong'gong'duan'dian	term	2026-10-04	
周冠宇	zhou'guan'yu	name	2026-10-04	
通风橱	tong'feng'chu	term	2026-10-04	
一道门槛	yi'dao'men'jian	word	2026-10-04	
两瓣	liang'ban	word	2026-10-04	
厚街	hou'jie	name	2026-10-04	
土耳其队	tu'er'qi'dui	word	2026-10-04	
墙绘	qiang'hui	word	2026-10-04	
焊渣	han'zha	term	2026-10-04	
王欣瑜	wang'xin'yu	name	2026-10-04	
精魄	jing'po	word	2026-10-04	
罗莱	luo'lai	name	2026-10-04	
回退到	hui'tui'dao	word	2026-10-04	
方便实用	fang'bian'shi'yong	word	2026-10-04	
第八季	di'ba'ji	word	2026-10-04	
翻堆机	fan'dui'ji	term	2026-10-04	
胶棒	jiao'bang	word	2026-10-04	
威龙股份	wei'long'gu'fen	name	2026-10-04	
宫宴	gong'yan	word	2026-10-04	
李子柒	li'zi'qi	name	2026-10-04	
淡旺季	dan'wang'ji	word	2026-10-04	
肉漫	rou'man	slang	2026-10-04	
试机号	shi'ji'hao	term	2026-10-04	
试点县	shi'dian'xian	word	2026-10-04	
区税务局	qu'shui'wu'ju	word	2026-10-04	
巴渝	ba'yu	name	2026-10-04	
德力西	de'li'xi	name	2026-10-04	
衬塑	chen'su	term	2026-10-04	
镀钛	du'tai	term	2026-10-04	
高频板	gao'pin'ban	term	2026-10-04	
肽类	tai'lei	term	2026-10-04	
一摞	yi'luo	word	2026-10-04	
厂价直销	chang'jia'zhi'xiao	word	2026-10-04	
吃啥	chi'sha	word	2026-10-04	
实干笃行	shi'gan'du'xing	word	2026-10-04	
犬猫	quan'mao	word	2026-10-04	
高端家居	gao'duan'jia'ju	word	2026-10-04	
吊钳	diao'qian	term	2026-10-04	
战姬	zhan'ji	word	2026-10-04	
作出调整	zuo'chu'tiao'zheng	word	2026-10-04	
湿帘	shi'lian	term	2026-10-04	
锯切	ju'qie	term	2026-10-04	
高粘性	gao'nian'xing	word	2026-10-04	
怂了	song'le	slang	2026-10-04	
成立伊始	cheng'li'yi'shi	word	2026-10-04	
抗振动	kang'zhen'dong	term	2026-10-04	
本实施例	ben'shi'shi'li	word	2026-10-04	
纯钛	chun'tai	term	2026-10-04	
隧道炉	sui'dao'lu	term	2026-10-04	
哪个阶段	na'ge'jie'duan	word	2026-10-04	
基座模型	ji'zuo'mo'xing	term	2026-10-04	
彬州	bin'zhou	name	2026-10-04	
每一辆	mei'yi'liang	word	2026-10-04	
法律实务	fa'lv'shi'wu	term	2026-10-04	
耐折	nai'zhe	word	2026-10-04	
小微型	xiao'wei'xing	word	2026-10-04	
归化申请	gui'hua'shen'qing	term	2026-10-04	
彩涂	cai'tu	term	2026-10-04	
七鲜	qi'xian	name	2026-10-04	
上千名	shang'qian'ming	word	2026-10-04	
左滑	zuo'hua	word	2026-10-04	
棚拍	peng'pai	word	2026-10-04	
汕德卡	shan'de'ka	name	2026-10-04	
漆层	qi'ceng	term	2026-10-04	
火车司机	huo'che'si'ji	word	2026-10-04	
贾冰	jia'bing	name	2026-10-04	
人机共生	ren'ji'gong'sheng	word	2026-10-04	
亿亩	yi'mu	word	2026-10-04	
企稳回升	qi'wen'hui'sheng	word	2026-10-04	
千元级	qian'yuan'ji	word	2026-10-04	
工业固废	gong'ye'gu'fei	term	2026-10-04	
检测指标	jian'ce'zhi'biao	term	2026-10-04	
秋拍	qiu'pai	term	2026-10-04	
象屿	xiang'yu	name	2026-10-04	
镭雕	lei'diao	term	2026-10-04	
闽宁	min'ning	name	2026-10-04	
一起跑	yi'qi'pao	word	2026-10-04	
低硫	di'liu	term	2026-10-04	
激励作用	ji'li'zuo'yong	word	2026-10-04	
鼠兔	shu'tu	word	2026-10-04	
事发时	shi'fa'shi	word	2026-10-04	
李叔	li'shu	word	2026-10-04	
深度链接	shen'du'lian'jie	term	2026-10-04	
石榴籽	shi'liu'zi	word	2026-10-04	
任务类型	ren'wu'lei'xing	word	2026-10-04	
实机截图	shi'ji'jie'tu	word	2026-10-04	
报文段	bao'wen'duan	term	2026-10-04	
进样针	jin'yang'zhen	term	2026-10-04	
余辆	yu'liang	word	2026-10-04	
吏部尚书	li'bu'shang'shu	word	2026-10-04	
喷漆室	pen'qi'shi	term	2026-10-04	
氧舱	yang'cang	term	2026-10-04	
深汕	shen'shan	name	2026-10-04	
溢价能力	yi'jia'neng'li	term	2026-10-04	
目前已知	mu'qian'yi'zhi	word	2026-10-04	
补焊	bu'han	term	2026-10-04	
玻镁	bo'mei	term	2026-10-04	
翻一番	fan'yi'fan	word	2026-10-04	
腺组织	xian'zu'zhi	term	2026-10-04	
至室温	zhi'shi'wen	word	2026-10-04	
通信距离	tong'xin'ju'li	term	2026-10-04	
鲁比奥	lu'bi'ao	name	2026-10-04	
九黎	jiu'li	name	2026-10-04	
渝快办	yu'kuai'ban	name	2026-10-04	
电器行业	dian'qi'hang'ye	word	2026-10-04	
老股东	lao'gu'dong	word	2026-10-04	
震荡市	zhen'dang'shi	word	2026-10-04	
后备厢	hou'bei'xiang	word	2026-10-04	
新吴区	xin'wu'qu	name	2026-10-04	
瓜友	gua'you	slang	2026-10-04	
芽胞杆菌	ya'bao'gan'jun	term	2026-10-04	
亿澳元	yi'ao'yuan	word	2026-10-04	
已结题	yi'jie'ti	word	2026-10-04	
锂盐	li'yan	term	2026-10-04	
镶件	xiang'jian	term	2026-10-04	
下颌线	xia'he'xian	word	2026-10-04	
推台锯	tui'tai'ju	term	2026-10-04	
精华水	jing'hua'shui	word	2026-10-04	
进而使	jin'er'shi	word	2026-10-04	
钢头靴	gang'tou'xue	word	2026-10-04	
吴宜泽	wu'yi'ze	name	2026-10-04	
按摩仪	an'mo'yi	word	2026-10-04	
甲基苯	jia'ji'ben	term	2026-10-04	
线刷包	xian'shua'bao	term	2026-10-04	
范丞丞	fan'cheng'cheng	name	2026-10-04	
蒯曼	kuai'man	name	2026-10-04	
辊道	gun'dao	term	2026-10-04	
亚麻籽油	ya'ma'zi'you	word	2026-10-04	
办理登记	ban'li'deng'ji	word	2026-10-04	
炸串	zha'chuan	word	2026-10-04	
达尔西利	da'er'xi'li	term	2026-10-04	
配音师	pei'yin'shi	word	2026-10-04	
防滑袜	fang'hua'wa	word	2026-10-04	
吻住	wen'zhu	word	2026-10-04	
干痒	gan'yang	word	2026-10-04	
开标室	kai'biao'shi	term	2026-10-04	
抗摔	kang'shuai	word	2026-10-04	
放在哪里	fang'zai'na'li	word	2026-10-04	
煮至	zhu'zhi	word	2026-10-04	
绿电直连	lv'dian'zhi'lian	term	2026-10-04	
铌酸锂	ni'suan'li	term	2026-10-04	
陪伴式	pei'ban'shi	word	2026-10-04	
韩泰	han'tai	name	2026-10-04	
高星级	gao'xing'ji	word	2026-10-04	
守不住	shou'bu'zhu	word	2026-10-04	
政银企	zheng'yin'qi	term	2026-10-04	
数实融合	shu'shi'rong'he	term	2026-10-04	
先导式	xian'dao'shi	term	2026-10-04	
工作实绩	gong'zuo'shi'ji	word	2026-10-04	
引伸计	yin'shen'ji	term	2026-10-04	
掌控者	zhang'kong'zhe	word	2026-10-04	
控温仪	kong'wen'yi	term	2026-10-04	
樊登	fan'deng	name	2026-10-04	
焕肤	huan'fu	word	2026-10-04	
由两部分	you'liang'bu'fen	word	2026-10-04	
编织而成	bian'zhi'er'cheng	word	2026-10-04	
东风奕派	dong'feng'yi'pai	name	2026-10-04	
工业网关	gong'ye'wang'guan	term	2026-10-04	
潮酷	chao'ku	slang	2026-10-04	
留抵退税	liu'di'tui'shui	term	2026-10-04	
米级精度	mi'ji'jing'du	term	2026-10-04	
辛芷蕾	xin'zhi'lei	name	2026-10-04	
重新定价	chong'xin'ding'jia	word	2026-10-04	
鞋尖	xie'jian	word	2026-10-04	
县税务局	xian'shui'wu'ju	word	2026-10-04	
新院区	xin'yuan'qu	word	2026-10-04	
格雷戈里	ge'lei'ge'li	name	2026-10-04	
涉诈	she'zha	term	2026-10-04	
笃行实干	du'xing'shi'gan	word	2026-10-04	
达梦数据	da'meng'shu'ju	name	2026-10-04	
锈湖	xiu'hu	name	2026-10-04	
住民税	zhu'min'shui	term	2026-10-04	
剪视频	jian'shi'pin	word	2026-10-04	
吃虾	chi'xia	word	2026-10-04	
微度假	wei'du'jia	word	2026-10-04	
数智科技	shu'zhi'ke'ji	word	2026-10-04	
洗车店	xi'che'dian	word	2026-10-04	
王劲松	wang'jin'song	name	2026-10-04	
重启服务	chong'qi'fu'wu	word	2026-10-04	
岩矿	yan'kuang	term	2026-10-04	
懂不懂	dong'bu'dong	word	2026-10-04	
拆包机	chai'bao'ji	term	2026-10-04	
救回来	jiu'hui'lai	word	2026-10-04	
测报灯	ce'bao'deng	term	2026-10-04	
熔体泵	rong'ti'beng	term	2026-10-04	
用湿布	yong'shi'bu	word	2026-10-04	
肺组织	fei'zu'zhi	term	2026-10-04	
芳疗	fang'liao	word	2026-10-04	
轮胎式	lun'tai'shi	term	2026-10-04	
辐射检测	fu'she'jian'ce	term	2026-10-04	
飞桨	fei'jiang	name	2026-10-04	
首发经济	shou'fa'jing'ji	term	2026-10-04	
高压电气	gao'ya'dian'qi	term	2026-10-04	
中端市场	zhong'duan'shi'chang	word	2026-10-04	
区位劣势	qu'wei'lie'shi	word	2026-10-04	
吊耳	diao'er	term	2026-10-04	
已生效	yi'sheng'xiao	word	2026-10-04	
洗髓	xi'sui	word	2026-10-04	
燃烧试验	ran'shao'shi'yan	term	2026-10-04	
网商银行	wang'shang'yin'hang	name	2026-10-04	
密封袋	mi'feng'dai	word	2026-10-04	
想娶	xiang'qu	word	2026-10-04	
焊烟	han'yan	term	2026-10-04	
相关事务	xiang'guan'shi'wu	word	2026-10-04	
降水井	jiang'shui'jing	term	2026-10-04	
免申即享	mian'shen'ji'xiang	word	2026-10-04	
养崽	yang'zai	slang	2026-10-04	
张紧器	zhang'jin'qi	term	2026-10-04	
社会认知	she'hui'ren'zhi	term	2026-10-04	
叫出来	jiao'chu'lai	word	2026-10-04	
声骸	sheng'hai	slang	2026-10-04	
百果园	bai'guo'yuan	name	2026-10-04	
钻攻	zuan'gong	term	2026-10-04	
带崽	dai'zai	slang	2026-10-04	
绝不允许	jue'bu'yun'xu	word	2026-10-04	
蓄热式	xu're'shi	term	2026-10-04	
钾长石	jia'chang'shi	term	2026-10-04	
兜牢	dou'lao	word	2026-10-04	
公会战	gong'hui'zhan	term	2026-10-04	
冰饮	bing'yin	word	2026-10-04	
四探针	si'tan'zhen	term	2026-10-04	
浅粉	qian'fen	word	2026-10-04	
监察机构	jian'cha'ji'gou	word	2026-10-04	
眼睫	yan'jie	word	2026-10-04	
食用方法	shi'yong'fang'fa	word	2026-10-04	
忘川	wang'chuan	name	2026-10-04	
扶养人	fu'yang'ren	term	2026-10-04	
抽绳	chou'sheng	word	2026-10-04	
生鲜商超	sheng'xian'shang'chao	word	2026-10-04	
蓉城队	rong'cheng'dui	name	2026-10-04	
中国神话	zhong'guo'shen'hua	word	2026-10-04	
像不像	xiang'bu'xiang	word	2026-10-04	
抽滤	chou'lv	term	2026-10-04	
救砖	jiu'zhuan	slang	2026-10-04	
缆芯	lan'xin	term	2026-10-04	
载货车	zai'huo'che	word	2026-10-04	
逆行者	ni'xing'zhe	word	2026-10-04	
隐形成本	yin'xing'cheng'ben	word	2026-10-04	
人气旺	ren'qi'wang	word	2026-10-04	
制冷制热	zhi'leng'zhi're	word	2026-10-04	
成品家具	cheng'pin'jia'ju	word	2026-10-04	
授权发布	shou'quan'fa'bu	word	2026-10-04	
网络法治	wang'luo'fa'zhi	word	2026-10-04	
驻店	zhu'dian	word	2026-10-04	
鼠笼	shu'long	term	2026-10-04	
挂脖	gua'bo	word	2026-10-04	
振动马达	zhen'dong'ma'da	term	2026-10-04	
税务咨询	shui'wu'zi'xun	word	2026-10-04	
铍铜	pi'tong	term	2026-10-04	
镜像仓库	jing'xiang'cang'ku	term	2026-10-04	
樊建川	fan'jian'chuan	name	2026-10-04	
罗茨泵	luo'ci'beng	term	2026-10-04	
首枚	shou'mei	word	2026-10-04	
恒流泵	heng'liu'beng	term	2026-10-04	
数字基建	shu'zi'ji'jian	word	2026-10-04	
氮含量	dan'han'liang	term	2026-10-04	
腿筋	tui'jin	word	2026-10-04	
两棵	liang'ke	word	2026-10-04	
关节模组	guan'jie'mo'zu	term	2026-10-04	
几朵	ji'duo	word	2026-10-04	
氟硅	fu'gui	term	2026-10-04	
盈透	ying'tou	name	2026-10-04	
真空室	zhen'kong'shi	term	2026-10-04	
货叉	huo'cha	term	2026-10-04	
赣鄱	gan'po	name	2026-10-04	
长期食用	chang'qi'shi'yong	word	2026-10-04	
挽损	wan'sun	word	2026-10-04	
空中云汇	kong'zhong'yun'hui	name	2026-10-04	
线性范围	xian'xing'fan'wei	term	2026-10-04	
防烫	fang'tang	word	2026-10-04	
制冷循环	zhi'leng'xun'huan	term	2026-10-04	
日启幕	ri'qi'mu	name	2026-10-04	
沙坦	sha'tan	name	2026-10-04	
济南大学	ji'nan'da'xue	term	2026-10-04	
科讯优势	ke'xun'you'shi	term	2026-10-04	
辉表示	hui'biao'shi	name	2026-10-04	
业人员参	ye'ren'yuan'can	word	2026-10-04	
华鼎	hua'ding	term	2026-10-04	
吊缚	diao'fu	word	2026-10-04	
度不达标	du'bu'da'biao	name	2026-10-04	
汉哲咨询	han'zhe'zi'xun	term	2026-10-04	
率常年	lv'chang'nian	term	2026-10-04	
祝贺我司	zhu'he'wo'si	word	2026-10-04	
禁燃	jin'ran	word	2026-10-04	
透气型	tou'qi'xing	word	2026-10-04	
鱼珠	yu'zhu	word	2026-10-04	
东塘	dong'tang	word	2026-10-04	
大师班	da'shi'ban	word	2026-10-04	
家居五金	jia'ju'wu'jin	word	2026-10-04	
屁颠	pi'dian	slang	2026-10-04	
溶脂	rong'zhi	word	2026-10-04	
铁死亡	tie'si'wang	term	2026-10-04	
霍启刚	huo'qi'gang	name	2026-10-04	
别嫌	bie'xian	word	2026-10-04	
揽获	lan'huo	word	2026-10-04	
易燃性	yi'ran'xing	term	2026-10-04	
淬火槽	cui'huo'cao	term	2026-10-04	
确切地说	que'qie'de'shuo	word	2026-10-04	
第七季	di'qi'ji	word	2026-10-04	
解谜类	jie'mi'lei	word	2026-10-04	
辨证施治	bian'zheng'shi'zhi	term	2026-10-04	
储能柜	chu'neng'gui	term	2026-10-04	
华为昇腾	hua'wei'sheng'teng	name	2026-10-04	
戚薇	qi'wei	name	2026-10-04	
蓟州区	ji'zhou'qu	name	2026-10-04	
跨会话	kua'hui'hua	term	2026-10-04	
静音舱	jing'yin'cang	word	2026-10-04	
风险评价	feng'xian'ping'jia	term	2026-10-04	
几棵	ji'ke	word	2026-10-04	
声光警报	sheng'guang'jing'bao	term	2026-10-04	
杭叉	hang'cha	name	2026-10-04	
沃特世	wo'te'shi	name	2026-10-04	
照进来	zhao'jin'lai	word	2026-10-04	
赵孟頫	zhao'meng'fu	name	2026-10-04	
轴径	zhou'jing	term	2026-10-04	
叠螺	die'luo	term	2026-10-04	
品种权	pin'zhong'quan	term	2026-10-04	
四枚	si'mei	word	2026-10-04	
复用率	fu'yong'lv	term	2026-10-04	
宽温域	kuan'wen'yu	term	2026-10-04	
渗出来	shen'chu'lai	word	2026-10-04	
经纪机构	jing'ji'ji'gou	word	2026-10-04	
花嫁	hua'jia	word	2026-10-04	
补脾	bu'pi	term	2026-10-04	
防溅	fang'jian	word	2026-10-04	
充满争议	chong'man'zheng'yi	word	2026-10-04	
庶妹	shu'mei	word	2026-10-04	
横州市	heng'zhou'shi	name	2026-10-04	
爆珠	bao'zhu	word	2026-10-04	
绵柔	mian'rou	word	2026-10-04	
芝华仕	zhi'hua'shi	name	2026-10-04	
通信终端	tong'xin'zhong'duan	term	2026-10-04	
默茨	mo'ci	name	2026-10-04	
已入驻	yi'ru'zhu	word	2026-10-04	
拌粉	ban'fen	word	2026-10-04	
新文科	xin'wen'ke	term	2026-10-04	
侘寂	cha'ji	word	2026-10-04	
减盐	jian'yan	word	2026-10-04	
原子级	yuan'zi'ji	word	2026-10-04	
哪几点	na'ji'dian	word	2026-10-04	
均质器	jun'zhi'qi	term	2026-10-04	
粤桂	yue'gui	name	2026-10-04	
绿色氢	lv'se'qing	term	2026-10-04	
范式变革	fan'shi'bian'ge	word	2026-10-04	
莉莉安	li'li'an	name	2026-10-04	
货淋室	huo'lin'shi	term	2026-10-04	
车削件	che'xiao'jian	term	2026-10-04	
锰砂	meng'sha	term	2026-10-04	
阳光般	yang'guang'ban	word	2026-10-04	
陶瓷板	tao'ci'ban	word	2026-10-04	
万起步	wan'qi'bu	word	2026-10-04	
北安普顿	bei'an'pu'dun	name	2026-10-04	
周末班	zhou'mo'ban	word	2026-10-04	
小兕子	xiao'si'zi	name	2026-10-04	
尝试联系	chang'shi'lian'xi	word	2026-10-04	
徐正源	xu'zheng'yuan	name	2026-10-04	
新兴赛道	xin'xing'sai'dao	word	2026-10-04	
普惠型	pu'hui'xing	word	2026-10-04	
正式启航	zheng'shi'qi'hang	word	2026-10-04	
臻享	zhen'xiang	word	2026-10-04	
超快充	chao'kuai'chong	term	2026-10-04	
闽商	min'shang	word	2026-10-04	
集尘机	ji'chen'ji	term	2026-10-04	
香蜜	xiang'mi	name	2026-10-04	
鸡苗	ji'miao	word	2026-10-04	
公会活动	gong'hui'huo'dong	word	2026-10-04	
兴图新科	xing'tu'xin'ke	name	2026-10-04	
华菱	hua'ling	name	2026-10-04	
受养人	shou'yang'ren	term	2026-10-04	
基利安	ji'li'an	name	2026-10-04	
家电家居	jia'dian'jia'ju	word	2026-10-04	
展示盒	zhan'shi'he	word	2026-10-04	
带宽成本	dai'kuan'cheng'ben	word	2026-10-04	
异形件	yi'xing'jian	term	2026-10-04	
彩砂	cai'sha	word	2026-10-04	
教室灯	jiao'shi'deng	word	2026-10-04	
癌根治术	ai'gen'zhi'shu	term	2026-10-04	
链上确认	lian'shang'que'ren	term	2026-10-04	
共同编织	gong'tong'bian'zhi	word	2026-10-04	
哪个软件	na'ge'ruan'jian	word	2026-10-04	
奚梦瑶	xi'meng'yao	name	2026-10-04	
山塘	shan'tang	name	2026-10-04	
巨震	ju'zhen	word	2026-10-04	
已矣	yi'yi	word	2026-10-04	
库利巴利	ku'li'ba'li	name	2026-10-04	
拉挤	la'ji	term	2026-10-04	
晶澳	jing'ao	name	2026-10-04	
汽蚀	qi'shi	term	2026-10-04	
漏磁	lou'ci	term	2026-10-04	
烘焙师	hong'bei'shi	word	2026-10-04	
腰射	yao'she	slang	2026-10-04	
触发方式	chu'fa'fang'shi	word	2026-10-04	
调节机构	tiao'jie'ji'gou	term	2026-10-04	
适用边界	shi'yong'bian'jie	word	2026-10-04	
里弗斯	li'fu'si	name	2026-10-04	
韩屋	han'wu	word	2026-10-04	
一经发布	yi'jing'fa'bu	word	2026-10-04	
实践经历	shi'jian'jing'li	word	2026-10-04	
智驾芯片	zhi'jia'xin'pian	term	2026-10-04	
格式自拟	ge'shi'zi'ni	word	2026-10-04	
每栋	mei'dong	word	2026-10-04	
湘财	xiang'cai	name	2026-10-04	
电鸽	dian'ge	slang	2026-10-04	
补漆	bu'qi	word	2026-10-04	
调解室	tiao'jie'shi	word	2026-10-04	
资助管理	zi'zhu'guan'li	word	2026-10-04	
载物台	zai'wu'tai	term	2026-10-04	
钞能力	chao'neng'li	slang	2026-10-04	
预测期内	yu'ce'qi'nei	word	2026-10-04	
高线光瓶	gao'xian'guang'ping	term	2026-10-04	
鼠龙	shu'long	word	2026-10-04	
双穴	shuang'xue	term	2026-10-04	
品牌提及	pin'pai'ti'ji	word	2026-10-04	
安全韧性	an'quan'ren'xing	word	2026-10-04	
斯玛特	si'ma'te	name	2026-10-04	
易福门	yi'fu'men	name	2026-10-04	
朗诗	lang'shi	name	2026-10-04	
梦三国	meng'san'guo	name	2026-10-04	
椭偏仪	tuo'pian'yi	term	2026-10-04	
模拟试验	mo'ni'shi'yan	term	2026-10-04	
溢价空间	yi'jia'kong'jian	word	2026-10-04	
火花机	huo'hua'ji	term	2026-10-04	
烘靴机	hong'xue'ji	word	2026-10-04	
焕颜	huan'yan	word	2026-10-04	
禾木	he'mu	name	2026-10-04	
触发事件	chu'fa'shi'jian	term	2026-10-04	
读数头	du'shu'tou	term	2026-10-04	
账号权限	zhang'hao'quan'xian	word	2026-10-04	
鼎捷	ding'jie	name	2026-10-04	
一棵棵	yi'ke'ke	word	2026-10-04	
五金厂家	wu'jin'chang'jia	word	2026-10-04	
先试用	xian'shi'yong	word	2026-10-04	
包吃住	bao'chi'zhu	word	2026-10-04	
发现可疑	fa'xian'ke'yi	word	2026-10-04	
变比测试	bian'bi'ce'shi	term	2026-10-04	
唑仑	zuo'lun	term	2026-10-04	
想象自己	xiang'xiang'zi'ji	word	2026-10-04	
挥发酚	hui'fa'fen	term	2026-10-04	
每日一次	mei'ri'yi'ci	word	2026-10-04	
油耗低	you'hao'di	word	2026-10-04	
硬岩	ying'yan	term	2026-10-04	
碱洗	jian'xi	term	2026-10-04	
福昕	fu'xin	name	2026-10-04	
谢啦	xie'la	slang	2026-10-04	
进行调解	jin'xing'tiao'jie	word	2026-10-04	
野奢	ye'she	word	2026-10-04	
铜缆	tong'lan	term	2026-10-04	
首趟	shou'tang	word	2026-10-04	
吞噬者	tun'shi'zhe	word	2026-10-04	
尿垫	niao'dian	word	2026-10-04	
市县乡	shi'xian'xiang	word	2026-10-04	
拉玛西亚	la'ma'xi'ya	name	2026-10-04	
直接触发	zhi'jie'chu'fa	word	2026-10-04	
硅胶腕带	gui'jiao'wan'dai	word	2026-10-04	
社媒账号	she'mei'zhang'hao	word	2026-10-04	
职引未来	zhi'yin'wei'lai	name	2026-10-04	
豪威	hao'wei	name	2026-10-04	
进行校正	jin'xing'jiao'zheng	word	2026-10-04	
铝芯	lv'xin	term	2026-10-04	
一起唱	yi'qi'chang	word	2026-10-04	
临床病理	lin'chuang'bing'li	term	2026-10-04	
争冠格局	zheng'guan'ge'ju	word	2026-10-04	
亿级市场	yi'ji'shi'chang	word	2026-10-04	
仿石材	fang'shi'cai	word	2026-10-04	
先试试	xian'shi'shi	word	2026-10-04	
刘奕君	liu'yi'jun	name	2026-10-04	
大虹桥	da'hong'qiao	name	2026-10-04	
某犯	mou'fan	word	2026-10-04	
泥瓦	ni'wa	word	2026-10-04	
消费提质	xiao'fei'ti'zhi	word	2026-10-04	
现予公布	xian'yu'gong'bu	word	2026-10-04	
界面剂	jie'mian'ji	term	2026-10-04	
疫情暴发	yi'qing'bao'fa	word	2026-10-04	
碰碰胡	peng'peng'hu	word	2026-10-04	
磨耳朵	mo'er'duo	slang	2026-10-04	
粉尘仪	fen'chen'yi	term	2026-10-04	
自熄	zi'xi	term	2026-10-04	
补回来	bu'hui'lai	word	2026-10-04	
高盐环境	gao'yan'huan'jing	word	2026-10-04	
鲜有人	xian'you'ren	word	2026-10-04	
兼顾美观	jian'gu'mei'guan	word	2026-10-04	
刘鹤	liu'he	name	2026-10-04	
厢车	xiang'che	word	2026-10-04	
四月你好	si'yue'ni'hao	word	2026-10-04	
尾座	wei'zuo	term	2026-10-04	
撬装式	qiao'zhuang'shi	term	2026-10-04	
旋转阀	xuan'zhuan'fa	term	2026-10-04	
权威信源	quan'wei'xin'yuan	word	2026-10-04	
核心瓶颈	he'xin'ping'jing	word	2026-10-04	
氮检测仪	dan'jian'ce'yi	term	2026-10-04	
直接复用	zhi'jie'fu'yong	word	2026-10-04	
紫霄	zi'xiao	name	2026-10-04	
逐一拆解	zhu'yi'chai'jie	word	2026-10-04	
隔离栅	ge'li'zha	term	2026-10-04	
实时可视	shi'shi'ke'shi	word	2026-10-04	
幻塔	huan'ta	name	2026-10-04	
折边机	zhe'bian'ji	term	2026-10-04	
拿东西	na'dong'xi	word	2026-10-04	
挡块	dang'kuai	term	2026-10-04	
昌都市	chang'du'shi	name	2026-10-04	
红西凤	hong'xi'feng	name	2026-10-04	
维谛	wei'di	name	2026-10-04	
肉粒	rou'li	word	2026-10-04	
脱漆	tuo'qi	word	2026-10-04	
项目比选	xiang'mu'bi'xuan	term	2026-10-04	
验收检测	yan'shou'jian'ce	word	2026-10-04	
一条一条	yi'tiao'yi'tiao	word	2026-10-04	
中山一院	zhong'shan'yi'yuan	name	2026-10-04	
信安世纪	xin'an'shi'ji	name	2026-10-04	
湿喷	shi'pen	term	2026-10-04	
调理剂	tiao'li'ji	word	2026-10-04	
酶促	mei'cu	term	2026-10-04	
金属表链	jin'shu'biao'lian	word	2026-10-04	
飞盘队	fei'pan'dui	word	2026-10-04	
马海德	ma'hai'de	name	2026-10-04	
中转节点	zhong'zhuan'jie'dian	term	2026-10-04	
伯纳姆	bo'na'mu	name	2026-10-04	
发接发	fa'jie'fa	word	2026-10-04	
年度任务	nian'du'ren'wu	word	2026-10-04	
广合科技	guang'he'ke'ji	name	2026-10-04	
斜顶	xie'ding	word	2026-10-04	
残胶	can'jiao	word	2026-10-04	
筒壁	tong'bi	term	2026-10-04	
老铺黄金	lao'pu'huang'jin	name	2026-10-04	
脱毛机	tuo'mao'ji	word	2026-10-04	
蓄冷	xu'leng	term	2026-10-04	
阿韦洛亚	a'wei'luo'ya	name	2026-10-04	
于和伟	yu'he'wei	name	2026-10-04	
健康养殖	jian'kang'yang'zhi	word	2026-10-04	
县域商业	xian'yu'shang'ye	word	2026-10-04	
国际带宽	guo'ji'dai'kuan	word	2026-10-04	
坚戈	jian'ge	name	2026-10-04	
多旋翼	duo'xuan'yi	term	2026-10-04	
氘灯	dao'deng	term	2026-10-04	
洗鞋	xi'xie	word	2026-10-04	
煤岩	mei'yan	term	2026-10-04	
纵享	zong'xiang	word	2026-10-04	
翻糖	fan'tang	word	2026-10-04	
风险边界	feng'xian'bian'jie	word	2026-10-04	
高压电机	gao'ya'dian'ji	term	2026-10-04	
保租房	bao'zu'fang	word	2026-10-04	
副武器	fu'wu'qi	word	2026-10-04	
大音量	da'yin'liang	word	2026-10-04	
斯卢茨基	si'lu'ci'ji	name	2026-10-04	
日笠阳子	ri'li'yang'zi	name	2026-10-04	
每枚	mei'mei	word	2026-10-04	
潇河	xiao'he	name	2026-10-04	
留学咨询	liu'xue'zi'xun	word	2026-10-04	
穆夏	mu'xia	name	2026-10-04	
粘土砖	nian'tu'zhuan	word	2026-10-04	
纸片人	zhi'pian'ren	slang	2026-10-04	
绞龙	jiao'long	term	2026-10-04	
蚊媒	wen'mei	term	2026-10-04	
询比文件	xun'bi'wen'jian	term	2026-10-04	
隐藏彩蛋	yin'cang'cai'dan	word	2026-10-04	
龚正	gong'zheng	name	2026-10-04	
三维数据	san'wei'shu'ju	word	2026-10-04	
上海久事	shang'hai'jiu'shi	name	2026-10-04	
全钒液流	quan'fan'ye'liu	term	2026-10-04	
危机时刻	wei'ji'shi'ke	word	2026-10-04	
合规经理	he'gui'jing'li	word	2026-10-04	
复出时间	fu'chu'shi'jian	word	2026-10-04	
大画幅	da'hua'fu	term	2026-10-04	
座便器	zuo'bian'qi	word	2026-10-04	
整治活动	zheng'zhi'huo'dong	word	2026-10-04	
星敏感器	xing'min'gan'qi	term	2026-10-04	
智算集群	zhi'suan'ji'qun	term	2026-10-04	
液槽	ye'cao	term	2026-10-04	
滤筒除尘	lv'tong'chu'chen	term	2026-10-04	
电子吊秤	dian'zi'diao'cheng	term	2026-10-04	
箱式炉	xiang'shi'lu	term	2026-10-04	
粉质仪	fen'zhi'yi	term	2026-10-04	
罗晋	luo'jin	name	2026-10-04	
翘边	qiao'bian	word	2026-10-04	
虞书欣	yu'shu'xin	name	2026-10-04	
蜡模	la'mo	term	2026-10-04	
钢坝	gang'ba	term	2026-10-04	
防呆	fang'dai	term	2026-10-04	
飞凡	fei'fan	name	2026-10-04	
信创产品	xin'chuang'chan'pin	word	2026-10-04	
台阶仪	tai'jie'yi	term	2026-10-04	
吹除	chui'chu	term	2026-10-04	
响应流程	xiang'ying'liu'cheng	word	2026-10-04	
巨湾技研	ju'wan'ji'yan	name	2026-10-04	
开瓶率	kai'ping'lv	word	2026-10-04	
成瘾治疗	cheng'yin'zhi'liao	word	2026-10-04	
杰罗姆	jie'luo'mu	name	2026-10-04	
泵腔	beng'qiang	term	2026-10-04	
浪姐	lang'jie	slang	2026-10-04	
精准击中	jing'zhun'ji'zhong	word	2026-10-04	
钨钢戒指	wu'gang'jie'zhi	word	2026-10-04	
钳表	qian'biao	term	2026-10-04	
阿里通义	a'li'tong'yi	name	2026-10-04	
马年生肖	ma'nian'sheng'xiao	word	2026-10-04	
亿滋	yi'zi	name	2026-10-04	
奔富	ben'fu	name	2026-10-04	
已就位	yi'jiu'wei	word	2026-10-04	
彩瞳	cai'tong	word	2026-10-04	
景区店	jing'qu'dian	word	2026-10-04	
核相器	he'xiang'qi	term	2026-10-04	
横岗	heng'gang	name	2026-10-04	
气动系统	qi'dong'xi'tong	term	2026-10-04	
男女童	nan'nv'tong	word	2026-10-04	
磁栅尺	ci'zha'chi	term	2026-10-04	
蓝帽	lan'mao	word	2026-10-04	
行业惯例	hang'ye'guan'li	word	2026-10-04	
钛棒	tai'bang	term	2026-10-04	
颖儿	ying'er	name	2026-10-04	
一级行业	yi'ji'hang'ye	word	2026-10-04	
中频电疗	zhong'pin'dian'liao	term	2026-10-04	
事故律师	shi'gu'lv'shi	word	2026-10-04	
云边端	yun'bian'duan	term	2026-10-04	
奥田	ao'tian	name	2026-10-04	
崔永熙	cui'yong'xi	name	2026-10-04	
巳火	si'huo	term	2026-10-04	
校准周期	xiao'zhun'zhou'qi	word	2026-10-04	
限时挑战	xian'shi'tiao'zhan	word	2026-10-04	
陷进去	xian'jin'qu	word	2026-10-04	
雷磁	lei'ci	name	2026-10-04	
上午九点	shang'wu'jiu'dian	word	2026-10-04	
任何义务	ren'he'yi'wu	word	2026-10-04	
依法行使	yi'fa'xing'shi	word	2026-10-04	
及时排出	ji'shi'pai'chu	word	2026-10-04	
含磷	han'lin	term	2026-10-04	
张桂梅	zhang'gui'mei	name	2026-10-04	
李盈莹	li'ying'ying	name	2026-10-04	
现代家具	xian'dai'jia'ju	word	2026-10-04	
精密成型	jing'mi'cheng'xing	word	2026-10-04	
纸质记录	zhi'zhi'ji'lu	word	2026-10-04	
终极装备	zhong'ji'zhuang'bei	word	2026-10-04	
绿色燃料	lv'se'ran'liao	word	2026-10-04	
血溅	xue'jian	word	2026-10-04	
达美乐	da'mei'le	name	2026-10-04	
迈富时	mai'fu'shi	name	2026-10-04	
镜柜	jing'gui	word	2026-10-04	
饼店	bing'dian	word	2026-10-04	
七遍	qi'bian	word	2026-10-04	
务必查看	wu'bi'cha'kan	word	2026-10-04	
去耦	qu'ou	term	2026-10-04	
异戊	yi'wu	term	2026-10-04	
情境化	qing'jing'hua	word	2026-10-04	
氟苯	fu'ben	term	2026-10-04	
沐曦股份	mu'xi'gu'fen	name	2026-10-04	
深化协同	shen'hua'xie'tong	word	2026-10-04	
滔搏	tao'bo	name	2026-10-04	
爱芯元智	ai'xin'yuan'zhi	name	2026-10-04	
背夹	bei'jia	word	2026-10-04	
中微公司	zhong'wei'gong'si	name	2026-10-04	
历史低位	li'shi'di'wei	word	2026-10-04	
寻找食物	xun'zhao'shi'wu	word	2026-10-04	
徒步靴	tu'bu'xue	word	2026-10-04	
提前梳理	ti'qian'shu'li	word	2026-10-04	
智顗	zhi'yi	name	2026-10-04	
林高远	lin'gao'yuan	name	2026-10-04	
沙戈荒	sha'ge'huang	term	2026-10-04	
洽洽	qia'qia	name	2026-10-04	
液冷板	ye'leng'ban	term	2026-10-04	
环氧胶	huan'yang'jiao	term	2026-10-04	
精英班	jing'ying'ban	word	2026-10-04	
魔导师	mo'dao'shi	word	2026-10-04	
齐尔克泽	qi'er'ke'ze	name	2026-10-04	
乐鑫	le'xin	name	2026-10-04	
亿点点	yi'dian'dian	slang	2026-10-04	
关智一	guan'zhi'yi	name	2026-10-04	
哪里购买	na'li'gou'mai	word	2026-10-04	
固定链接	gu'ding'lian'jie	word	2026-10-04	
市销率	shi'xiao'lv	term	2026-10-04	
帝舵	di'duo	name	2026-10-04	
抗菌板	kang'jun'ban	word	2026-10-04	
抽佣	chou'yong	word	2026-10-04	
整柜海运	zheng'gui'hai'yun	word	2026-10-04	
无缝协作	wu'feng'xie'zuo	word	2026-10-04	
粘附力	nian'fu'li	word	2026-10-04	
航空铝	hang'kong'lv	word	2026-10-04	
说着话	shuo'zhe'hua	word	2026-10-04	
赛前加练	sai'qian'jia'lian	word	2026-10-04	
赫格塞思	he'ge'sai'si	name	2026-10-04	
较以往	jiao'yi'wang	word	2026-10-04	
钟楚曦	zhong'chu'xi	name	2026-10-04	
镁质	mei'zhi	term	2026-10-04	
首帧	shou'zhen	term	2026-10-04	
一年一届	yi'nian'yi'jie	word	2026-10-04	
一镜到底	yi'jing'dao'di	word	2026-10-04	
丝扣	si'kou	term	2026-10-04	
兆芯	zhao'xin	name	2026-10-04	
及时恢复	ji'shi'hui'fu	word	2026-10-04	
完全分歧	wan'quan'fen'qi	word	2026-10-04	
寻迹	xun'ji	word	2026-10-04	
工抵房	gong'di'fang	word	2026-10-04	
抛货	pao'huo	word	2026-10-04	
政采云	zheng'cai'yun	name	2026-10-04	
整家定制	zheng'jia'ding'zhi	word	2026-10-04	
机制电价	ji'zhi'dian'jia	term	2026-10-04	
来福士	lai'fu'shi	name	2026-10-04	
枝晶	zhi'jing	term	2026-10-04	
植物冠层	zhi'wu'guan'ceng	term	2026-10-04	
浙大妇院	zhe'da'fu'yuan	name	2026-10-04	
硬性门槛	ying'xing'men'kan	word	2026-10-04	
祖宅	zu'zhai	word	2026-10-04	
经纪业务	jing'ji'ye'wu	word	2026-10-04	
罗克韦尔	luo'ke'wei'er	name	2026-10-04	
罗马仕	luo'ma'shi	name	2026-10-04	
范弗里特	fan'fu'li'te	name	2026-10-04	
返还率	fan'huan'lv	word	2026-10-04	
一脚触球	yi'jiao'chu'qiu	word	2026-10-04	
唐艺昕	tang'yi'xin	name	2026-10-04	
售后运维	shou'hou'yun'wei	word	2026-10-04	
喜忌	xi'ji	term	2026-10-04	
字幕选项	zi'mu'xuan'xiang	word	2026-10-04	
排刀车床	pai'dao'che'chuang	term	2026-10-04	
摆闸	bai'zha	term	2026-10-04	
楣板	mei'ban	term	2026-10-04	
海瑟薇	hai'se'wei	name	2026-10-04	
涩感	se'gan	word	2026-10-04	
电池极片	dian'chi'ji'pian	term	2026-10-04	
评测集	ping'ce'ji	term	2026-10-04	
适用温度	shi'yong'wen'du	word	2026-10-04	
铜导线	tong'dao'xian	term	2026-10-04	
除霉	chu'mei	word	2026-10-04	
风习习	feng'xi'xi	word	2026-10-04	
创建任务	chuang'jian'ren'wu	word	2026-10-04	
功能边界	gong'neng'bian'jie	word	2026-10-04	
哪个职业	na'ge'zhi'ye	word	2026-10-04	
场上发挥	chang'shang'fa'hui	word	2026-10-04	
徕芬	lai'fen	name	2026-10-04	
思维定式	si'wei'ding'shi	word	2026-10-04	
泥膜	ni'mo	word	2026-10-04	
洗沙机	xi'sha'ji	word	2026-10-04	
耶伦	ye'lun	name	2026-10-04	
诵咒	song'zhou	word	2026-10-04	
负荷管理	fu'he'guan'li	word	2026-10-04	
降解过程	jiang'jie'guo'cheng	word	2026-10-04	
限时任务	xian'shi'ren'wu	word	2026-10-04	
中转台	zhong'zhuan'tai	word	2026-10-04	
体脂秤	ti'zhi'cheng	word	2026-10-04	
卤汤	lu'tang	word	2026-10-04	
去标识化	qu'biao'shi'hua	term	2026-10-04	
天花板级	tian'hua'ban'ji	word	2026-10-04	
市场禁入	shi'chang'jin'ru	term	2026-10-04	
张召重	zhang'zhao'zhong	name	2026-10-04	
张子枫	zhang'zi'feng	name	2026-10-04	
微喇	wei'la	word	2026-10-04	
法语视频	fa'yu'shi'pin	word	2026-10-04	
淤堵	yu'du	word	2026-10-04	
清粪	qing'fen	word	2026-10-04	
硬折扣	ying'zhe'kou	word	2026-10-04	
竞投人	jing'tou'ren	word	2026-10-04	
群核科技	qun'he'ke'ji	name	2026-10-04	
自体颅骨	zi'ti'lu'gu	term	2026-10-04	
西樵	xi'qiao	name	2026-10-04	
下载试用	xia'zai'shi'yong	word	2026-10-04	
刀齿	dao'chi	word	2026-10-04	
哪些改变	na'xie'gai'bian	word	2026-10-04	
坐在窗边	zuo'zai'chuang'bian	word	2026-10-04	
干雾抑尘	gan'wu'yi'chen	term	2026-10-04	
换季时	huan'ji'shi	word	2026-10-04	
支撑柱	zhi'cheng'zhu	word	2026-10-04	
江之畔	jiang'zhi'pan	term	2026-10-04	
涉及以下	she'ji'yi'xia	term	2026-10-04	
粉体包装	fen'ti'bao'zhuang	term	2026-10-04	
纳米碳	na'mi'tan	word	2026-10-04	
网带炉	wang'dai'lu	term	2026-10-04	
芳烃溶剂	fang'ting'rong'ji	term	2026-10-04	
运维流程	yun'wei'liu'cheng	word	2026-10-04	
铭文页	ming'wen'ye	word	2026-10-04	
亚眠大学	ya'mian'da'xue	name	2026-10-04	
促炎	cu'yan	term	2026-10-04	
净化室	jing'hua'shi	word	2026-10-04	
圣墟	sheng'xu	name	2026-10-04	
拓竹	tuo'zhu	name	2026-10-04	
文丘里	wen'qiu'li	term	2026-10-04	
易携带	yi'xie'dai	word	2026-10-04	
曼殊	man'shu	name	2026-10-04	
档案盒	dang'an'he	word	2026-10-04	
活得好	huo'de'hao	word	2026-10-04	
火焰图	huo'yan'tu	term	2026-10-04	
焕彩	huan'cai	word	2026-10-04	
痛点分析	tong'dian'fen'xi	word	2026-10-04	
直动式	zhi'dong'shi	term	2026-10-04	
砍单	kan'dan	word	2026-10-04	
磷化铟	lin'hua'yin	term	2026-10-04	
祁隆	qi'long	name	2026-10-04	
等待时长	deng'dai'shi'chang	word	2026-10-04	
郭树清	guo'shu'qing	name	2026-10-04	
防垢	fang'gou	word	2026-10-04	
陕煤	shan'mei	name	2026-10-04	
各种格式	ge'zhong'ge'shi	word	2026-10-04	
崔东树	cui'dong'shu	name	2026-10-04	
彭昱畅	peng'yu'chang	name	2026-10-04	
揍了	zou'le	word	2026-10-04	
数十款	shu'shi'kuan	word	2026-10-04	
月新番	yue'xin'fan	word	2026-10-04	
游离于	you'li'yu	word	2026-10-04	
理性娱乐	li'xing'yu'le	word	2026-10-04	
破碎仪	po'sui'yi	term	2026-10-04	
第一后裔	di'yi'hou'yi	name	2026-10-04	
粘壁	nian'bi	word	2026-10-04	
胶枪	jiao'qiang	word	2026-10-04	
蹦床袜	beng'chuang'wa	word	2026-10-04	
里昂三大	li'ang'san'da	name	2026-10-04	
铝框	lv'kuang	word	2026-10-04	
陈薇	chen'wei	name	2026-10-04	
限位板	xian'wei'ban	term	2026-10-04	
优先排查	you'xian'pai'cha	word	2026-10-04	
作弊机制	zuo'bi'ji'zhi	word	2026-10-04	
依此类推	yi'ci'lei'tui	word	2026-10-04	
吨桶	dun'tong	word	2026-10-04	
吴艳妮	wu'yan'ni	name	2026-10-04	
小医仙	xiao'yi'xian	name	2026-10-04	
已办结	yi'ban'jie	word	2026-10-04	
已弃用	yi'qi'yong	word	2026-10-04	
批量转账	pi'liang'zhuan'zhang	word	2026-10-04	
教育提质	jiao'yu'ti'zhi	word	2026-10-04	
文小言	wen'xiao'yan	name	2026-10-04	
正构烷烃	zheng'gou'wan'ting	term	2026-10-04	
海德汉	hai'de'han	name	2026-10-04	
猫草	mao'cao	word	2026-10-04	
窑火	yao'huo	word	2026-10-04	
银发群体	yin'fa'qun'ti	word	2026-10-04	
全力筑牢	quan'li'zhu'lao	word	2026-10-04	
半遮	ban'zhe	word	2026-10-04	
坚决守牢	jian'jue'shou'lao	word	2026-10-04	
壁仞科技	bi'ren'ke'ji	name	2026-10-04	
大谷育江	da'gu'yu'jiang	name	2026-10-04	
妻宫	qi'gong	term	2026-10-04	
宽基指数	kuan'ji'zhi'shu	term	2026-10-04	
寮步	liao'bu	name	2026-10-04	
恒格列净	heng'ge'lie'jing	term	2026-10-04	
旷视	kuang'shi	name	2026-10-04	
氧化炉	yang'hua'lu	term	2026-10-04	
泡棉材料	pao'mian'cai'liao	term	2026-10-04	
玛氏	ma'shi	name	2026-10-04	
硅锭	gui'ding	term	2026-10-04	
考察范围	kao'cha'fan'wei	word	2026-10-04	
走到窗边	zou'dao'chuang'bian	word	2026-10-04	
迦勒底	jia'le'di	name	2026-10-04	
钉箱机	ding'xiang'ji	term	2026-10-04	
修仙游戏	xiu'xian'you'xi	word	2026-10-04	
去滓	qu'zi	term	2026-10-04	
宋锦	song'jin	term	2026-10-04	
小橘子	xiao'ju'zi	word	2026-10-04	
收获季	shou'huo'ji	word	2026-10-04	
散煤	san'mei	term	2026-10-04	
渗氮	shen'dan	term	2026-10-04	
热电极	re'dian'ji	term	2026-10-04	
电器故障	dian'qi'gu'zhang	word	2026-10-04	
移民咨询	yi'min'zi'xun	word	2026-10-04	
脱盐率	tuo'yan'lv	term	2026-10-04	
苯类	ben'lei	term	2026-10-04	
财政奖补	cai'zheng'jiang'bu	term	2026-10-04	
限时权益	xian'shi'quan'yi	word	2026-10-04	
难哄	nan'hong	name	2026-10-04	
饮水工程	yin'shui'gong'cheng	word	2026-10-04	
验厂审核	yan'chang'shen'he	term	2026-10-04	
下载中断	xia'zai'zhong'duan	word	2026-10-04	
六缸	liu'gang	term	2026-10-04	
几趟	ji'tang	word	2026-10-04	
匝间	za'jian	term	2026-10-04	
宋青书	song'qing'shu	name	2026-10-04	
山西省委	shan'xi'sheng'wei	name	2026-10-04	
拉坯	la'pi	term	2026-10-04	
时钟源	shi'zhong'yuan	term	2026-10-04	
水泥罐	shui'ni'guan	word	2026-10-04	
炉壳	lu'ke	term	2026-10-04	
现制茶饮	xian'zhi'cha'yin	word	2026-10-04	
瓶阀	ping'fa	term	2026-10-04	
盐胁迫	yan'xie'po	term	2026-10-04	
积涝	ji'lao	word	2026-10-04	
膦酸	lin'suan	term	2026-10-04	
自动打标	zi'dong'da'biao	term	2026-10-04	
裴寂	pei'ji	name	2026-10-04	
踩脸	cai'lian	slang	2026-10-04	
阿飘	a'piao	slang	2026-10-04	
偏鹰	pian'ying	term	2026-10-04	
六小龙	liu'xiao'long	name	2026-10-04	
即时更新	ji'shi'geng'xin	word	2026-10-04	
夹持力	jia'chi'li	term	2026-10-04	
张本美和	zhang'ben'mei'he	name	2026-10-04	
搭进去	da'jin'qu	word	2026-10-04	
榎木淳弥	jia'mu'chun'mi	name	2026-10-04	
每帧	mei'zhen	word	2026-10-04	
氢脆	qing'cui	term	2026-10-04	
汉籍	han'ji	word	2026-10-04	
浸入式	jin'ru'shi	word	2026-10-04	
炼虚	lian'xu	word	2026-10-04	
磁吸式	ci'xi'shi	word	2026-10-04	
纳德拉	na'de'la	name	2026-10-04	
缸筒	gang'tong	term	2026-10-04	
轻钙	qing'gai	term	2026-10-04	
丁酸钠	ding'suan'na	term	2026-10-04	
事件报告	shi'jian'bao'gao	word	2026-10-04	
免佣	mian'yong	word	2026-10-04	
共赴新程	gong'fu'xin'cheng	word	2026-10-04	
单原子	dan'yuan'zi	term	2026-10-04	
执业规范	zhi'ye'gui'fan	word	2026-10-04	
数智创新	shu'zhi'chuang'xin	word	2026-10-04	
曾舜晞	zeng'shun'xi	name	2026-10-04	
氟素	fu'su	term	2026-10-04	
绿氨	lv'an	term	2026-10-04	
罐顶	guan'ding	term	2026-10-04	
胡锡进	hu'xi'jin	name	2026-10-04	
除湿转轮	chu'shi'zhuan'lun	term	2026-10-04	
韧性测试	ren'xing'ce'shi	term	2026-10-04	
鸭翅	ya'chi	word	2026-10-04	
龚俊	gong'jun	name	2026-10-04	
三支柱	san'zhi'zhu	word	2026-10-04	
中科蓝讯	zhong'ke'lan'xun	name	2026-10-04	
买啥	mai'sha	word	2026-10-04	
低佣金	di'yong'jin	word	2026-10-04	
催财	cui'cai	word	2026-10-04	
实干争先	shi'gan'zheng'xian	word	2026-10-04	
岩粉	yan'fen	term	2026-10-04	
打包箱	da'bao'xiang	word	2026-10-04	
抗氯	kang'lv	term	2026-10-04	
斜盘	xie'pan	term	2026-10-04	
易逝	yi'shi	word	2026-10-04	
氯化石蜡	lv'hua'shi'la	term	2026-10-04	
私厨	si'chu	word	2026-10-04	
称重台	cheng'zhong'tai	term	2026-10-04	
粘贴链接	zhan'tie'lian'jie	word	2026-10-04	
联学共建	lian'xue'gong'jian	word	2026-10-04	
胤祥	yin'xiang	name	2026-10-04	
食物留样	shi'wu'liu'yang	term	2026-10-04	
一人食	yi'ren'shi	word	2026-10-04	
人才共育	ren'cai'gong'yu	word	2026-10-04	
信创环境	xin'chuang'huan'jing	word	2026-10-04	
光子计数	guang'zi'ji'shu	term	2026-10-04	
叉车秤	cha'che'cheng	term	2026-10-04	
叠纸	die'zhi	word	2026-10-04	
市监委	shi'jian'wei	word	2026-10-04	
怎么煮	zen'me'zhu	word	2026-10-04	
方向阀	fang'xiang'fa	term	2026-10-04	
焊死	han'si	word	2026-10-04	
石坝	shi'ba	term	2026-10-04	
辰戌	chen'xu	term	2026-10-04	
达里奥	da'li'ao	name	2026-10-04	
隐性费用	yin'xing'fei'yong	word	2026-10-04	
中继链	zhong'ji'lian	term	2026-10-04	
互嵌	hu'qian	word	2026-10-04	
几栋	ji'dong	word	2026-10-04	
到哪一步	dao'na'yi'bu	word	2026-10-04	
动颚	dong'e	term	2026-10-04	
回忆版	hui'yi'ban	word	2026-10-04	
存案价	cun'an'jia	term	2026-10-04	
完整示例	wan'zheng'shi'li	word	2026-10-04	
手撸	shou'lu	slang	2026-10-04	
拥军爱警	yong'jun'ai'jing	word	2026-10-04	
海曲泊帕	hai'qu'bo'pa	term	2026-10-04	
消解器	xiao'jie'qi	term	2026-10-04	
绫濑	ling'lai	name	2026-10-04	
翼闸	yi'zha	term	2026-10-04	
走时偏差	zou'shi'pian'cha	term	2026-10-04	
防砸	fang'za	word	2026-10-04	
集合店	ji'he'dian	word	2026-10-04	
预重整	yu'chong'zheng	term	2026-10-04	
魏桥	wei'qiao	name	2026-10-04	
丑未	chou'wei	term	2026-10-04	
办公专网	ban'gong'zhuan'wang	term	2026-10-04	
半妖	ban'yao	word	2026-10-04	
情况而异	qing'kuang'er'yi	word	2026-10-04	
想骂	xiang'ma	word	2026-10-04	
抖音短剧	dou'yin'duan'ju	word	2026-10-04	
折中方案	zhe'zhong'fang'an	word	2026-10-04	
昆仑芯	kun'lun'xin	name	2026-10-04	
智造升级	zhi'zao'sheng'ji	word	2026-10-04	
机制电量	ji'zhi'dian'liang	term	2026-10-04	
法治日报	fa'zhi'ri'bao	name	2026-10-04	
硝氮	xiao'dan	term	2026-10-04	
联建活动	lian'jian'huo'dong	word	2026-10-04	
膜盒	mo'he	term	2026-10-04	
中试线	zhong'shi'xian	term	2026-10-04	
刑冲	xing'chong	term	2026-10-04	
压套机	ya'tao'ji	term	2026-10-04	
天师府	tian'shi'fu	name	2026-10-04	
川黔	chuan'qian	word	2026-10-04	
惟愿	wei'yuan	word	2026-10-04	
抽粪	chou'fen	word	2026-10-04	
拉削	la'xue	term	2026-10-04	
沪胶	hu'jiao	term	2026-10-04	
泥饼	ni'bing	term	2026-10-04	
济阳区	ji'yang'qu	name	2026-10-04	
焦烧	jiao'shao	term	2026-10-04	
露趾	lu'zhi	word	2026-10-04	
鹭岛	lu'dao	name	2026-10-04	
五孔探针	wu'kong'tan'zhen	term	2026-10-04	
公孙离	gong'sun'li	name	2026-10-04	
到店核销	dao'dian'he'xiao	word	2026-10-04	
圆振筛	yuan'zhen'shai	term	2026-10-04	
夹具设计	jia'ju'she'ji	term	2026-10-04	
拦污装置	lan'wu'zhuang'zhi	term	2026-10-04	
气泡黄酒	qi'pao'huang'jiu	word	2026-10-04	
监测单元	jian'ce'dan'yuan	term	2026-10-04	
盛花期	sheng'hua'qi	term	2026-10-04	
私宴	si'yan	word	2026-10-04	
粘砂	nian'sha	term	2026-10-04	
蓝牙音响	lan'ya'yin'xiang	word	2026-10-04	
刻意练习	ke'yi'lian'xi	word	2026-10-04	
医疗康养	yi'liao'kang'yang	word	2026-10-04	
双层纱	shuang'ceng'sha	word	2026-10-04	
射嘴	she'zui	term	2026-10-04	
污堵	wu'du	term	2026-10-04	
津门虎队	jin'men'hu'dui	name	2026-10-04	
淡笑	dan'xiao	word	2026-10-04	
刀轴	dao'zhou	term	2026-10-04	
千行万业	qian'hang'wan'ye	word	2026-10-04	
卤鹅	lu'e	word	2026-10-04	
叠拼	die'pin	term	2026-10-04	
只盼	zhi'pan	word	2026-10-04	
国际链路	guo'ji'lian'lu	term	2026-10-04	
大倾角	da'qing'jiao	term	2026-10-04	
大型猫	da'xing'mao	word	2026-10-04	
平台上架	ping'tai'shang'jia	word	2026-10-04	
徐某某	xu'mou'mou	word	2026-10-04	
微变形	wei'bian'xing	term	2026-10-04	
成形工艺	cheng'xing'gong'yi	term	2026-10-04	
支撑装置	zhi'cheng'zhuang'zhi	term	2026-10-04	
放鹰	fang'ying	word	2026-10-04	
氮分析仪	dan'fen'xi'yi	term	2026-10-04	
沪银	hu'yin	term	2026-10-04	
沼液	zhao'ye	term	2026-10-04	
测硫仪	ce'liu'yi	term	2026-10-04	
溜背	liu'bei	term	2026-10-04	
炭块	tan'kuai	word	2026-10-04	
玄甲	xuan'jia	name	2026-10-04	
瓦利斯	wa'li'si	name	2026-10-04	
电力保供	dian'li'bao'gong	term	2026-10-04	
英力士	ying'li'shi	name	2026-10-04	
试验参数	shi'yan'can'shu	term	2026-10-04	
贺利氏	he'li'shi	name	2026-10-04	
蹙起	cu'qi	word	2026-10-04	
退火处理	tui'huo'chu'li	term	2026-10-04	
重力式	zhong'li'shi	term	2026-10-04	
重新上线	chong'xin'shang'xian	word	2026-10-04	
重新尝试	chong'xin'chang'shi	word	2026-10-04	
钼丝	mu'si	term	2026-10-04	
镲片	cha'pian	term	2026-10-04	
预瞄	yu'miao	term	2026-10-04	
鲁伊斯	lu'yi'si	name	2026-10-04	
鸣鸣很忙	ming'ming'hen'mang	name	2026-10-04	
乐有家	le'you'jia	name	2026-10-04	
交换链接	jiao'huan'lian'jie	term	2026-10-04	
体型庞大	ti'xing'pang'da	word	2026-10-04	
作谓语	zuo'wei'yu	term	2026-10-04	
修坟	xiu'fen	word	2026-10-04	
偶联物	ou'lian'wu	term	2026-10-04	
公开比选	gong'kai'bi'xuan	term	2026-10-04	
冯德莱恩	feng'de'lai'en	name	2026-10-04	
冰裂	bing'lie	word	2026-10-04	
及时到账	ji'shi'dao'zhang	word	2026-10-04	
吨煤	dun'mei	term	2026-10-04	
嗔恚	chen'hui	word	2026-10-04	
多端适配	duo'duan'shi'pei	term	2026-10-04	
孤辰	gu'chen	term	2026-10-04	
履行期间	lv'xing'qi'jian	word	2026-10-04	
帧缓冲区	zhen'huan'chong'qu	term	2026-10-04	
戌土	xu'tu	term	2026-10-04	
文商旅体	wen'shang'lv'ti	term	2026-10-04	
权利保护	quan'li'bao'hu	word	2026-10-04	
沪渝	hu'yu	name	2026-10-04	
湖仓一体	hu'cang'yi'ti	term	2026-10-04	
灌装旋盖	guan'zhuang'xuan'gai	term	2026-10-04	
灵韵	ling'yun	word	2026-10-04	
狂婿	kuang'xu	slang	2026-10-04	
监测手段	jian'ce'shou'duan	word	2026-10-04	
竞技实力	jing'ji'shi'li	word	2026-10-04	
粗滤	cu'lv	term	2026-10-04	
耐氯	nai'lv	term	2026-10-04	
莫敢	mo'gan	word	2026-10-04	
足道会馆	zu'dao'hui'guan	word	2026-10-04	
铁规矩	tie'gui'ju	word	2026-10-04	
隔垫	ge'dian	term	2026-10-04	
马德钟	ma'de'zhong	name	2026-10-04	
高纯石英	gao'chun'shi'ying	term	2026-10-04	
鬼塚虎	gui'zhong'hu	name	2026-10-04	
临场决策	lin'chang'jue'ce	word	2026-10-04	
信访积案	xin'fang'ji'an	term	2026-10-04	
债务追收	zhai'wu'zhui'shou	word	2026-10-04	
全屋门窗	quan'wu'men'chuang	term	2026-10-04	
几盏	ji'zhan	word	2026-10-04	
变桨	bian'jiang	term	2026-10-04	
存算分离	cun'suan'fen'li	term	2026-10-04	
宽量程	kuan'liang'cheng	term	2026-10-04	
弼时镇	bi'shi'zhen	name	2026-10-04	
振荡筛	zhen'dang'shai	term	2026-10-04	
探火管	tan'huo'guan	term	2026-10-04	
斩魔	zhan'mo	word	2026-10-04	
板成型	ban'cheng'xing	term	2026-10-04	
正式退出	zheng'shi'tui'chu	word	2026-10-04	
油泄漏	you'xie'lou	word	2026-10-04	
液压锁	ye'ya'suo	term	2026-10-04	
渣油泵	zha'you'beng	term	2026-10-04	
潜山市	qian'shan'shi	name	2026-10-04	
特定事件	te'ding'shi'jian	word	2026-10-04	
监委主任	jian'wei'zhu'ren	term	2026-10-04	
直接饮用	zhi'jie'yin'yong	word	2026-10-04	
砂石厂	sha'shi'chang	word	2026-10-04	
等保二级	deng'bao'er'ji	term	2026-10-04	
纬创	wei'chuang	name	2026-10-04	
绿电交易	lv'dian'jiao'yi	term	2026-10-04	
绿电供应	lv'dian'gong'ying	term	2026-10-04	
设备电量	she'bei'dian'liang	word	2026-10-04	
诗涵	shi'han	name	2026-10-04	
贺某	he'mou	word	2026-10-04	
隐性损耗	yin'xing'sun'hao	term	2026-10-04	
须缴纳	xu'jiao'na	word	2026-10-04	
一笔一划	yi'bi'yi'hua	word	2026-10-04	
单位财务	dan'wei'cai'wu	word	2026-10-04	
卖断货	mai'duan'huo	word	2026-10-04	
呆在家里	dai'zai'jia'li	word	2026-10-04	
大塚明夫	da'zhong'ming'fu	name	2026-10-04	
大版块	da'ban'kuai	word	2026-10-04	
妮姬	ni'ji	name	2026-10-04	
宠兽	chong'shou	word	2026-10-04	
宣传字幕	xuan'chuan'zi'mu	word	2026-10-04	
尖庄	jian'zhuang	name	2026-10-04	
庄闲	zhuang'xian	term	2026-10-04	
开启预订	kai'qi'yu'ding	word	2026-10-04	
影像仪	ying'xiang'yi	term	2026-10-04	
怼到	dui'dao	slang	2026-10-04	
打螺丝	da'luo'si	slang	2026-10-04	
扩募	kuo'mu	term	2026-10-04	
数智转型	shu'zhi'zhuan'xing	term	2026-10-04	
时事热点	shi'shi're'dian	word	2026-10-04	
易腐烂	yi'fu'lan	word	2026-10-04	
未参赛	wei'can'sai	word	2026-10-04	
检察监督	jian'cha'jian'du	term	2026-10-04	
氟胶	fu'jiao	term	2026-10-04	
河干流	he'gan'liu	term	2026-10-04	
注塑产品	zhu'su'chan'pin	term	2026-10-04	
清漪园	qing'yi'yuan	name	2026-10-04	
理学基础	li'xue'ji'chu	term	2026-10-04	
磋议	cuo'yi	word	2026-10-04	
秀禾	xiu'he	term	2026-10-04	
科里奥利	ke'li'ao'li	name	2026-10-04	
简洁实用	jian'jie'shi'yong	word	2026-10-04	
红樱	hong'ying	word	2026-10-04	
网架公司	wang'jia'gong'si	word	2026-10-04	
腺癌术后	xian'ai'shu'hou	term	2026-10-04	
诊室里	zhen'shi'li	word	2026-10-04	
金属成型	jin'shu'cheng'xing	term	2026-10-04	
钟表销售	zhong'biao'xiao'shou	word	2026-10-04	
锅筒	guo'tong	term	2026-10-04	
陈芋汐	chen'yu'xi	name	2026-10-04	
隐形门槛	yin'xing'men'kan	word	2026-10-04	
黑狐	hei'hu	word	2026-10-04	
亿票房	yi'piao'fang	word	2026-10-04	
双栈	shuang'zhan	term	2026-10-04	
台州菜	tai'zhou'cai	word	2026-10-04	
品牌印象	pin'pai'yin'xiang	word	2026-10-04	
坐下去	zuo'xia'qu	word	2026-10-04	
子提取物	zi'ti'qu'wu	term	2026-10-04	
完本全集	wan'ben'quan'ji	word	2026-10-04	
尽力去	jin'li'qu	word	2026-10-04	
废屑	fei'xie	term	2026-10-04	
庭副庭长	ting'fu'ting'zhang	term	2026-10-04	
徐璐	xu'lu	name	2026-10-04	
正面硬刚	zheng'mian'ying'gang	slang	2026-10-04	
武将军	wu'jiang'jun	word	2026-10-04	
水套式	shui'tao'shi	term	2026-10-04	
沃柑	wo'gan	word	2026-10-04	
海博思创	hai'bo'si'chuang	name	2026-10-04	
牛犇	niu'ben	name	2026-10-04	
狗碗	gou'wan	word	2026-10-04	
狠厉	hen'li	word	2026-10-04	
病例报告	bing'li'bao'gao	term	2026-10-04	
祛魅	qu'mei	word	2026-10-04	
科埃略	ke'ai'lve	name	2026-10-04	
竞技氛围	jing'ji'fen'wei	word	2026-10-04	
管壁厚	guan'bi'hou	term	2026-10-04	
耳夹耳机	er'jia'er'ji	term	2026-10-04	
蒸镀	zheng'du	term	2026-10-04	
重复频率	chong'fu'pin'lv	term	2026-10-04	
顿珠	dun'zhu	name	2026-10-04	
魂晶	hun'jing	term	2026-10-04	
一拖几	yi'tuo'ji	word	2026-10-04	
七鲜小厨	qi'xian'xiao'chu	name	2026-10-04	
五育融合	wu'yu'rong'he	term	2026-10-04	
亚蒂	ya'di	name	2026-10-04	
产品研制	chan'pin'yan'zhi	word	2026-10-04	
凯夫拉	kai'fu'la	name	2026-10-04	
华鑫集团	hua'xin'ji'tuan	name	2026-10-04	
卓驭	zhuo'yu	name	2026-10-04	
夜钓	ye'diao	word	2026-10-04	
大赛璐	da'sai'lu	name	2026-10-04	
妖帝	yao'di	word	2026-10-04	
娱美德	yu'mei'de	name	2026-10-04	
存在异议	cun'zai'yi'yi	word	2026-10-04	
尔巴耶夫	er'ba'ye'fu	name	2026-10-04	
尽天下	jin'tian'xia	word	2026-10-04	
巴吞旺	ba'tun'wang	name	2026-10-04	
帐号密码	zhang'hao'mi'ma	word	2026-10-04	
弧垂	hu'chui	term	2026-10-04	
惠誉	hui'yu	name	2026-10-04	
慢慢磨	man'man'mo	word	2026-10-04	
打药机	da'yao'ji	term	2026-10-04	
拟聘人选	ni'pin'ren'xuan	term	2026-10-04	
整场活动	zheng'chang'huo'dong	word	2026-10-04	
旋涂	xuan'tu	term	2026-10-04	
未意识到	wei'yi'shi'dao	word	2026-10-04	
棉绳	mian'sheng	word	2026-10-04	
水疗店	shui'liao'dian	word	2026-10-04	
河沿线	he'yan'xian	word	2026-10-04	
滤料层	lv'liao'ceng	term	2026-10-04	
演一出	yan'yi'chu	word	2026-10-04	
演出行业	yan'chu'hang'ye	word	2026-10-04	
瑶浴	yao'yu	word	2026-10-04	
甘草汤	gan'cao'tang	word	2026-10-04	
疏港	shu'gang	term	2026-10-04	
盛新能源	sheng'xin'neng'yuan	name	2026-10-04	
砖生产线	zhuan'sheng'chan'xian	term	2026-10-04	
秋韵	qiu'yun	word	2026-10-04	
秦叔	qin'shu	word	2026-10-04	
稻虾	dao'xia	term	2026-10-04	
竖杆	shu'gan	term	2026-10-04	
维森特	wei'sen'te	name	2026-10-04	
表现更佳	biao'xian'geng'jia	word	2026-10-04	
钳式	qian'shi	term	2026-10-04	
钴基	gu'ji	term	2026-10-04	
隐性消费	yin'xing'xiao'fei	word	2026-10-04	
雕纹	diao'wen	word	2026-10-04	
非遗手作	fei'yi'shou'zuo	word	2026-10-04	
韩德君	han'de'jun	name	2026-10-04	
鸭汤	ya'tang	word	2026-10-04	
麓湖	lu'hu	name	2026-10-04	
一句诗	yi'ju'shi	word	2026-10-04	
专八听力	zhuan'ba'ting'li	term	2026-10-04	
人机互动	ren'ji'hu'dong	term	2026-10-04	
低丢包	di'diu'bao	term	2026-10-04	
佑驾创新	you'jia'chuang'xin	name	2026-10-04	
修仙路	xiu'xian'lu	word	2026-10-04	
几个姿势	ji'ge'zi'shi	word	2026-10-04	
创新药械	chuang'xin'yao'xie	term	2026-10-04	
到她身边	dao'ta'shen'bian	word	2026-10-04	
勇救	yong'jiu	word	2026-10-04	
包馅	bao'xian	word	2026-10-04	
受试物	shou'shi'wu	term	2026-10-04	
夺旗	duo'qi	word	2026-10-04	
安全乘梯	an'quan'cheng'ti	word	2026-10-04	
实用面积	shi'yong'mian'ji	term	2026-10-04	
展位预定	zhan'wei'yu'ding	word	2026-10-04	
开棺	kai'guan	word	2026-10-04	
抑泡	yi'pao	term	2026-10-04	
拆垛	chai'duo	term	2026-10-04	
推理链	tui'li'lian	term	2026-10-04	
攻防博弈	gong'fang'bo'yi	word	2026-10-04	
政校企	zheng'xiao'qi	term	2026-10-04	
易会满	yi'hui'man	name	2026-10-04	
本地家装	ben'di'jia'zhuang	word	2026-10-04	
氨燃料	an'ran'liao	term	2026-10-04	
油管路	you'guan'lu	term	2026-10-04	
泛醇	fan'chun	term	2026-10-04	
犁刀	li'dao	term	2026-10-04	
犬俱乐部	quan'ju'le'bu	word	2026-10-04	
玉骨	yu'gu	word	2026-10-04	
王耀庆	wang'yao'qing	name	2026-10-04	
真实工况	zhen'shi'gong'kuang	term	2026-10-04	
石墨炉	shi'mo'lu	term	2026-10-04	
社会法治	she'hui'fa'zhi	word	2026-10-04	
秘阁	mi'ge	word	2026-10-04	
竖柱	shu'zhu	term	2026-10-04	
竖轴	shu'zhou	term	2026-10-04	
管网监测	guan'wang'jian'ce	term	2026-10-04	
粘合性	nian'he'xing	term	2026-10-04	
绿廊	lv'lang	word	2026-10-04	
自动扩缩	zi'dong'kuo'suo	term	2026-10-04	
藻油	zao'you	term	2026-10-04	
融合育人	rong'he'yu'ren	term	2026-10-04	
血缘检测	xue'yuan'jian'ce	term	2026-10-04	
试图揭开	shi'tu'jie'kai	word	2026-10-04	
轻奢定制	qing'she'ding'zhi	word	2026-10-04	
逼紧	bi'jin	word	2026-10-04	
遇劫	yu'jie	word	2026-10-04	
道至尊	dao'zhi'zun	word	2026-10-04	
钢地磅	gang'di'bang	term	2026-10-04	
马嘉祺	ma'jia'qi	name	2026-10-04	
高效产出	gao'xiao'chan'chu	word	2026-10-04	
鲍尔环	bao'er'huan	term	2026-10-04	
鹏华国证	peng'hua'guo'zheng	name	2026-10-04	
亦曾	yi'ceng	word	2026-10-04	
付工程款	fu'gong'cheng'kuan	word	2026-10-04	
企业亟需	qi'ye'ji'xu	word	2026-10-04	
兽耳	shou'er	word	2026-10-04	
几株	ji'zhu	word	2026-10-04	
刀刮	dao'gua	word	2026-10-04	
刘国中	liu'guo'zhong	name	2026-10-04	
第九季	di'jiu'ji	word	2026-10-04	
等静压机	deng'jing'ya'ji	term	2026-10-04	
简历优化	jian'li'you'hua	word	2026-10-04	
算力基建	suan'li'ji'jian	word	2026-10-04	
耐破度	nai'po'du	term	2026-10-04	
聂离	nie'li	name	2026-10-04	
货架电商	huo'jia'dian'shang	term	2026-10-04	
起拱	qi'gong	term	2026-10-04	
闭源模型	bi'yuan'mo'xing	term	2026-10-04	
陈吉宁	chen'ji'ning	name	2026-10-04	
降一级	jiang'yi'ji	word	2026-10-04	
集采药品	ji'cai'yao'pin	word	2026-10-04	
青芒	qing'mang	word	2026-10-04	
颈侧	jing'ce	word	2026-10-04	
伪骨科	wei'gu'ke	slang	2026-10-04	
低压电气	di'ya'dian'qi	term	2026-10-04	
信易贷	xin'yi'dai	name	2026-10-04	
十万字	shi'wan'zi	word	2026-10-04	
吸收池	xi'shou'chi	term	2026-10-04	
字幕提取	zi'mu'ti'qu	word	2026-10-04	
小猿	xiao'yuan	name	2026-10-04	
怡宝	yi'bao	name	2026-10-04	
推荐权重	tui'jian'quan'zhong	word	2026-10-04	
握柄	wo'bing	word	2026-10-04	
摔了一下	shuai'le'yi'xia	word	2026-10-04	
智驾版	zhi'jia'ban	word	2026-10-04	
案卷评查	an'juan'ping'cha	term	2026-10-04	
油敏肌肤	you'min'ji'fu	word	2026-10-04	
灵霄	ling'xiao	name	2026-10-04	
经常喝	jing'chang'he	word	2026-10-04	
试用体验	shi'yong'ti'yan	word	2026-10-04	
辊轮	gun'lun	term	2026-10-04	
醇沉	chun'chen	term	2026-10-04	
钳位	qian'wei	term	2026-10-04	
铣刨机	xi'bao'ji	term	2026-10-04	
镍价	nie'jia	word	2026-10-04	
作出决策	zuo'chu'jue'ce	word	2026-10-04	
光储一体	guang'chu'yi'ti	term	2026-10-04	
公私财物	gong'si'cai'wu	word	2026-10-04	
减震台	jian'zhen'tai	term	2026-10-04	
去除甲醛	qu'chu'jia'quan	word	2026-10-04	
双光路	shuang'guang'lu	term	2026-10-04	
含汞	han'gong	word	2026-10-04	
含钾	han'jia	word	2026-10-04	
哪个医生	na'ge'yi'sheng	word	2026-10-04	
增值能力	zeng'zhi'neng'li	word	2026-10-04	
家居家电	jia'ju'jia'dian	word	2026-10-04	
工业质检	gong'ye'zhi'jian	word	2026-10-04	
希沃	xi'wo	name	2026-10-04	
平台秤	ping'tai'cheng	term	2026-10-04	
拟邀	ni'yao	word	2026-10-04	
新安街道	xin'an'jie'dao	name	2026-10-04	
无为市	wu'wei'shi	name	2026-10-04	
无法接收	wu'fa'jie'shou	word	2026-10-04	
普遍适用	pu'bian'shi'yong	word	2026-10-04	
法治课	fa'zhi'ke	word	2026-10-04	
滚筒线	gun'tong'xian	term	2026-10-04	
猜不到	cai'bu'dao	word	2026-10-04	
王鹤棣	wang'he'di	name	2026-10-04	
生育友好	sheng'yu'you'hao	word	2026-10-04	
百万辆	bai'wan'liang	word	2026-10-04	
离子检测	li'zi'jian'ce	word	2026-10-04	
空调扇	kong'tiao'shan	word	2026-10-04	
立案后	li'an'hou	word	2026-10-04	
虫情测报	chong'qing'ce'bao	term	2026-10-04	
铜葫芦	tong'hu'lu	word	2026-10-04	
镜腿	jing'tui	word	2026-10-04	
两盏	liang'zhan	word	2026-10-04	
亚克力盒	ya'ke'li'he	word	2026-10-04	
伊蒂哈德	yi'di'ha'de	name	2026-10-04	
何穗	he'sui	name	2026-10-04	
信创改造	xin'chuang'gai'zao	word	2026-10-04	
刮涂	gua'tu	term	2026-10-04	
及时上传	ji'shi'shang'chuan	word	2026-10-04	
反射型	fan'she'xing	word	2026-10-04	
吸气时	xi'qi'shi	word	2026-10-04	
富氢	fu'qing	term	2026-10-04	
尼依格罗	ni'yi'ge'luo	name	2026-10-04	
想躲	xiang'duo	word	2026-10-04	
截割	jie'ge	term	2026-10-04	
景观松	jing'guan'song	term	2026-10-04	
民俗体验	min'su'ti'yan	word	2026-10-04	
沪滇	hu'dian	word	2026-10-04	
淘宝卖家	tao'bao'mai'jia	word	2026-10-04	
潘建伟	pan'jian'wei	name	2026-10-04	
煤球机	mei'qiu'ji	word	2026-10-04	
真空箱	zhen'kong'xiang	term	2026-10-04	
稍作休息	shao'zuo'xiu'xi	word	2026-10-04	
细心呵护	xi'xin'he'hu	word	2026-10-04	
腰侧	yao'ce	word	2026-10-04	
蔡崇信	cai'chong'xin	name	2026-10-04	
虫咬	chong'yao	word	2026-10-04	
请移步	qing'yi'bu	word	2026-10-04	
超级增程	chao'ji'zeng'cheng	term	2026-10-04	
车网互动	che'wang'hu'dong	term	2026-10-04	
酉水	you'shui	name	2026-10-04	
降至零	jiang'zhi'ling	word	2026-10-04	
需求暴涨	xu'qiu'bao'zhang	word	2026-10-04	
音乐教师	yin'yue'jiao'shi	word	2026-10-04	
香煎	xiang'jian	word	2026-10-04	
马利克	ma'li'ke	name	2026-10-04	
骂自己	ma'zi'ji	word	2026-10-04	
鲜辣	xian'la	word	2026-10-04	
一束花	yi'shu'hua	word	2026-10-04	
两趟	liang'tang	word	2026-10-04	
乳房胀痛	ru'fang'zhang'tong	word	2026-10-04	
交变试验	jiao'bian'shi'yan	term	2026-10-04	
偏薄	pian'bao	word	2026-10-04	
公私合作	gong'si'he'zuo	word	2026-10-04	
吸锡	xi'xi	term	2026-10-04	
宝珀	bao'po	name	2026-10-04	
客房预订	ke'fang'yu'ding	word	2026-10-04	
挤出设备	ji'chu'she'bei	term	2026-10-04	
无汞	wu'gong	word	2026-10-04	
气液分离	qi'ye'fen'li	term	2026-10-04	
浐灞	chan'ba	name	2026-10-04	
粮储	liang'chu	word	2026-10-04	
紧实度	jin'shi'du	word	2026-10-04	
经常食用	jing'chang'shi'yong	word	2026-10-04	
美替尼	mei'ti'ni	term	2026-10-04	
苹果肌	ping'guo'ji	word	2026-10-04	
金瞳	jin'tong	word	2026-10-04	
飙至	biao'zhi	word	2026-10-04	
高盐雾	gao'yan'wu	term	2026-10-04	
云韵	yun'yun	name	2026-10-04	
君品习酒	jun'pin'xi'jiu	name	2026-10-04	
四号位	si'hao'wei	word	2026-10-04	
年中大促	nian'zhong'da'cu	word	2026-10-04	
怀男孩	huai'nan'hai	word	2026-10-04	
接触压力	jie'chu'ya'li	term	2026-10-04	
揪出来	jiu'chu'lai	word	2026-10-04	
无法体现	wu'fa'ti'xian	word	2026-10-04	
油浴锅	you'yu'guo	term	2026-10-04	
漏出来	lou'chu'lai	word	2026-10-04	
环保督查	huan'bao'du'cha	word	2026-10-04	
瓦楞机	wa'leng'ji	term	2026-10-04	
船舶分段	chuan'bo'fen'duan	term	2026-10-04	
英文字幕	ying'wen'zi'mu	word	2026-10-04	
信创生态	xin'chuang'sheng'tai	word	2026-10-04	
冷弯型钢	leng'wan'xing'gang	term	2026-10-04	
几枚	ji'mei	word	2026-10-04	
原厂直供	yuan'chang'zhi'gong	word	2026-10-04	
去除剂	qu'chu'ji	term	2026-10-04	
安消联动	an'xiao'lian'dong	term	2026-10-04	
属于哪种	shu'yu'na'zhong	word	2026-10-04	
川蜀	chuan'shu	word	2026-10-04	
拌种剂	ban'zhong'ji	term	2026-10-04	
捷途山海	jie'tu'shan'hai	name	2026-10-04	
数智融合	shu'zhi'rong'he	word	2026-10-04	
景瑞地产	jing'rui'di'chan	name	2026-10-04	
曲奇机	qu'qi'ji	word	2026-10-04	
欧冠集锦	ou'guan'ji'jin	word	2026-10-04	
母婴级	mu'ying'ji	word	2026-10-04	
沧龙	cang'long	word	2026-10-04	
蒋奇明	jiang'qi'ming	name	2026-10-04	
语义匹配	yu'yi'pi'pei	term	2026-10-04	
财务损失	cai'wu'sun'shi	word	2026-10-04	
起翘	qi'qiao	term	2026-10-04	
输油软管	shu'you'ruan'guan	term	2026-10-04	
郭晓东	guo'xiao'dong	name	2026-10-04	
一至四	yi'zhi'si	word	2026-10-04	
三墩	san'dun	name	2026-10-04	
体型小	ti'xing'xiao	word	2026-10-04	
全域协同	quan'yu'xie'tong	word	2026-10-04	
刃磨	ren'mo	term	2026-10-04	
去趟	qu'tang	word	2026-10-04	
后续运维	hou'xu'yun'wei	word	2026-10-04	
基础镜像	ji'chu'jing'xiang	term	2026-10-04	
安全校验	an'quan'jiao'yan	word	2026-10-04	
已迈入	yi'mai'ru	word	2026-10-04	
廊架	lang'jia	word	2026-10-04	
感烟报警	gan'yan'bao'jing	term	2026-10-04	
条件触发	tiao'jian'chu'fa	term	2026-10-04	
正式开源	zheng'shi'kai'yuan	word	2026-10-04	
毕业公证	bi'ye'gong'zheng	word	2026-10-04	
汽车板簧	qi'che'ban'huang	term	2026-10-04	
滚筒秤	gun'tong'cheng	term	2026-10-04	
碘值	dian'zhi	term	2026-10-04	
稻妻	dao'qi	name	2026-10-04	
竖瞳	shu'tong	word	2026-10-04	
粉丝粘性	fen'si'nian'xing	word	2026-10-04	
维罗尼卡	wei'luo'ni'ka	name	2026-10-04	
行李额	xing'li'e	word	2026-10-04	
视光师	shi'guang'shi	term	2026-10-04	
软起动	ruan'qi'dong	term	2026-10-04	
邓愈	deng'yu	name	2026-10-04	
镜像拉取	jing'xiang'la'qu	term	2026-10-04	
震动反馈	zhen'dong'fan'kui	word	2026-10-04	
专享卡	zhuan'xiang'ka	word	2026-10-04	
主食罐	zhu'shi'guan	word	2026-10-04	
九三阅兵	jiu'san'yue'bing	word	2026-10-04	
京东奢品	jing'dong'she'pin	name	2026-10-04	
关键一跃	guan'jian'yi'yue	word	2026-10-04	
凯翼	kai'yi	name	2026-10-04	
加力扩围	jia'li'kuo'wei	word	2026-10-04	
动物血	dong'wu'xue	word	2026-10-04	
原汁机	yuan'zhi'ji	word	2026-10-04	
去她家	qu'ta'jia	word	2026-10-04	
妈妈鞋	ma'ma'xie	word	2026-10-04	
妖妃	yao'fei	word	2026-10-04	
局中局	ju'zhong'ju	word	2026-10-04	
御兽师	yu'shou'shi	word	2026-10-04	
执棋	zhi'qi	word	2026-10-04	
智能向善	zhi'neng'xiang'shan	word	2026-10-04	
校区地址	xiao'qu'di'zhi	word	2026-10-04	
瑜伽室	yu'jia'shi	word	2026-10-04	
用了三年	yong'le'san'nian	word	2026-10-04	
监测帮扶	jian'ce'bang'fu	term	2026-10-04	
耐皂洗	nai'zao'xi	term	2026-10-04	
膜堆	mo'dui	term	2026-10-04	
芙宁娜	fu'ning'na	name	2026-10-04	
获批率	huo'pi'lv	word	2026-10-04	
行使权力	xing'shi'quan'li	word	2026-10-04	
诛邪	zhu'xie	word	2026-10-04	
返澳	fan'ao	word	2026-10-04	
降水产品	jiang'shui'chan'pin	term	2026-10-04	
顺丰保价	shun'feng'bao'jia	word	2026-10-04	
马年新春	ma'nian'xin'chun	word	2026-10-04	
高度尺	gao'du'chi	term	2026-10-04	
黄檀	huang'tan	term	2026-10-04	
上市酒企	shang'shi'jiu'qi	word	2026-10-04	
范湉湉	fan'tian'tian	name	2026-10-04	from an eval failure (chat, tuning half); 54 in the crawl
无需担心	wu'xu'dan'xin	word	2026-10-04	
星耀	xing'yao	slang	2026-10-04	
无卤	wu'lu	term	2026-10-04	
抛丸	pao'wan	term	2026-10-04	
当贝	dang'bei	name	2026-10-04	
卫生级	wei'sheng'ji	term	2026-10-04	
纸罐	zhi'guan	word	2026-10-04	
花箱	hua'xiang	word	2026-10-04	
纯玩	chun'wan	word	2026-10-04	
募投	mu'tou	term	2026-10-04	
班课	ban'ke	word	2026-10-04	
墓位	mu'wei	word	2026-10-04	
主机商	zhu'ji'shang	word	2026-10-04	
微藻	wei'zao	term	2026-10-04	
埃安	ai'an	name	2026-10-04	
技术职称	ji'shu'zhi'cheng	word	2026-10-04	
冲煞	chong'sha	term	2026-10-04	
尊界	zun'jie	name	2026-10-04	
全铝家具	quan'lv'jia'ju	word	2026-10-04	
孔学堂	kong'xue'tang	name	2026-10-04	
锌层	xin'ceng	term	2026-10-04	
畅读	chang'du	word	2026-10-04	
硅光	gui'guang	term	2026-10-04	
湖南建投	hu'nan'jian'tou	name	2026-10-04	
宇舶	yu'bo	name	2026-10-04	
掉马	diao'ma	slang	2026-10-04	
实时风控	shi'shi'feng'kong	term	2026-10-04	
由壬	you'ren	term	2026-10-04	
塑木	su'mu	term	2026-10-04	
寄修	ji'xiu	word	2026-10-04	
蔚来汽车	wei'lai'qi'che	name	2026-10-04	
辊式	gun'shi	term	2026-10-04	
粘钢	zhan'gang	term	2026-10-04	
绳锯	sheng'ju	term	2026-10-04	
拉弯	la'wan	term	2026-10-04	
做下去	zuo'xia'qu	word	2026-10-04	
散白酒	san'bai'jiu	word	2026-10-04	
编译时	bian'yi'shi	word	2026-10-04	
微珠	wei'zhu	term	2026-10-04	
木渎	mu'du	name	2026-10-04	
转轮除湿	zhuan'lun'chu'shi	term	2026-10-04	
绿雕	lv'diao	term	2026-10-04	
直吹	zhi'chui	word	2026-10-04	
图斑	tu'ban	term	2026-10-04	
国民体质	guo'min'ti'zhi	word	2026-10-04	
甜酷	tian'ku	slang	2026-10-04	
美睫	mei'jie	word	2026-10-04	
未注明	wei'zhu'ming	word	2026-10-04	
臂架	bi'jia	term	2026-10-04	
撬装	qiao'zhuang	term	2026-10-04	
牧原	mu'yuan	name	2026-10-04	
碳氢清洗	tan'qing'qing'xi	term	2026-10-04	
饼干机	bing'gan'ji	word	2026-10-04	
消防箱	xiao'fang'xiang	word	2026-10-04	
熔覆	rong'fu	term	2026-10-04	
治本攻坚	zhi'ben'gong'jian	word	2026-10-04	
阀盖	fa'gai	term	2026-10-04	
代工代料	dai'gong'dai'liao	word	2026-10-04	
芒格	mang'ge	name	2026-10-04	
液罐	ye'guan	term	2026-10-04	
月光宝盒	yue'guang'bao'he	name	2026-10-04	
扩能提质	kuo'neng'ti'zhi	word	2026-10-04	
货厢	huo'xiang	word	2026-10-04	
德先生	de'xian'sheng	name	2026-10-04	
艾媒咨询	ai'mei'zi'xun	name	2026-10-04	
气化器	qi'hua'qi	term	2026-10-04	
阿拉德	a'la'de	name	2026-10-04	
振动探头	zhen'dong'tan'tou	term	2026-10-04	
力学仿真	li'xue'fang'zhen	term	2026-10-04	
异人之下	yi'ren'zhi'xia	name	2026-10-04	
涨知识	zhang'zhi'shi	slang	2026-10-04	
菅田将晖	jian'tian'jiang'hui	name	2026-10-04	
老年助餐	lao'nian'zhu'can	word	2026-10-04	
游戏时长	you'xi'shi'chang	word	2026-10-04	
亿万年	yi'wan'nian	word	2026-10-04	
铝膜	lv'mo	term	2026-10-04	
低场核磁	di'chang'he'ci	term	2026-10-04	
拱形屋面	gong'xing'wu'mian	term	2026-10-04	
角座阀	jiao'zuo'fa	term	2026-10-04	
长轴泵	chang'zhou'beng	term	2026-10-04	
丙类	bing'lei	term	2026-10-04	
磨浆	mo'jiang	term	2026-10-04	
刀座	dao'zuo	word	2026-10-04	
拼柜	pin'gui	term	2026-10-04	
憎水	zeng'shui	term	2026-10-04	
冲煮	chong'zhu	word	2026-10-04	
酰氯	xian'lv	term	2026-10-04	
甲戌侧批	jia'xu'ce'pi	term	2026-10-04	
施肥机	shi'fei'ji	word	2026-10-04	
钛阳极	tai'yang'ji	term	2026-10-04	
抽沙	chou'sha	word	2026-10-04	
隔音舱	ge'yin'cang	word	2026-10-04	
振镜	zhen'jing	term	2026-10-04	
轴位移	zhou'wei'yi	term	2026-10-04	
偶联药物	ou'lian'yao'wu	term	2026-10-04	
湘超	xiang'chao	name	2026-10-04	
低温粉碎	di'wen'fen'sui	term	2026-10-04	
助行车	zhu'xing'che	word	2026-10-04	
釜体	fu'ti	term	2026-10-04	
视频模板	shi'pin'mu'ban	word	2026-10-04	
粉紫	fen'zi	word	2026-10-04	
铂尔曼	bo'er'man	name	2026-10-04	
乙巳年	yi'si'nian	word	2026-10-04	
辛顿	xin'dun	name	2026-10-04	
防螨	fang'man	word	2026-10-04	
收集箱	shou'ji'xiang	word	2026-10-04	
七猫	qi'mao	name	2026-10-04	
冤种	yuan'zhong	slang	2026-10-04	
打不通	da'bu'tong	word	2026-10-04	
二氟	er'fu	term	2026-10-04	
嘉措	jia'cuo	name	2026-10-04	
臀推	tun'tui	term	2026-10-04	
千道流	qian'dao'liu	name	2026-10-04	
数据血缘	shu'ju'xue'yuan	term	2026-10-04	
雨量监测	yu'liang'jian'ce	word	2026-10-04	
嘿呦	hei'you	slang	2026-10-04	
妥昔单抗	tuo'xi'dan'kang	term	2026-10-04	
理化板	li'hua'ban	term	2026-10-04	
连轧	lian'zha	term	2026-10-04	
叉车电瓶	cha'che'dian'ping	word	2026-10-04	
添衣	tian'yi	word	2026-10-04	
西行纪	xi'xing'ji	name	2026-10-04	
商砼	shang'tong	term	2026-10-04	
中端机	zhong'duan'ji	word	2026-10-04	
智能排产	zhi'neng'pai'chan	term	2026-10-04	
水泥胶砂	shui'ni'jiao'sha	term	2026-10-04	
非食用	fei'shi'yong	word	2026-10-04	
净宗	jing'zong	term	2026-10-04	
线接头	xian'jie'tou	word	2026-10-04	
贝索斯	bei'suo'si	name	2026-10-04	
来伊份	lai'yi'fen	name	2026-10-04	
氨气检测	an'qi'jian'ce	word	2026-10-04	
碰杠	peng'gang	term	2026-10-04	
转速监测	zhuan'su'jian'ce	term	2026-10-04	
锌丝	xin'si	term	2026-10-04	
公式如下	gong'shi'ru'xia	word	2026-10-04	
汪汪队	wang'wang'dui	name	2026-10-04	
钢壳	gang'ke	word	2026-10-04	
锌铝	xin'lv	term	2026-10-04	
凋落物	diao'luo'wu	term	2026-10-04	
法律争议	fa'lv'zheng'yi	word	2026-10-04	
顶管机	ding'guan'ji	term	2026-10-04	
低温测试	di'wen'ce'shi	word	2026-10-04	
九五至尊	jiu'wu'zhi'zun	word	2026-10-04	
入职前	ru'zhi'qian	word	2026-10-04	
老巷	lao'xiang	word	2026-10-04	
宠物家电	chong'wu'jia'dian	word	2026-10-04	
湿度监测	shi'du'jian'ce	term	2026-10-04	
熟龄	shu'ling	word	2026-10-04	
双极板	shuang'ji'ban	term	2026-10-04	
川籍	chuan'ji	word	2026-10-04	
生源省	sheng'yuan'sheng	word	2026-10-04	
发泡机	fa'pao'ji	term	2026-10-04	
管型母线	guan'xing'mu'xian	term	2026-10-04	
钢瓶秤	gang'ping'cheng	term	2026-10-04	
宋初	song'chu	word	2026-10-04	
膏滋	gao'zi	term	2026-10-04	
提取试剂	ti'qu'shi'ji	term	2026-10-04	
卸油	xie'you	word	2026-10-04	
流体仿真	liu'ti'fang'zhen	term	2026-10-04	
液压剪	ye'ya'jian	term	2026-10-04	
裸铜	luo'tong	term	2026-10-04	
赝势	yan'shi	term	2026-10-04	
震动盘	zhen'dong'pan	term	2026-10-04	
跨链桥接	kua'lian'qiao'jie	term	2026-10-04	
移机服务	yi'ji'fu'wu	word	2026-10-04	
水平位移	shui'ping'wei'yi	term	2026-10-04	
秦创原	qin'chuang'yuan	name	2026-10-04	
叶子节点	ye'zi'jie'dian	term	2026-10-04	
高熵	gao'shang	term	2026-10-04	
购物店	gou'wu'dian	word	2026-10-04	
北欧家具	bei'ou'jia'ju	word	2026-10-04	
吾妻	wu'qi	word	2026-10-04	
薰儿	xun'er	name	2026-10-04	
作出结论	zuo'chu'jie'lun	word	2026-10-04	
王怜花	wang'lian'hua	name	2026-10-04	
爹咪	die'mi	slang	2026-10-04	
储水罐	chu'shui'guan	word	2026-10-04	
差分探头	cha'fen'tan'tou	term	2026-10-04	
镍钴	nie'gu	term	2026-10-04	
启辰	qi'chen	name	2026-10-04	
成形技术	cheng'xing'ji'shu	term	2026-10-04	
林加德	lin'jia'de	name	2026-10-04	
世子妃	shi'zi'fei	word	2026-10-04	
植保机	zhi'bao'ji	term	2026-10-04	
结晶型	jie'jing'xing	term	2026-10-04	
使用示例	shi'yong'shi'li	word	2026-10-04	
咒回	zhou'hui	slang	2026-10-04	
渗油	shen'you	word	2026-10-04	
苟到	gou'dao	slang	2026-10-04	
茶咖	cha'ka	word	2026-10-04	
菌草	jun'cao	term	2026-10-04	
链长制	lian'zhang'zhi	term	2026-10-04	
低慢小	di'man'xiao	term	2026-10-04	
加热室	jia're'shi	term	2026-10-04	
无人艇	wu'ren'ting	term	2026-10-04	
濂溪区	lian'xi'qu	name	2026-10-04	
前沿议题	qian'yan'yi'ti	word	2026-10-04	
采菊	cai'ju	word	2026-10-04	
教联体	jiao'lian'ti	term	2026-10-04	
李一桐	li'yi'tong	name	2026-10-04	
理财咨询	li'cai'zi'xun	word	2026-10-04	
颚板	e'ban	term	2026-10-04	
鹿鞭	lu'bian	word	2026-10-04	
八佰	ba'bai	name	2026-10-04	
军用级	jun'yong'ji	word	2026-10-04	
坐凳	zuo'deng	word	2026-10-04	
易涝	yi'lao	word	2026-10-04	
瑶医	yao'yi	term	2026-10-04	
第三遍	di'san'bian	word	2026-10-04	
除藻	chu'zao	word	2026-10-04	
危包证	wei'bao'zheng	term	2026-10-04	
乙氧基	yi'yang'ji	term	2026-10-04	
前移式	qian'yi'shi	term	2026-10-04	
包衣机	bao'yi'ji	term	2026-10-04	
尽快回复	jin'kuai'hui'fu	word	2026-10-04	
斐乐	fei'le	name	2026-10-04	
模流仿真	mo'liu'fang'zhen	term	2026-10-04	
锂资源	li'zi'yuan	word	2026-10-04	
中性电极	zhong'xing'dian'ji	term	2026-10-04	
侗寨	dong'zhai	word	2026-10-04	
锌离子	xin'li'zi	term	2026-10-04	
学史力行	xue'shi'li'xing	word	2026-10-04	
掩膜版	yan'mo'ban	term	2026-10-04	
每棵	mei'ke	word	2026-10-04	
耿彦波	geng'yan'bo	name	2026-10-04	
金克丝	jin'ke'si	name	2026-10-04	
求娶	qiu'qu	word	2026-10-04	
赏秋	shang'qiu	word	2026-10-04	
舌诊	she'zhen	term	2026-10-04	
伽玛刀	ga'ma'dao	term	2026-10-04	
名戏名段	ming'xi'ming'duan	word	2026-10-04	
猝灭	cu'mie	term	2026-10-04	
盐焗	yan'ju	word	2026-10-04	
万相台	wan'xiang'tai	name	2026-10-04	
挡煞	dang'sha	word	2026-10-04	
视频播客	shi'pin'bo'ke	word	2026-10-04	
齐跌	qi'die	word	2026-10-04	
事后复盘	shi'hou'fu'pan	word	2026-10-04	
玛丽珍	ma'li'zhen	name	2026-10-04	
酸二甲酯	suan'er'jia'zhi	term	2026-10-04	
重型汽车	zhong'xing'qi'che	word	2026-10-04	
鲁朗	lu'lang	name	2026-10-04	
咕啾	gu'jiu	slang	2026-10-04	
尾纤	wei'xian	term	2026-10-04	
数据滞后	shu'ju'zhi'hou	word	2026-10-04	
淋膜	lin'mo	term	2026-10-04	
湾畔	wan'pan	word	2026-10-04	
登机手续	deng'ji'shou'xu	word	2026-10-04	
称重结算	cheng'zhong'jie'suan	term	2026-10-04	
男鬼	nan'gui	slang	2026-10-04	
奉化区	feng'hua'qu	name	2026-10-04	
实时热榜	shi'shi're'bang	word	2026-10-04	
导电排	dao'dian'pai	term	2026-10-04	
浓缩铀	nong'suo'you	term	2026-10-04	
钛镁	tai'mei	term	2026-10-04	
湿垃圾	shi'la'ji	word	2026-10-04	
石漠化	shi'mo'hua	term	2026-10-04	
交付时效	jiao'fu'shi'xiao	word	2026-10-04	
岚图泰山	lan'tu'tai'shan	name	2026-10-04	
百吋	bai'cun	term	2026-10-04	
窑尾	yao'wei	term	2026-10-04	
绳锯机	sheng'ju'ji	term	2026-10-04	
一份耕耘	yi'fen'geng'yun	word	2026-10-04	
王馨瑶	wang'xin'yao	name	2026-10-04	
睡后收入	shui'hou'shou'ru	slang	2026-10-04	
纤维纸	xian'wei'zhi	word	2026-10-04	
随大流	sui'da'liu	word	2026-10-04	
双廊	shuang'lang	name	2026-10-04	
嵌糕	qian'gao	word	2026-10-04	
菲涅尔	fei'nie'er	term	2026-10-04	
迪玛利亚	di'ma'li'ya	name	2026-10-04	
钓箱	diao'xiang	word	2026-10-04	
鸡煲	ji'bao	word	2026-10-04	
焊管机	han'guan'ji	term	2026-10-04	
虾尾	xia'wei	word	2026-10-04	
静谧性	jing'mi'xing	word	2026-10-04	
氯含量	lv'han'liang	term	2026-10-04	
食用价值	shi'yong'jia'zhi	word	2026-10-04	
吴宣仪	wu'xuan'yi	name	2026-10-04	
廉贞	lian'zhen	name	2026-10-04	
开讲啦	kai'jiang'la	name	2026-10-04	
涂氟	tu'fu	term	2026-10-04	
病美人	bing'mei'ren	slang	2026-10-04	
真空冻干	zhen'kong'dong'gan	term	2026-10-04	
起付线	qi'fu'xian	term	2026-10-04	
软起动器	ruan'qi'dong'qi	term	2026-10-04	
镇沅	zhen'yuan	name	2026-10-04	
拉踩	la'cai	slang	2026-10-04	
摩擦摆	mo'ca'bai	term	2026-10-04	
杨植麟	yang'zhi'lin	name	2026-10-04	
气动马达	qi'dong'ma'da	term	2026-10-04	
辑刊	ji'kan	term	2026-10-04	
除磷剂	chu'lin'ji	term	2026-10-04	
楼梯护角	lou'ti'hu'jiao	term	2026-10-04	
淡墨	dan'mo	word	2026-10-04	
低基数	di'ji'shu	word	2026-10-04	
劫煞	jie'sha	term	2026-10-04	
微瑕	wei'xia	word	2026-10-04	
志贺	zhi'he	name	2026-10-04	
权利保障	quan'li'bao'zhang	word	2026-10-04	
裘德	qiu'de	name	2026-10-04	
蹚出	tang'chu	word	2026-10-04	
列王纪	lie'wang'ji	name	2026-10-04	
张水华	zhang'shui'hua	name	2026-10-04	
稻田里	dao'tian'li	word	2026-10-04	
罗云熙	luo'yun'xi	name	2026-10-04	
设定阈值	she'ding'yu'zhi	word	2026-10-04	
孝文化	xiao'wen'hua	word	2026-10-04	
搅拌筒	jiao'ban'tong	term	2026-10-04	
竹钢	zhu'gang	term	2026-10-04	
纹漆	wen'qi	term	2026-10-04	
园林石	yuan'lin'shi	term	2026-10-04	
显微组织	xian'wei'zu'zhi	term	2026-10-04	
甲氧基苯	jia'yang'ji'ben	term	2026-10-04	
第几章	di'ji'zhang	word	2026-10-04	
织密织牢	zhi'mi'zhi'lao	word	2026-10-04	
苔黄	tai'huang	term	2026-10-04	
三唑	san'zuo	term	2026-10-04	
废墨	fei'mo	term	2026-10-04	
李善德	li'shan'de	name	2026-10-04	
枫斗	feng'dou	term	2026-10-04	
点餐收银	dian'can'shou'yin	word	2026-10-04	
焊锡球	han'xi'qiu	term	2026-10-04	
熵值	shang'zhi	term	2026-10-04	
钎料	qian'liao	term	2026-10-04	
铜杆	tong'gan	term	2026-10-04	
微滤机	wei'lv'ji	term	2026-10-04	
舔鞋	tian'xie	slang	2026-10-04	
轻踩	qing'cai	word	2026-10-04	
云巅	yun'dian	word	2026-10-04	
憾负	han'fu	word	2026-10-04	
无菌袋	wu'jun'dai	word	2026-10-04	
暮雪	mu'xue	word	2026-10-04	
板换器	ban'huan'qi	term	2026-10-04	
省经信厅	sheng'jing'xin'ting	name	2026-10-04	
算力券	suan'li'quan	term	2026-10-04	
粘在一起	zhan'zai'yi'qi	word	2026-10-04	
赖茅	lai'mao	name	2026-10-04	
低利息	di'li'xi	word	2026-10-04	
单依纯	shan'yi'chun	name	2026-10-04	
卡涩	ka'se	term	2026-10-04	
吸收液	xi'shou'ye	term	2026-10-04	
待在一起	dai'zai'yi'qi	word	2026-10-04	
摇瓶	yao'ping	term	2026-10-04	
双翅	shuang'chi	word	2026-10-04	
吴冠中	wu'guan'zhong	name	2026-10-04	
挂桶	gua'tong	word	2026-10-04	
板框式	ban'kuang'shi	term	2026-10-04	
点胶设备	dian'jiao'she'bei	term	2026-10-04	
苔白	tai'bai	term	2026-10-04	
井上和彦	jing'shang'he'yan	name	2026-10-04	
垫子上	dian'zi'shang	word	2026-10-04	
夕颜	xi'yan	word	2026-10-04	
成衣批发	cheng'yi'pi'fa	word	2026-10-04	
振动幅度	zhen'dong'fu'du	term	2026-10-04	
斜撑	xie'cheng	term	2026-10-04	
格罗夫	ge'luo'fu	name	2026-10-04	
测漏仪	ce'lou'yi	term	2026-10-04	
王文涛	wang'wen'tao	name	2026-10-04	
金属浴	jin'shu'yu	term	2026-10-04	
韶音	shao'yin	name	2026-10-04	
兰炭	lan'tan	term	2026-10-04	
张钧甯	zhang'jun'ning	name	2026-10-04	
弹舌	tan'she	word	2026-10-04	
据记载	ju'ji'zai	word	2026-10-04	
政治权力	zheng'zhi'quan'li	word	2026-10-04	
淋洗液	lin'xi'ye	term	2026-10-04	
立磨机	li'mo'ji	term	2026-10-04	
西博城	xi'bo'cheng	name	2026-10-04	
低趴	di'pa	word	2026-10-04	
实地核验	shi'di'he'yan	word	2026-10-04	
普利希奇	pu'li'xi'qi	name	2026-10-04	
智能排课	zhi'neng'pai'ke	word	2026-10-04	
自洁式	zi'jie'shi	term	2026-10-04	
融侨	rong'qiao	name	2026-10-04	
触发告警	chu'fa'gao'jing	word	2026-10-04	
飞行学院	fei'xing'xue'yuan	word	2026-10-04	
吉利德	ji'li'de	name	2026-10-04	
智慧税务	zhi'hui'shui'wu	word	2026-10-04	
碳储量	tan'chu'liang	term	2026-10-04	
超洁净	chao'jie'jing	word	2026-10-04	
麦富迪	mai'fu'di	name	2026-10-04	
养护箱	yang'hu'xiang	term	2026-10-04	
冷榨	leng'zha	term	2026-10-04	
父元素	fu'yuan'su	term	2026-10-04	
起垄	qi'long	term	2026-10-04	
默示录	mo'shi'lu	name	2026-10-04	
多元算力	duo'yuan'suan'li	term	2026-10-04	
安谋科技	an'mou'ke'ji	name	2026-10-04	
树脂粉	shu'zhi'fen	term	2026-10-04	
鼠洞	shu'dong	word	2026-10-04	
口咽	kou'yan	term	2026-10-04	
埃弗拉	ai'fu'la	name	2026-10-04	
巨灾	ju'zai	term	2026-10-04	
疏油	shu'you	term	2026-10-04	
酶活力	mei'huo'li	term	2026-10-04	
喵酱	miao'jiang	slang	2026-10-04	
宽松版型	kuan'song'ban'xing	word	2026-10-04	
气爪	qi'zhua	term	2026-10-04	
漾开	yang'kai	word	2026-10-04	
申真谞	shen'zhen'xu	name	2026-10-04	
申鹤	shen'he	name	2026-10-04	
范德彪	fan'de'biao	name	2026-10-04	
醚类	mi'lei	term	2026-10-04	
阿洛酮糖	a'luo'tong'tang	term	2026-10-04	
去买菜	qu'mai'cai	word	2026-10-04	
张歆艺	zhang'xin'yi	name	2026-10-04	
律师实务	lv'shi'shi'wu	word	2026-10-04	
真实情境	zhen'shi'qing'jing	word	2026-10-04	
背负式	bei'fu'shi	term	2026-10-04	
装车量	zhuang'che'liang	term	2026-10-04	
预设阈值	yu'she'yu'zhi	word	2026-10-04	
丁禹兮	ding'yu'xi	name	2026-10-04	
凌派	ling'pai	name	2026-10-04	
周转筐	zhou'zhuan'kuang	term	2026-10-04	
培根铸魂	pei'gen'zhu'hun	word	2026-10-04	
韩束	han'shu	name	2026-10-04	
鸡娃	ji'wa	slang	2026-10-04	
信效度	xin'xiao'du	term	2026-10-04	
养肾	yang'shen	word	2026-10-04	
夜爬	ye'pa	word	2026-10-04	
米级定位	mi'ji'ding'wei	term	2026-10-04	
驼队	tuo'dui	word	2026-10-04	
德施曼	de'shi'man	name	2026-10-04	
戴起来	dai'qi'lai	word	2026-10-04	
梁汝波	liang'ru'bo	name	2026-10-04	
横山区	heng'shan'qu	name	2026-10-04	
燕尾槽	yan'wei'cao	term	2026-10-04	
糖胺	tang'an	term	2026-10-04	
缝包机	feng'bao'ji	term	2026-10-04	
腰窝	yao'wo	word	2026-10-04	
手操器	shou'cao'qi	term	2026-10-04	
林清轩	lin'qing'xuan	name	2026-10-04	
清粪机	qing'fen'ji	term	2026-10-04	
绝缘检测	jue'yuan'jian'ce	term	2026-10-04	
贴膜机	tie'mo'ji	term	2026-10-04	
隔几天	ge'ji'tian	word	2026-10-04	
一粒米	yi'li'mi	word	2026-10-04	
三肽	san'tai	term	2026-10-04	
俊脸	jun'lian	word	2026-10-04	
写作方式	xie'zuo'fang'shi	word	2026-10-04	
奖补政策	jiang'bu'zheng'ce	word	2026-10-04	
电商小包	dian'shang'xiao'bao	term	2026-10-04	
筑基丹	zhu'ji'dan	term	2026-10-04	
莺儿	ying'er	name	2026-10-04	
超级符号	chao'ji'fu'hao	term	2026-10-04	
乔希	qiao'xi	name	2026-10-04	
京冀	jing'ji	name	2026-10-04	
拓荆科技	tuo'jing'ke'ji	name	2026-10-04	
油焖	you'men	word	2026-10-04	
泛化性	fan'hua'xing	term	2026-10-04	
矢野	shi'ye	name	2026-10-04	
管网更新	guan'wang'geng'xin	term	2026-10-04	
紧抿	jin'min	word	2026-10-04	
联学联建	lian'xue'lian'jian	word	2026-10-04	
莱莎	lai'sha	name	2026-10-04	
零担专线	ling'dan'zhuan'xian	term	2026-10-04	
员工福祉	yuan'gong'fu'zhi	word	2026-10-04	
罗斯蒙特	luo'si'meng'te	name	2026-10-04	
翰森	han'sen	name	2026-10-04	
虫情监测	chong'qing'jian'ce	term	2026-10-04	
阚清子	kan'qing'zi	name	2026-10-04	
五轴水刀	wu'zhou'shui'dao	term	2026-10-04	
党史知识	dang'shi'zhi'shi	word	2026-10-04	
欧睿	ou'rui	name	2026-10-04	
灵笼	ling'long	name	2026-10-04	
生态康养	sheng'tai'kang'yang	word	2026-10-04	
盼儿	pan'er	name	2026-10-04	
芝柏	zhi'bai	name	2026-10-04	
连续梁	lian'xu'liang	term	2026-10-04	
魏武	wei'wu	name	2026-10-04	
克劳迪娅	ke'lao'di'ya	name	2026-10-04	
弗迪	fu'di	name	2026-10-04	
悦翔	yue'xiang	name	2026-10-04	
枕戈	zhen'ge	word	2026-10-04	
淬硬	cui'ying	term	2026-10-04	
痞幼	pi'you	name	2026-10-04	
神谷浩史	shen'gu'hao'shi	name	2026-10-04	
等保合规	deng'bao'he'gui	term	2026-10-04	
蔻依	kou'yi	name	2026-10-04	
虫害监测	chong'hai'jian'ce	term	2026-10-04	
卢特尼克	lu'te'ni'ke	name	2026-10-04	
悍高集团	han'gao'ji'tuan	name	2026-10-04	
拜合拉木	bai'he'la'mu	name	2026-10-04	
探岳	tan'yue	name	2026-10-04	
暑湿	shu'shi	term	2026-10-04	
荣誉会长	rong'yu'hui'zhang	word	2026-10-04	
菅原	jian'yuan	name	2026-10-04	
谢烟客	xie'yan'ke	name	2026-10-04	
赵立坚	zhao'li'jian	name	2026-10-04	
高黏度	gao'nian'du	word	2026-10-04	
多维表格	duo'wei'biao'ge	term	2026-10-04	
宜居性	yi'ju'xing	word	2026-10-04	
施用量	shi'yong'liang	term	2026-10-04	
油烟清洗	you'yan'qing'xi	word	2026-10-04	
洗板机	xi'ban'ji	term	2026-10-04	
谈薪	tan'xin	word	2026-10-04	
辊压机	gun'ya'ji	term	2026-10-04	
铜基板	tong'ji'ban	term	2026-10-04	
锁仓量	suo'cang'liang	term	2026-10-04	
戒杀	jie'sha	word	2026-10-04	
抽检工作	chou'jian'gong'zuo	word	2026-10-04	
时事通讯	shi'shi'tong'xun	word	2026-10-04	
李维嘉	li'wei'jia	name	2026-10-04	
滚桶	gun'tong	word	2026-10-04	
生羊乳	sheng'yang'ru	term	2026-10-04	
退费条款	tui'fei'tiao'kuan	word	2026-10-04	
零嵌	ling'qian	term	2026-10-04	
风险减量	feng'xian'jian'liang	term	2026-10-04	
亏电油耗	kui'dian'you'hao	term	2026-10-04	
导视标识	dao'shi'biao'shi	term	2026-10-04	
小鹏汇天	xiao'peng'hui'tian	name	2026-10-04	
曹刿	cao'gui	name	2026-10-04	
栋梁之材	dong'liang'zhi'cai	word	2026-10-04	
桜井宁宁	ying'jing'ning'ning	name	2026-10-04	
氰菊酯	qing'ju'zhi	term	2026-10-04	
社区物业	she'qu'wu'ye	word	2026-10-04	
窦骁	dou'xiao	name	2026-10-04	
老化房	lao'hua'fang	term	2026-10-04	
腰托	yao'tuo	word	2026-10-04	
苟道	gou'dao	slang	2026-10-04	
营养膏	ying'yang'gao	word	2026-10-04	
萨埵	sa'duo	term	2026-10-04	
赏荷	shang'he	word	2026-10-04	
严屹宽	yan'yi'kuan	name	2026-10-04	
农普办	nong'pu'ban	term	2026-10-04	
刻晴	ke'qing	name	2026-10-04	
失能等级	shi'neng'deng'ji	term	2026-10-04	
左氏	zuo'shi	name	2026-10-04	
成都春糖	cheng'du'chun'tang	name	2026-10-04	
换嫁	huan'jia	slang	2026-10-04	
结账流程	jie'zhang'liu'cheng	word	2026-10-04	
网孔板	wang'kong'ban	term	2026-10-04	
酸浸	suan'jin	term	2026-10-04	
非法拘留	fei'fa'ju'liu	word	2026-10-04	
共通之处	gong'tong'zhi'chu	word	2026-10-04	
历史曲线	li'shi'qu'xian	term	2026-10-04	
古典文化	gu'dian'wen'hua	word	2026-10-04	
含铬	han'ge	word	2026-10-04	
好想来	hao'xiang'lai	name	2026-10-04	
拒稿	ju'gao	word	2026-10-04	
援乌	yuan'wu	word	2026-10-04	
林萧	lin'xiao	name	2026-10-04	
测报仪	ce'bao'yi	term	2026-10-04	
稀酸	xi'suan	term	2026-10-04	
累计派现	lei'ji'pai'xian	term	2026-10-04	
经十路	jing'shi'lu	name	2026-10-04	
膜壳	mo'ke	term	2026-10-04	
调压箱	tiao'ya'xiang	term	2026-10-04	
资产底数	zi'chan'di'shu	term	2026-10-04	
跌跌不休	die'die'bu'xiu	word	2026-10-04	
钛杯	tai'bei	word	2026-10-04	
隔震层	ge'zhen'ceng	term	2026-10-04	
领益智造	ling'yi'zhi'zao	name	2026-10-04	
鸟海浩辅	niao'hai'hao'fu	name	2026-10-04	
廉洁防线	lian'jie'fang'xian	word	2026-10-04	
弃妃	qi'fei	word	2026-10-04	
散瘀	san'yu	term	2026-10-04	
盖蒂	gai'di	name	2026-10-04	
穿袜子	chuan'wa'zi	word	2026-10-04	
胖友	pang'you	slang	2026-10-04	
萩原	qiu'yuan	name	2026-10-04	
西尔维娅	xi'er'wei'ya	name	2026-10-04	
钢坝闸	gang'ba'zha	term	2026-10-04	
锥柄	zhui'bing	term	2026-10-04	
伍六七	wu'liu'qi	name	2026-10-04	
动觉学习	dong'jue'xue'xi	term	2026-10-04	
县一中	xian'yi'zhong	word	2026-10-04	
圣诞季	sheng'dan'ji	word	2026-10-04	
孚日	fu'ri	name	2026-10-04	
征服欲	zheng'fu'yu	word	2026-10-04	
服服帖帖	fu'fu'tie'tie	word	2026-10-04	
粤黔	yue'qian	word	2026-10-04	
缸底	gang'di	word	2026-10-04	
腥甜	xing'tian	word	2026-10-04	
膜浓缩	mo'nong'suo	term	2026-10-04	
自动对账	zi'dong'dui'zhang	word	2026-10-04	
舞姬	wu'ji	word	2026-10-04	
葵花籽油	kui'hua'zi'you	word	2026-10-04	
设施维保	she'shi'wei'bao	term	2026-10-04	
铝焊	lv'han	term	2026-10-04	
黄峥	huang'zheng	name	2026-10-04	
二次公示	er'ci'gong'shi	word	2026-10-04	
净界法师	jing'jie'fa'shi	name	2026-10-04	
咒师	zhou'shi	word	2026-10-04	
壳管式	ke'guan'shi	term	2026-10-04	
外部连接	wai'bu'lian'jie	word	2026-10-04	
失败重试	shi'bai'chong'shi	term	2026-10-04	
娃衣	wa'yi	word	2026-10-04	
家具维修	jia'ju'wei'xiu	word	2026-10-04	
幸福河湖	xing'fu'he'hu	term	2026-10-04	
彝绣	yi'xiu	word	2026-10-04	
微发泡	wei'fa'pao	term	2026-10-04	
爆汁	bao'zhi	word	2026-10-04	
物理实体	wu'li'shi'ti	term	2026-10-04	
用量计费	yong'liang'ji'fei	term	2026-10-04	
碳密度	tan'mi'du	term	2026-10-04	
站立式	zhan'li'shi	word	2026-10-04	
风险点位	feng'xian'dian'wei	term	2026-10-04	
验光仪	yan'guang'yi	word	2026-10-04	
到店率	dao'dian'lv	term	2026-10-04	
协同攻坚	xie'tong'gong'jian	word	2026-10-04	
叙事张力	xu'shi'zhang'li	term	2026-10-04	
同步监测	tong'bu'jian'ce	word	2026-10-04	
清廉建设	qing'lian'jian'she	word	2026-10-04	
硬撼	ying'han	word	2026-10-04	
筏板	fa'ban	term	2026-10-04	
蕾切尔	lei'qie'er	name	2026-10-04	
食用方式	shi'yong'fang'shi	word	2026-10-04	
公物仓	gong'wu'cang	term	2026-10-04	
掌跖	zhang'zhi	term	2026-10-04	
滑跪	hua'gui	slang	2026-10-04	
漏涂	lou'tu	term	2026-10-04	
罐壁	guan'bi	term	2026-10-04	
翼缘	yi'yuan	term	2026-10-04	
肉偿	rou'chang	slang	2026-10-04	
萨莉	sa'li	name	2026-10-04	
豫菜	yu'cai	word	2026-10-04	
防蝇	fang'ying	word	2026-10-04	
集水池	ji'shui'chi	word	2026-10-04	
齿顶	chi'ding	term	2026-10-04	
付不起	fu'bu'qi	word	2026-10-04	
动物试验	dong'wu'shi'yan	word	2026-10-04	
张俪	zhang'li	name	2026-10-04	
施灸	shi'jiu	term	2026-10-04	
磁通门	ci'tong'men	term	2026-10-04	
稼动率	jia'dong'lv	term	2026-10-04	
芬迪	fen'di	name	2026-10-04	
蓝狐	lan'hu	word	2026-10-04	
警官学院	jing'guan'xue'yuan	word	2026-10-04	
静奢	jing'she	slang	2026-10-04	
驼乳	tuo'ru	word	2026-10-04	
三煞	san'sha	word	2026-10-04	
力学试验	li'xue'shi'yan	term	2026-10-04	
呃呃	e'e	slang	2026-10-04	
垫木	dian'mu	word	2026-10-04	
朴朴	pu'pu	name	2026-10-04	
玖富	jiu'fu	name	2026-10-04	
空天地海	kong'tian'di'hai	word	2026-10-04	
耐荫	nai'yin	word	2026-10-04	
表达欲	biao'da'yu	word	2026-10-04	
金属夹	jin'shu'jia	word	2026-10-04	
铬层	ge'ceng	term	2026-10-04	
魔丸	mo'wan	name	2026-10-04	
喷煤	pen'mei	term	2026-10-04	
小杨哥	xiao'yang'ge	name	2026-10-04	
工会驿站	gong'hui'yi'zhan	word	2026-10-04	
抽出式	chou'chu'shi	term	2026-10-04	
柱塞式	zhu'sai'shi	term	2026-10-04	
浸漆	jin'qi	term	2026-10-04	
秦尘	qin'chen	name	2026-10-04	
辊涂	gun'tu	term	2026-10-04	
侧喷	ce'pen	term	2026-10-04	
国机集团	guo'ji'ji'tuan	name	2026-10-04	
奋蹄	fen'ti	word	2026-10-04	
数据漂移	shu'ju'piao'yi	term	2026-10-04	
漆扇	qi'shan	word	2026-10-04	
罗氏线圈	luo'shi'xian'quan	term	2026-10-04	
食安委	shi'an'wei	word	2026-10-04	
五爪	wu'zhao	word	2026-10-04	
孤勇者	gu'yong'zhe	name	2026-10-04	
宋雨琦	song'yu'qi	name	2026-10-04	
布卢姆	bu'lu'mu	name	2026-10-04	
捅刀	tong'dao	slang	2026-10-04	
猫尾	mao'wei	word	2026-10-04	
纵剪	zong'jian	term	2026-10-04	
纸壳	zhi'ke	word	2026-10-04	
行政检察	xing'zheng'jian'cha	term	2026-10-04	
贴膏	tie'gao	word	2026-10-04	
镇赉	zhen'lai	name	2026-10-04	
预热期	yu're'qi	word	2026-10-04	
万寿节	wan'shou'jie	word	2026-10-04	
俞灏明	yu'hao'ming	name	2026-10-04	
值加成	zhi'jia'cheng	term	2026-10-04	
挡灾	dang'zai	word	2026-10-04	
曾毓群	zeng'yu'qun	name	2026-10-04	
极端事件	ji'duan'shi'jian	word	2026-10-04	
红外检测	hong'wai'jian'ce	term	2026-10-04	
职普融通	zhi'pu'rong'tong	term	2026-10-04	
脉浮	mai'fu	term	2026-10-04	
调直机	diao'zhi'ji	term	2026-10-04	
酒醅	jiu'pei	term	2026-10-04	
钳夹	qian'jia	word	2026-10-04	
鹰角	ying'jiao	name	2026-10-04	
依次类推	yi'ci'lei'tui	word	2026-10-04	
倾翻	qing'fan	word	2026-10-04	
共用设施	gong'yong'she'shi	word	2026-10-04	
张予曦	zhang'yu'xi	name	2026-10-04	
插接母线	cha'jie'mu'xian	term	2026-10-04	
无碱玻璃	wu'jian'bo'li	term	2026-10-04	
检察人员	jian'cha'ren'yuan	word	2026-10-04	
直联式	zhi'lian'shi	term	2026-10-04	
筛筒	shai'tong	term	2026-10-04	
绿美广东	lv'mei'guang'dong	term	2026-10-04	
致良知	zhi'liang'zhi	word	2026-10-04	
芬顿	fen'dun	term	2026-10-04	
蒂勒曼斯	di'le'man'si	name	2026-10-04	
预警阈值	yu'jing'yu'zhi	term	2026-10-04	
仙侠游戏	xian'xia'you'xi	word	2026-10-04	
保利威视	bao'li'wei'shi	name	2026-10-04	
保鲜柜	bao'xian'gui	word	2026-10-04	
国投证券	guo'tou'zheng'quan	name	2026-10-04	
张国清	zhang'guo'qing	name	2026-10-04	
文化遗迹	wen'hua'yi'ji	word	2026-10-04	
照护者	zhao'hu'zhe	word	2026-10-04	
硅锰	gui'meng	term	2026-10-04	
胡先煦	hu'xian'xu	name	2026-10-04	
铣加工	xi'jia'gong	term	2026-10-04	
铬镍	ge'nie	term	2026-10-04	
防中暑	fang'zhong'shu	word	2026-10-04	
风吸式	feng'xi'shi	term	2026-10-04	
首发首秀	shou'fa'shou'xiu	word	2026-10-04	
人体试验	ren'ti'shi'yan	word	2026-10-04	
何梁何利	he'liang'he'li	name	2026-10-04	
垢层	gou'ceng	term	2026-10-04	
实人短剧	shi'ren'duan'ju	term	2026-10-04	
扁线电机	bian'xian'dian'ji	term	2026-10-04	
扛伤	kang'shang	slang	2026-10-04	
抽蓄	chou'xu	term	2026-10-04	
椅脚	yi'jiao	word	2026-10-04	
炼金术师	lian'jin'shu'shi	word	2026-10-04	
苗侨伟	miao'qiao'wei	name	2026-10-04	
虾滑	xia'hua	word	2026-10-04	
镶贴	xiang'tie	term	2026-10-04	
伊之密	yi'zhi'mi	name	2026-10-04	
修仙手游	xiu'xian'shou'you	word	2026-10-04	
刘娥	liu'e	name	2026-10-04	
川滇	chuan'dian	word	2026-10-04	
数据驻留	shu'ju'zhu'liu	term	2026-10-04	
气缸盖	qi'gang'gai	term	2026-10-04	
沈伯洋	shen'bo'yang	name	2026-10-04	
漏浆	lou'jiang	term	2026-10-04	
科创综指	ke'chuang'zong'zhi	term	2026-10-04	
谢什科	xie'shi'ke	name	2026-10-04	
赣超	gan'chao	name	2026-10-04	
须佐	xu'zuo	name	2026-10-04	
卢昱晓	lu'yu'xiao	name	2026-10-04	
吾皇	wu'huang	word	2026-10-04	
固化灯	gu'hua'deng	term	2026-10-04	
揣崽	chuai'zai	slang	2026-10-04	
林峯	lin'feng	name	2026-10-04	
督导师	du'dao'shi	word	2026-10-04	
美宜佳	mei'yi'jia	name	2026-10-04	
菲仕兰	fei'shi'lan	name	2026-10-04	
营养剂	ying'yang'ji	word	2026-10-04	
适销性	shi'xiao'xing	term	2026-10-04	
兔叽	tu'ji	slang	2026-10-04	
姬姓	ji'xing	word	2026-10-04	
彬州市	bin'zhou'shi	name	2026-10-04	
无极调速	wu'ji'tiao'su	term	2026-10-04	
暮雨	mu'yu	word	2026-10-04	
碎煤机	sui'mei'ji	term	2026-10-04	
空气炮	kong'qi'pao	word	2026-10-04	
老年友好	lao'nian'you'hao	word	2026-10-04	
苗龄	miao'ling	term	2026-10-04	
赏灯	shang'deng	word	2026-10-04	
黔西市	qian'xi'shi	name	2026-10-04	
万卡级	wan'ka'ji	term	2026-10-04	
伍迪	wu'di	name	2026-10-04	
原厂级	yuan'chang'ji	word	2026-10-04	
夜枭	ye'xiao	word	2026-10-04	
岂敢	qi'gan	word	2026-10-04	
岸电电源	an'dian'dian'yuan	term	2026-10-04	
币安币	bi'an'bi	name	2026-10-04	
建圈强链	jian'quan'qiang'lian	word	2026-10-04	
振动磨	zhen'dong'mo	term	2026-10-04	
数智驱动	shu'zhi'qu'dong	word	2026-10-04	
晶合集成	jing'he'ji'cheng	name	2026-10-04	
椰香	ye'xiang	word	2026-10-04	
橡塑管	xiang'su'guan	term	2026-10-04	
禁限用	jin'xian'yong	word	2026-10-04	
联建共建	lian'jian'gong'jian	word	2026-10-04	
胆颤	dan'chan	word	2026-10-04	
蚂蚁数科	ma'yi'shu'ke	name	2026-10-04	
锐炫	rui'xuan	name	2026-10-04	
镁粉	mei'fen	term	2026-10-04	
黜龙	chu'long	name	2026-10-04	
交通标识	jiao'tong'biao'shi	word	2026-10-04	
人机关系	ren'ji'guan'xi	term	2026-10-04	
医工融合	yi'gong'rong'he	word	2026-10-04	
单绞机	dan'jiao'ji	term	2026-10-04	
卖房子	mai'fang'zi	word	2026-10-04	
多替诺雷	duo'ti'nuo'lei	term	2026-10-04	
夜骑	ye'qi	word	2026-10-04	
尾货回收	wei'huo'hui'shou	word	2026-10-04	
徐志胜	xu'zhi'sheng	name	2026-10-04	
振动检测	zhen'dong'jian'ce	term	2026-10-04	
智算云	zhi'suan'yun	term	2026-10-04	
民生为大	min'sheng'wei'da	word	2026-10-04	
水浴槽	shui'yu'cao	term	2026-10-04	
沃霍尔	wo'huo'er	name	2026-10-04	
爬床	pa'chuang	slang	2026-10-04	
特气系统	te'qi'xi'tong	term	2026-10-04	
眼整形	yan'zheng'xing	word	2026-10-04	
碳锌电池	tan'xin'dian'chi	term	2026-10-04	
磁扣包	ci'kou'bao	word	2026-10-04	
翘嘴	qiao'zui	word	2026-10-04	
赴朝	fu'chao	word	2026-10-04	
进阶篇	jin'jie'pian	word	2026-10-04	
钨粉	wu'fen	term	2026-10-04	
专业见解	zhuan'ye'jian'jie	word	2026-10-04	
合家欢乐	he'jia'huan'le	word	2026-10-04	
奋楫笃行	fen'ji'du'xing	word	2026-10-04	
奶冻	nai'dong	word	2026-10-04	
抗战史	kang'zhan'shi	word	2026-10-04	
挡刀	dang'dao	slang	2026-10-04	
敦豪	dun'hao	name	2026-10-04	
早期检测	zao'qi'jian'ce	word	2026-10-04	
柳钢	liu'gang	name	2026-10-04	
油雾器	you'wu'qi	term	2026-10-04	
法治宣讲	fa'zhi'xuan'jiang	word	2026-10-04	
满帧	man'zhen	slang	2026-10-04	
热重载	re'chong'zai	term	2026-10-04	
粒度控制	li'du'kong'zhi	term	2026-10-04	
膏壤	gao'rang	word	2026-10-04	
菜馅	cai'xian	word	2026-10-04	
预填充	yu'tian'chong	term	2026-10-04	
元祐	yuan'you	name	2026-10-04	
全职骑手	quan'zhi'qi'shou	word	2026-10-04	
冷热台	leng're'tai	term	2026-10-04	
受力点	shou'li'dian	word	2026-10-04	
吉时利	ji'shi'li	name	2026-10-04	
基耶利尼	ji'ye'li'ni	name	2026-10-04	
建滔	jian'tao	name	2026-10-04	
廿载	nian'zai	word	2026-10-04	
徐圩	xu'wei	name	2026-10-04	
惹人瞩目	re'ren'zhu'mu	word	2026-10-04	
期中教学	qi'zhong'jiao'xue	word	2026-10-04	
未实名	wei'shi'ming	word	2026-10-04	
氧电极	yang'dian'ji	term	2026-10-04	
直戳	zhi'chuo	slang	2026-10-04	
空隙率	kong'xi'lv	term	2026-10-04	
结账页面	jie'zhang'ye'mian	word	2026-10-04	
蝇类	ying'lei	word	2026-10-04	
豪华游轮	hao'hua'you'lun	word	2026-10-04	
进化树	jin'hua'shu	term	2026-10-04	
钛钢	tai'gang	term	2026-10-04	
骨钙	gu'gai	term	2026-10-04	
专业音箱	zhuan'ye'yin'xiang	word	2026-10-04	
中介层	zhong'jie'ceng	term	2026-10-04	
企鹅号	qi'e'hao	name	2026-10-04	
含绿量	han'lv'liang	term	2026-10-04	
响应时长	xiang'ying'shi'chang	word	2026-10-04	
店中店	dian'zhong'dian	word	2026-10-04	
林草资源	lin'cao'zi'yuan	term	2026-10-04	
柠季	ning'ji	name	2026-10-04	
汇流箱	hui'liu'xiang	term	2026-10-04	
消化病	xiao'hua'bing	word	2026-10-04	
漂绿	piao'lv	term	2026-10-04	
联通云	lian'tong'yun	name	2026-10-04	
蒸馏装置	zheng'liu'zhuang'zhi	term	2026-10-04	
钻铣	zuan'xi	term	2026-10-04	
鱼糜	yu'mi	word	2026-10-04	
做斗争	zuo'dou'zheng	word	2026-10-04	
全氟烷基	quan'fu'wan'ji	term	2026-10-04	
全肤质	quan'fu'zhi	word	2026-10-04	
协作编辑	xie'zuo'bian'ji	term	2026-10-04	
卖方市场	mai'fang'shi'chang	term	2026-10-04	
婠婠	wan'wan	name	2026-10-04	
存量提质	cun'liang'ti'zhi	word	2026-10-04	
孟羽童	meng'yu'tong	name	2026-10-04	
客户触达	ke'hu'chu'da	word	2026-10-04	
密肋	mi'lei	term	2026-10-04	
密胺	mi'an	term	2026-10-04	
平茬	ping'cha	term	2026-10-04	
抚养义务	fu'yang'yi'wu	term	2026-10-04	
抱卵	bao'luan	word	2026-10-04	
杨祐宁	yang'you'ning	name	2026-10-04	
桥畔	qiao'pan	word	2026-10-04	
檀口	tan'kou	word	2026-10-04	
溢胶	yi'jiao	term	2026-10-04	
煎药机	jian'yao'ji	term	2026-10-04	
白啤	bai'pi	word	2026-10-04	
粘合强度	nian'he'qiang'du	term	2026-10-04	
训推一体	xun'tui'yi'ti	term	2026-10-04	
购新补贴	gou'xin'bu'tie	word	2026-10-04	
轴伸	zhou'shen	term	2026-10-04	
辣木	la'mu	word	2026-10-04	
钟欣潼	zhong'xin'tong	name	2026-10-04	
镶块	xiang'kuai	term	2026-10-04	
骨髓抑制	gu'sui'yi'zhi	term	2026-10-04	
光储直柔	guang'chu'zhi'rou	term	2026-10-04	
姜粉	jiang'fen	word	2026-10-04	
宅宅	zhai'zhai	slang	2026-10-04	
张栻	zhang'shi	name	2026-10-04	
游佐浩二	you'zuo'hao'er	name	2026-10-04	
漏检率	lou'jian'lv	term	2026-10-04	
甲苯磺酸	jia'ben'huang'suan	term	2026-10-04	
磨棒	mo'bang	word	2026-10-04	
神经组织	shen'jing'zu'zhi	term	2026-10-04	
缸壁	gang'bi	term	2026-10-04	
质检环节	zhi'jian'huan'jie	word	2026-10-04	
鸡掰	ji'bai	slang	2026-10-04	
鼓岭	gu'ling	name	2026-10-04	
农机服务	nong'ji'fu'wu	word	2026-10-04	
刘庆峰	liu'qing'feng	name	2026-10-04	
圆柱型	yuan'zhu'xing	word	2026-10-04	
大姑姐	da'gu'jie	word	2026-10-04	
宫妃	gong'fei	word	2026-10-04	
小红薯	xiao'hong'shu	slang	2026-10-04	
收礼人	shou'li'ren	word	2026-10-04	
果蔬种植	guo'shu'zhong'zhi	word	2026-10-04	
温灸	wen'jiu	term	2026-10-04	
精密点胶	jing'mi'dian'jiao	term	2026-10-04	
退货仓	tui'huo'cang	word	2026-10-04	
金隅集团	jin'yu'ji'tuan	name	2026-10-04	
钛电极	tai'dian'ji	term	2026-10-04	
驭兽	yu'shou	word	2026-10-04	
上海国投	shang'hai'guo'tou	name	2026-10-04	
中继服务	zhong'ji'fu'wu	term	2026-10-04	
伤后恢复	shang'hou'hui'fu	word	2026-10-04	
卡拉彼丘	ka'la'bi'qiu	name	2026-10-04	
四蹄	si'ti	word	2026-10-04	
大塚芳忠	da'zhong'fang'zhong	name	2026-10-04	
宝齐莱	bao'qi'lai	name	2026-10-04	
徐子陵	xu'zi'ling	name	2026-10-04	
微间距	wei'jian'ju	term	2026-10-04	
拉钉	la'ding	term	2026-10-04	
敷尔佳	fu'er'jia	name	2026-10-04	
核数师	he'shu'shi	term	2026-10-04	
桂湾	gui'wan	name	2026-10-04	
江西小炒	jiang'xi'xiao'chao	word	2026-10-04	
瑰夏	gui'xia	name	2026-10-04	
神弓	shen'gong	word	2026-10-04	
芯联集成	xin'lian'ji'cheng	name	2026-10-04	
视觉重心	shi'jue'zhong'xin	term	2026-10-04	
霸刀	ba'dao	name	2026-10-04	
麦可思	mai'ke'si	name	2026-10-04	
丁益蟹	ding'yi'xie	name	2026-10-04	
储能装机	chu'neng'zhuang'ji	term	2026-10-04	
动力粘度	dong'li'nian'du	term	2026-10-04	
名称登记	ming'cheng'deng'ji	term	2026-10-04	
多片锯	duo'pian'ju	term	2026-10-04	
实体类型	shi'ti'lei'xing	term	2026-10-04	
德福科技	de'fu'ke'ji	name	2026-10-04	
无羁	wu'ji	word	2026-10-04	
时间步长	shi'jian'bu'chang	term	2026-10-04	
氟材料	fu'cai'liao	term	2026-10-04	
浇注机	jiao'zhu'ji	term	2026-10-04	
物料盒	wu'liao'he	word	2026-10-04	
硫酸氢	liu'suan'qing	term	2026-10-04	
稻麦	dao'mai	word	2026-10-04	
质疑函	zhi'yi'han	term	2026-10-04	
轻拭	qing'shi	word	2026-10-04	
酥痒	su'yang	word	2026-10-04	
铸铝合金	zhu'lv'he'jin	term	2026-10-04	
非晶态	fei'jing'tai	term	2026-10-04	
一老一少	yi'lao'yi'shao	word	2026-10-04	
指示仪	zhi'shi'yi	term	2026-10-04	
智能排班	zhi'neng'pai'ban	word	2026-10-04	
梅琳达	mei'lin'da	name	2026-10-04	
法制观念	fa'zhi'guan'nian	word	2026-10-04	
浸涂	jin'tu	term	2026-10-04	
激光衍射	ji'guang'yan'she	term	2026-10-04	
肽段	tai'duan	term	2026-10-04	
脱钩断链	tuo'gou'duan'lian	word	2026-10-04	
部分负荷	bu'fen'fu'he	term	2026-10-04	
阀腔	fa'qiang	term	2026-10-04	
除鳞	chu'lin	term	2026-10-04	
中国影史	zhong'guo'ying'shi	word	2026-10-04	
体型差	ti'xing'cha	slang	2026-10-04	
侍魂	shi'hun	name	2026-10-04	
兹维列夫	zi'wei'lie'fu	name	2026-10-04	
分项报价	fen'xiang'bao'jia	term	2026-10-04	
双吸泵	shuang'xi'beng	term	2026-10-04	
受歧视	shou'qi'shi	word	2026-10-04	
授人以鱼	shou'ren'yi'yu	word	2026-10-04	
排气槽	pai'qi'cao	term	2026-10-04	
栅渣	zha'zha	term	2026-10-04	
检定证书	jian'ding'zheng'shu	term	2026-10-04	
热成形	re'cheng'xing	term	2026-10-04	
玄田哲章	xuan'tian'zhe'zhang	name	2026-10-04	
短驳	duan'bo	term	2026-10-04	
磁轭	ci'e	term	2026-10-04	
第三十届	di'san'shi'jie	word	2026-10-04	
舱驾融合	cang'jia'rong'he	term	2026-10-04	
诺诚健华	nuo'cheng'jian'hua	name	2026-10-04	
赠与人	zeng'yu'ren	term	2026-10-04	
透气率	tou'qi'lv	term	2026-10-04	
锥孔	zhui'kong	term	2026-10-04	
青桔	qing'ju	word	2026-10-04	
高达模型	gao'da'mo'xing	word	2026-10-04	
中企出海	zhong'qi'chu'hai	word	2026-10-04	
公主府	gong'zhu'fu	word	2026-10-04	
卡爪	ka'zhua	term	2026-10-04	
固本强基	gu'ben'qiang'ji	word	2026-10-04	
御坂	yu'ban	name	2026-10-04	
暂译	zan'yi	word	2026-10-04	
核销率	he'xiao'lv	term	2026-10-04	
氮元素	dan'yuan'su	word	2026-10-04	
消字号	xiao'zi'hao	term	2026-10-04	
烷醇	wan'chun	term	2026-10-04	
终止液	zhong'zhi'ye	term	2026-10-04	
贾芸	jia'yun	name	2026-10-04	
超级电混	chao'ji'dian'hun	word	2026-10-04	
车牌靓号	che'pai'liang'hao	word	2026-10-04	
钛丝	tai'si	term	2026-10-04	
长程任务	chang'cheng'ren'wu	term	2026-10-04	
孙艺洲	sun'yi'zhou	name	2026-10-04	
截流井	jie'liu'jing	term	2026-10-04	
横剪机	heng'jian'ji	term	2026-10-04	
济群法师	ji'qun'fa'shi	name	2026-10-04	
物料齐套	wu'liao'qi'tao	term	2026-10-04	
笨办法	ben'ban'fa	word	2026-10-04	
虫巢	chong'chao	word	2026-10-04	
运动干预	yun'dong'gan'yu	term	2026-10-04	
邬贺铨	wu'he'quan	name	2026-10-04	
陈立泉	chen'li'quan	name	2026-10-04	
食安员	shi'an'yuan	term	2026-10-04	
丁彦雨航	ding'yan'yu'hang	name	2026-10-04	
中国诚通	zhong'guo'cheng'tong	name	2026-10-04	
分离株	fen'li'zhu	term	2026-10-04	
国产信创	guo'chan'xin'chuang	word	2026-10-04	
李霄鹏	li'xiao'peng	name	2026-10-04	
猜出来	cai'chu'lai	word	2026-10-04	
瘪了	bie'le	word	2026-10-04	
白铁风管	bai'tie'feng'guan	term	2026-10-04	
磨抛机	mo'pao'ji	term	2026-10-04	
蝶翼	die'yi	word	2026-10-04	
轻抿	qing'min	word	2026-10-04	
靖西市	jing'xi'shi	name	2026-10-04	
高危型	gao'wei'xing	term	2026-10-04	
右对齐	you'dui'qi	word	2026-10-04	
夜泊	ye'bo	word	2026-10-04	
姜大卫	jiang'da'wei	name	2026-10-04	
安达仕	an'da'shi	name	2026-10-04	
岛崎信长	dao'qi'xin'chang	name	2026-10-04	
拉拔器	la'ba'qi	term	2026-10-04	
桌沿	zhuo'yan	word	2026-10-04	
泰山石	tai'shan'shi	word	2026-10-04	
混音插件	hun'yin'cha'jian	term	2026-10-04	
漾起	yang'qi	word	2026-10-04	
硬化路	ying'hua'lu	term	2026-10-04	
硼化	peng'hua	term	2026-10-04	
脂质纳米	zhi'zhi'na'mi	term	2026-10-04	
遐蝶	xia'die	name	2026-10-04	
博卡拉	bo'ka'la	name	2026-10-04	
卫健部门	wei'jian'bu'men	word	2026-10-04	
反手位	fan'shou'wei	term	2026-10-04	
咕唧	gu'ji	word	2026-10-04	
掐腰	qia'yao	word	2026-10-04	
李一男	li'yi'nan	name	2026-10-04	
水性胶	shui'xing'jiao	term	2026-10-04	
海沃德	hai'wo'de	name	2026-10-04	
瑞众保险	rui'zhong'bao'xian	name	2026-10-04	
石泰峰	shi'tai'feng	name	2026-10-04	
空芯光纤	kong'xin'guang'xian	term	2026-10-04	
终止条件	zhong'zhi'tiao'jian	term	2026-10-04	
网约配送	wang'yue'pei'song	word	2026-10-04	
荟聚	hui'ju	word	2026-10-04	
通讯终端	tong'xun'zhong'duan	term	2026-10-04	
鄂南	e'nan	name	2026-10-04	
银发旅游	yin'fa'lv'you	word	2026-10-04	
长尾问题	chang'wei'wen'ti	term	2026-10-04	
防腐瓦	fang'fu'wa	term	2026-10-04	
咸甜	xian'tian	word	2026-10-04	
宝匣	bao'xia	word	2026-10-04	
崧泽	song'ze	name	2026-10-04	
批刮	pi'gua	term	2026-10-04	
李治廷	li'zhi'ting	name	2026-10-04	
沐英	mu'ying	name	2026-10-04	
沼渣	zhao'zha	term	2026-10-04	
灭蚁	mie'yi	word	2026-10-04	
炉胆	lu'dan	term	2026-10-04	
用工合规	yong'gong'he'gui	term	2026-10-04	
胎噪	tai'zao	term	2026-10-04	
草缸	cao'gang	word	2026-10-04	
蔻驰	kou'chi	name	2026-10-04	
触发规则	chu'fa'gui'ze	term	2026-10-04	
赵无忌	zhao'wu'ji	name	2026-10-04	
越位线	yue'wei'xian	term	2026-10-04	
采样检测	cai'yang'jian'ce	word	2026-10-04	
除污器	chu'wu'qi	term	2026-10-04	
除铁机	chu'tie'ji	term	2026-10-04	
雾蓝	wu'lan	word	2026-10-04	
高新园区	gao'xin'yuan'qu	word	2026-10-04	
魏蜀吴	wei'shu'wu	name	2026-10-04	
净醛	jing'quan	word	2026-10-04	
墩柱	dun'zhu	term	2026-10-04	
异形钢	yi'xing'gang	term	2026-10-04	
归脾	gui'pi	term	2026-10-04	
捞尸人	lao'shi'ren	word	2026-10-04	
掉屑	diao'xie	word	2026-10-04	
擎旗	qing'qi	word	2026-10-04	
旧巷	jiu'xiang	word	2026-10-04	
智算服务	zhi'suan'fu'wu	term	2026-10-04	
梨泰院	li'tai'yuan	name	2026-10-04	
箍住	gu'zhu	word	2026-10-04	
色差值	se'cha'zhi	term	2026-10-04	
贰万	er'wan	word	2026-10-04	
轻触式	qing'chu'shi	word	2026-10-04	
釜盖	fu'gai	term	2026-10-04	
限位槽	xian'wei'cao	term	2026-10-04	
陪练师	pei'lian'shi	word	2026-10-04	
难驯	nan'xun	word	2026-10-04	
鸡肠	ji'chang	word	2026-10-04	
鸡饭	ji'fan	word	2026-10-04	
丞磊	cheng'lei	name	2026-10-04	
卡尔玛	ka'er'ma	name	2026-10-04	
厢货	xiang'huo	word	2026-10-04	
发泡成型	fa'pao'cheng'xing	term	2026-10-04	
吉克隽逸	ji'ke'juan'yi	name	2026-10-04	
多机协同	duo'ji'xie'tong	term	2026-10-04	
娄艺潇	lou'yi'xiao	name	2026-10-04	
守法意识	shou'fa'yi'shi	word	2026-10-04	
导向槽	dao'xiang'cao	term	2026-10-04	
扭簧	niu'huang	term	2026-10-04	
智能音响	zhi'neng'yin'xiang	word	2026-10-04	
梁模板	liang'mu'ban	term	2026-10-04	
气泡酒	qi'pao'jiu	word	2026-10-04	
沪铝	hu'lv	term	2026-10-04	
渗透仪	shen'tou'yi	term	2026-10-04	
玻璃棉板	bo'li'mian'ban	term	2026-10-04	
矢量瓦片	shi'liang'wa'pian	term	2026-10-04	
硝化作用	xiao'hua'zuo'yong	term	2026-10-04	
血糖检测	xue'tang'jian'ce	word	2026-10-04	
衬氟蝶阀	chen'fu'die'fa	term	2026-10-04	
贾蔷	jia'qiang	name	2026-10-04	
配合意识	pei'he'yi'shi	word	2026-10-04	
齁齁	hou'hou	slang	2026-10-04	
人工受精	ren'gong'shou'jing	word	2026-10-04	
数智经济	shu'zhi'jing'ji	term	2026-10-04	
新闻报导	xin'wen'bao'dao	word	2026-10-04	
激进型	ji'jin'xing	word	2026-10-04	
石榴云	shi'liu'yun	name	2026-10-04	
统一纳管	tong'yi'na'guan	term	2026-10-04	
草饲	cao'si	word	2026-10-04	
蔫了	nian'le	word	2026-10-04	
逾期未缴	yu'qi'wei'jiao	word	2026-10-04	
金九龄	jin'jiu'ling	name	2026-10-04	
食安监管	shi'an'jian'guan	term	2026-10-04	
高防机房	gao'fang'ji'fang	term	2026-10-04	
鸽友	ge'you	word	2026-10-04	
产教协同	chan'jiao'xie'tong	term	2026-10-04	
凸块	tu'kuai	term	2026-10-04	
园中园	yuan'zhong'yuan	word	2026-10-04	
围护系统	wei'hu'xi'tong	term	2026-10-04	
夜之城	ye'zhi'cheng	name	2026-10-04	
文化视野	wen'hua'shi'ye	word	2026-10-04	
智能选路	zhi'neng'xuan'lu	term	2026-10-04	
活体成像	huo'ti'cheng'xiang	term	2026-10-04	
相通之处	xiang'tong'zhi'chu	word	2026-10-04	
竹达彩奈	zhu'da'cai'nai	name	2026-10-04	
轩辕黄帝	xuan'yuan'huang'di	name	2026-10-04	
阴煞	yin'sha	word	2026-10-04	
陈昌浩	chen'chang'hao	name	2026-10-04	
鲍起静	bao'qi'jing	name	2026-10-04	
麻痒	ma'yang	word	2026-10-04	
事后追溯	shi'hou'zhui'su	word	2026-10-04	
制粒设备	zhi'li'she'bei	term	2026-10-04	
华为智驾	hua'wei'zhi'jia	name	2026-10-04	
卡板箱	ka'ban'xiang	term	2026-10-04	
堵点卡点	du'dian'ka'dian	word	2026-10-04	
崩刃	beng'ren	word	2026-10-04	
底涂剂	di'tu'ji	term	2026-10-04	
徐艺洋	xu'yi'yang	name	2026-10-04	
数字基座	shu'zi'ji'zuo	term	2026-10-04	
氖气	nai'qi	term	2026-10-04	
牛肠	niu'chang	word	2026-10-04	
缴纳税费	jiao'na'shui'fei	word	2026-10-04	
订单明细	ding'dan'ming'xi	word	2026-10-04	
词元经济	ci'yuan'jing'ji	term	2026-10-04	
赵传薪	zhao'chuan'xin	name	2026-10-04	
越位判定	yue'wei'pan'ding	term	2026-10-04	
酒旅融合	jiu'lv'rong'he	term	2026-10-04	
铆合	mao'he	term	2026-10-04	
预制梁	yu'zhi'liang	term	2026-10-04	
黄豆酱	huang'dou'jiang	word	2026-10-04	
三品一械	san'pin'yi'xie	term	2026-10-04	
买房买车	mai'fang'mai'che	word	2026-10-04	
体温监测	ti'wen'jian'ce	word	2026-10-04	
侍酒师	shi'jiu'shi	word	2026-10-04	
小师叔	xiao'shi'shu	word	2026-10-04	
屠尽	tu'jin	word	2026-10-04	
徐冰	xu'bing	name	2026-10-04	
文徵明	wen'zheng'ming	name	2026-10-04	
植田和男	zhi'tian'he'nan	name	2026-10-04	
湖岸线	hu'an'xian	word	2026-10-04	
煤棚	mei'peng	word	2026-10-04	
爪爪	zhua'zhua	slang	2026-10-04	
猜歌	cai'ge	word	2026-10-04	
经营韧性	jing'ying'ren'xing	term	2026-10-04	
自动滴定	zi'dong'di'ding	term	2026-10-04	
蜜芽	mi'ya	name	2026-10-04	
袋笼	dai'long	term	2026-10-04	
集控中心	ji'kong'zhong'xin	term	2026-10-04	
危大工程	wei'da'gong'cheng	term	2026-10-04	
哄孩子	hong'hai'zi	word	2026-10-04	
壕礼	hao'li	slang	2026-10-04	
姚顺雨	yao'shun'yu	name	2026-10-04	
底数不清	di'shu'bu'qing	word	2026-10-04	
操控板	cao'kong'ban	word	2026-10-04	
无时差	wu'shi'cha	word	2026-10-04	
智驾方案	zhi'jia'fang'an	term	2026-10-04	
渠道获客	qu'dao'huo'ke	term	2026-10-04	
湿喷机	shi'pen'ji	term	2026-10-04	
瓶壁	ping'bi	word	2026-10-04	
电性连接	dian'xing'lian'jie	term	2026-10-04	
缺氧池	que'yang'chi	term	2026-10-04	
耐火型	nai'huo'xing	word	2026-10-04	
触发保护	chu'fa'bao'hu	term	2026-10-04	
超短线	chao'duan'xian	term	2026-10-04	
跨服版	kua'fu'ban	word	2026-10-04	
铜芯电缆	tong'xin'dian'lan	term	2026-10-04	
隐性支出	yin'xing'zhi'chu	word	2026-10-04	
丰田章男	feng'tian'zhang'nan	name	2026-10-04	
停止状态	ting'zhi'zhuang'tai	word	2026-10-04	
千兆光网	qian'zhao'guang'wang	term	2026-10-04	
哪首歌	na'shou'ge	word	2026-10-04	
孽徒	nie'tu	word	2026-10-04	
截止发稿	jie'zhi'fa'gao	word	2026-10-04	
护理实践	hu'li'shi'jian	term	2026-10-04	
提示词库	ti'shi'ci'ku	term	2026-10-04	
散状物料	san'zhuang'wu'liao	term	2026-10-04	
朔尔茨	shuo'er'ci	name	2026-10-04	
桦加沙	hua'jia'sha	name	2026-10-04	
樊纲	fan'gang	name	2026-10-04	
溏心蛋	tang'xin'dan	word	2026-10-04	
生图模型	sheng'tu'mo'xing	term	2026-10-04	
直播时长	zhi'bo'shi'chang	word	2026-10-04	
称重精度	cheng'zhong'jing'du	term	2026-10-04	
索拉纳	suo'la'na	name	2026-10-04	
组织韧性	zu'zhi'ren'xing	term	2026-10-04	
茯茶	fu'cha	word	2026-10-04	
见效周期	jian'xiao'zhou'qi	word	2026-10-04	
负极板	fu'ji'ban	term	2026-10-04	
郭帆	guo'fan	name	2026-10-04	
酷飒	ku'sa	slang	2026-10-04	
钛粉	tai'fen	term	2026-10-04	
阴邪	yin'xie	word	2026-10-04	
丹纳赫	dan'na'he	name	2026-10-04	
交互范式	jiao'hu'fan'shi	term	2026-10-04	
凡胎	fan'tai	word	2026-10-04	
出站流量	chu'zhan'liu'liang	term	2026-10-04	
创作声明	chuang'zuo'sheng'ming	word	2026-10-04	
到货验收	dao'huo'yan'shou	word	2026-10-04	
博内尔岛	bo'nei'er'dao	name	2026-10-04	
另嫁	ling'jia	word	2026-10-04	
吏部侍郎	li'bu'shi'lang	term	2026-10-04	
填进去	tian'jin'qu	word	2026-10-04	
定分止争	ding'fen'zhi'zheng	word	2026-10-04	
差分隐私	cha'fen'yin'si	term	2026-10-04	
已结项	yi'jie'xiang	word	2026-10-04	
打粉机	da'fen'ji	term	2026-10-04	
旅居康养	lv'ju'kang'yang	term	2026-10-04	
氨酚	an'fen	term	2026-10-04	
漏焊	lou'han	term	2026-10-04	
特气柜	te'qi'gui	term	2026-10-04	
硒元素	xi'yuan'su	word	2026-10-04	
种崎敦美	zhong'qi'dun'mei	name	2026-10-04	
糊锅	hu'guo	word	2026-10-04	
绝不放弃	jue'bu'fang'qi	word	2026-10-04	
调色师	tiao'se'shi	word	2026-10-04	
货运险	huo'yun'xian	term	2026-10-04	
车陂	che'bei	name	2026-10-04	
运行台账	yun'xing'tai'zhang	term	2026-10-04	
郭静	guo'jing	name	2026-10-04	
闪点测试	shan'dian'ce'shi	term	2026-10-04	
闯新路	chuang'xin'lu	word	2026-10-04	
魏德米勒	wei'de'mi'le	name	2026-10-04	
体育经纪	ti'yu'jing'ji	term	2026-10-04	
余皑磊	yu'ai'lei	name	2026-10-04	
出球质量	chu'qiu'zhi'liang	term	2026-10-04	
出锅前	chu'guo'qian	word	2026-10-04	
围合式	wei'he'shi	term	2026-10-04	
基质胶	ji'zhi'jiao	term	2026-10-04	
孙茜	sun'qian	name	2026-10-04	
宝洁公司	bao'jie'gong'si	name	2026-10-04	
峦头	luan'tou	term	2026-10-04	
崴了	wai'le	word	2026-10-04	
张富清	zhang'fu'qing	name	2026-10-04	
打包纸	da'bao'zhi	word	2026-10-04	
日止年度	ri'zhi'nian'du	term	2026-10-04	
昭帝	zhao'di	name	2026-10-04	
林麝	lin'she	term	2026-10-04	
王砚辉	wang'yan'hui	name	2026-10-04	
瘀阻	yu'zu	term	2026-10-04	
百卅	bai'sa	word	2026-10-04	
矫平机	jiao'ping'ji	term	2026-10-04	
短交期	duan'jiao'qi	term	2026-10-04	
礁区	jiao'qu	term	2026-10-04	
粘结砂浆	nian'jie'sha'jiang	term	2026-10-04	
胶着阶段	jiao'zhuo'jie'duan	word	2026-10-04	
补能效率	bu'neng'xiao'lv	term	2026-10-04	
质控流程	zhi'kong'liu'cheng	term	2026-10-04	
铁肩	tie'jian	word	2026-10-04	
镖车	biao'che	word	2026-10-04	
颇佳	po'jia	word	2026-10-04	
丰崎爱生	feng'qi'ai'sheng	name	2026-10-04	
丹溪	dan'xi	name	2026-10-04	
令牌桶	ling'pai'tong	term	2026-10-04	
伊利石	yi'li'shi	term	2026-10-04	
保安亭	bao'an'ting	word	2026-10-04	
僖公	xi'gong	name	2026-10-04	
内山夕实	nei'shan'xi'shi	name	2026-10-04	
冰堵	bing'du	term	2026-10-04	
吻了吻	wen'le'wen	word	2026-10-04	
大行评级	da'hang'ping'ji	term	2026-10-04	
屋敷	wu'fu	term	2026-10-04	
市书协	shi'shu'xie	word	2026-10-04	
张雨剑	zhang'yu'jian	name	2026-10-04	
德语版	de'yu'ban	word	2026-10-04	
扬帆启航	yang'fan'qi'hang	word	2026-10-04	
数粒机	shu'li'ji	term	2026-10-04	
氮化处理	dan'hua'chu'li	term	2026-10-04	
烘干室	hong'gan'shi	word	2026-10-04	
研学线路	yan'xue'xian'lu	term	2026-10-04	
精修版	jing'xiu'ban	word	2026-10-04	
索尔维	suo'er'wei	name	2026-10-04	
自动做市	zi'dong'zuo'shi	term	2026-10-04	
薄肌	bao'ji	slang	2026-10-04	
输血科	shu'xue'ke	term	2026-10-04	
郝帅	hao'shuai	name	2026-10-04	
钠钙	na'gai	term	2026-10-04	
锡炉	xi'lu	term	2026-10-04	
韭菜子	jiu'cai'zi	word	2026-10-04	
高羊茅	gao'yang'mao	term	2026-10-04	
黔北	qian'bei	name	2026-10-04	
仿真优化	fang'zhen'you'hua	term	2026-10-04	
伏吟	fu'yin	term	2026-10-04	
剑鲸	jian'jing	word	2026-10-04	
加样孔	jia'yang'kong	term	2026-10-04	
勤廉	qin'lian	word	2026-10-04	
参比端	can'bi'duan	term	2026-10-04	
味咸	wei'xian	term	2026-10-04	
嗜热	shi're	term	2026-10-04	
墨雨云间	mo'yu'yun'jian	name	2026-10-04	
夏弥	xia'mi	name	2026-10-04	
嫡兄	di'xiong	word	2026-10-04	
带宽上限	dai'kuan'shang'xian	word	2026-10-04	
广电视听	guang'dian'shi'ting	word	2026-10-04	
张紧度	zhang'jin'du	term	2026-10-04	
德马格	de'ma'ge	name	2026-10-04	
怼脸	dui'lian	slang	2026-10-04	
拉古纳	la'gu'na	name	2026-10-04	
枫桥式	feng'qiao'shi	word	2026-10-04	
海外优青	hai'wai'you'qing	term	2026-10-04	
湿衣服	shi'yi'fu	word	2026-10-04	
焚尽	fen'jin	word	2026-10-04	
范式跃迁	fan'shi'yue'qian	term	2026-10-04	
褪尽	tui'jin	word	2026-10-04	
议价公告	yi'jia'gong'gao	term	2026-10-04	
限行政策	xian'xing'zheng'ce	word	2026-10-04	
页跳转	ye'tiao'zhuan	word	2026-10-04	
预留实例	yu'liu'shi'li	term	2026-10-04	
鸣哨	ming'shao	word	2026-10-04	
麦麦提	mai'mai'ti	name	2026-10-04	
黑伞	hei'san	word	2026-10-04	
齿尖	chi'jian	term	2026-10-04	
一经上市	yi'jing'shang'shi	word	2026-10-04	
中基协	zhong'ji'xie	name	2026-10-04	
全域文旅	quan'yu'wen'lv	term	2026-10-04	
分子胶	fen'zi'jiao	term	2026-10-04	
双煞	shuang'sha	word	2026-10-04	
吃梨	chi'li	word	2026-10-04	
固化胶	gu'hua'jiao	term	2026-10-04	
安德里亚	an'de'li'ya	name	2026-10-04	
小原好美	xiao'yuan'hao'mei	name	2026-10-04	
尘盒	chen'he	term	2026-10-04	
抑爆	yi'bao	term	2026-10-04	
携宠	xie'chong	word	2026-10-04	
易制爆	yi'zhi'bao	term	2026-10-04	
月费制	yue'fei'zhi	word	2026-10-04	
杨蓉	yang'rong	name	2026-10-04	
桐昆	tong'kun	name	2026-10-04	
油淬	you'cui	term	2026-10-04	
液压钢坝	ye'ya'gang'ba	term	2026-10-04	
溴铵	xiu'an	term	2026-10-04	
盲派八字	mang'pai'ba'zi	term	2026-10-04	
秦彻	qin'che	name	2026-10-04	
秦沛	qin'pei	name	2026-10-04	
第十三季	di'shi'san'ji	word	2026-10-04	
维骨力	wei'gu'li	name	2026-10-04	
致痘	zhi'dou	word	2026-10-04	
色差计	se'cha'ji	term	2026-10-04	
莓茶	mei'cha	word	2026-10-04	
试点班	shi'dian'ban	word	2026-10-04	
负载箱	fu'zai'xiang	term	2026-10-04	
赔多少	pei'duo'shao	word	2026-10-04	
踢出去	ti'chu'qu	word	2026-10-04	
通感一体	tong'gan'yi'ti	term	2026-10-04	
铜屑	tong'xie	term	2026-10-04	
陪诊师	pei'zhen'shi	word	2026-10-04	
三婶	san'shen	word	2026-10-04	
丝涟	si'lian	name	2026-10-04	
乘舟	cheng'zhou	word	2026-10-04	
体质检测	ti'zhi'jian'ce	word	2026-10-04	
像控点	xiang'kong'dian	term	2026-10-04	
冀州区	ji'zhou'qu	name	2026-10-04	
团膳	tuan'shan	term	2026-10-04	
大视场	da'shi'chang	term	2026-10-04	
尖阁	jian'ge	name	2026-10-04	
尚贤	shang'xian	word	2026-10-04	
干硬性	gan'ying'xing	term	2026-10-04	
弃渣	qi'zha	term	2026-10-04	
晶圆切割	jing'yuan'qie'ge	term	2026-10-04	
桥吊	qiao'diao	term	2026-10-04	
榉树	ju'shu	word	2026-10-04	
氟苯尼考	fu'ben'ni'kao	term	2026-10-04	
淫趴	yin'pa	slang	2026-10-04	
灰钙	hui'gai	term	2026-10-04	
炭灰	tan'hui	word	2026-10-04	
生产排期	sheng'chan'pai'qi	word	2026-10-04	
盐阜	yan'fu	name	2026-10-04	
穿裆	chuan'dang	word	2026-10-04	
端子线束	duan'zi'xian'shu	term	2026-10-04	
纺粘	fang'zhan	term	2026-10-04	
维向量	wei'xiang'liang	term	2026-10-04	
跨省共济	kua'sheng'gong'ji	word	2026-10-04	
轰碎	hong'sui	word	2026-10-04	
酱卤	jiang'lu	word	2026-10-04	
阀开度	fa'kai'du	term	2026-10-04	
限位杆	xian'wei'gan	term	2026-10-04	
预冷机	yu'leng'ji	term	2026-10-04	
黄喉	huang'hou	word	2026-10-04	
鼻小柱	bi'xiao'zhu	term	2026-10-04	
龙蜥	long'xi	word	2026-10-04	
举个栗子	ju'ge'li'zi	slang	2026-10-04	
付凌晖	fu'ling'hui	name	2026-10-04	
公主连结	gong'zhu'lian'jie	name	2026-10-04	
凯迪仕	kai'di'shi	name	2026-10-04	
华为擎云	hua'wei'qing'yun	name	2026-10-04	
哎呦喂	ai'you'wei	slang	2026-10-04	
大肠经	da'chang'jing	term	2026-10-04	
尾砂	wei'sha	term	2026-10-04	
康养社区	kang'yang'she'qu	word	2026-10-04	
微前端	wei'qian'duan	term	2026-10-04	
新华鲜报	xin'hua'xian'bao	name	2026-10-04	
时有时无	shi'you'shi'wu	word	2026-10-04	
李子园	li'zi'yuan	name	2026-10-04	
李莲花	li'lian'hua	name	2026-10-04	
桶壁	tong'bi	word	2026-10-04	
浙大二院	zhe'da'er'yuan	name	2026-10-04	
矫牙	jiao'ya	word	2026-10-04	
禁忌证	jin'ji'zheng	term	2026-10-04	
耦合仿真	ou'he'fang'zhen	term	2026-10-04	
肝帝	gan'di	slang	2026-10-04	
调解机制	tiao'jie'ji'zhi	word	2026-10-04	
贰仟	er'qian	word	2026-10-04	
镧系	lan'xi	term	2026-10-04	
长光华芯	chang'guang'hua'xin	name	2026-10-04	
闾山	lv'shan	name	2026-10-04	
鞋中底	xie'zhong'di	term	2026-10-04	
黔桂	qian'gui	name	2026-10-04	
位移值	wei'yi'zhi	term	2026-10-04	
作战室	zuo'zhan'shi	word	2026-10-04	
兄弟情义	xiong'di'qing'yi	word	2026-10-04	
内核层	nei'he'ceng	term	2026-10-04	
喷砂房	pen'sha'fang	term	2026-10-04	
壹心理	yi'xin'li	name	2026-10-04	
奕境汽车	yi'jing'qi'che	name	2026-10-04	
实时推理	shi'shi'tui'li	term	2026-10-04	
宠粮	chong'liang	word	2026-10-04	
搪胶	tang'jiao	term	2026-10-04	
易宝支付	yi'bao'zhi'fu	name	2026-10-04	
权限校验	quan'xian'jiao'yan	term	2026-10-04	
气水分离	qi'shui'fen'li	term	2026-10-04	
狗绳	gou'sheng	word	2026-10-04	
王菊	wang'ju	name	2026-10-04	
王计兵	wang'ji'bing	name	2026-10-04	
省数据局	sheng'shu'ju'ju	word	2026-10-04	
硅胶布	gui'jiao'bu	term	2026-10-04	
练功服	lian'gong'fu	word	2026-10-04	
茎基部	jing'ji'bu	term	2026-10-04	
请销假	qing'xiao'jia	word	2026-10-04	
邓禄普	deng'lu'pu	name	2026-10-04	
钨极	wu'ji	term	2026-10-04	
银龄行动	yin'ling'xing'dong	name	2026-10-04	
闲置率	xian'zhi'lv	word	2026-10-04	
防伪系统	fang'wei'xi'tong	word	2026-10-04	
集成交付	ji'cheng'jiao'fu	term	2026-10-04	
丁嘉丽	ding'jia'li	name	2026-10-04	
冠军侯	guan'jun'hou	name	2026-10-04	
发展图景	fa'zhan'tu'jing	word	2026-10-04	
喜兆	xi'zhao	word	2026-10-04	
崖底	ya'di	word	2026-10-04	
形势政策	xing'shi'zheng'ce	word	2026-10-04	
彩涂板	cai'tu'ban	term	2026-10-04	
扛旗	kang'qi	word	2026-10-04	
握钉力	wo'ding'li	term	2026-10-04	
无问芯穹	wu'wen'xin'qiong	name	2026-10-04	
桅柱	wei'zhu	term	2026-10-04	
理瓶机	li'ping'ji	term	2026-10-04	
用友云	yong'you'yun	name	2026-10-04	
硝苯地平	xiao'ben'di'ping	term	2026-10-04	
耗材柜	hao'cai'gui	word	2026-10-04	
舆情公关	yu'qing'gong'guan	word	2026-10-04	
苟命	gou'ming	slang	2026-10-04	
薄凉	bo'liang	word	2026-10-04	
讯问笔录	xun'wen'bi'lu	term	2026-10-04	
贝达药业	bei'da'yao'ye	name	2026-10-04	
跨代际	kua'dai'ji	word	2026-10-04	
辊磨机	gun'mo'ji	term	2026-10-04	
邵兵	shao'bing	name	2026-10-04	
郑则仕	zheng'ze'shi	name	2026-10-04	
防爆外壳	fang'bao'wai'ke	term	2026-10-04	
雌竞	ci'jing	slang	2026-10-04	
预核名	yu'he'ming	term	2026-10-04	
上海西岸	shang'hai'xi'an	name	2026-10-04	
产线节拍	chan'xian'jie'pai	term	2026-10-04	
亿光年	yi'guang'nian	word	2026-10-04	
休矣	xiu'yi	word	2026-10-04	
伸缩柱	shen'suo'zhu	term	2026-10-04	
债权投资	zhai'quan'tou'zi	term	2026-10-04	
全域感知	quan'yu'gan'zhi	term	2026-10-04	
刮渣	gua'zha	term	2026-10-04	
华虹公司	hua'hong'gong'si	name	2026-10-04	
夹紧器	jia'jin'qi	term	2026-10-04	
山德维克	shan'de'wei'ke	name	2026-10-04	
布什政府	bu'shi'zheng'fu	name	2026-10-04	
悦己消费	yue'ji'xiao'fei	word	2026-10-04	
拖拽组件	tuo'zhuai'zu'jian	term	2026-10-04	
放置架	fang'zhi'jia	word	2026-10-04	
智驾技术	zhi'jia'ji'shu	word	2026-10-04	
水木年华	shui'mu'nian'hua	name	2026-10-04	
注浆机	zhu'jiang'ji	term	2026-10-04	
活性炭粉	huo'xing'tan'fen	term	2026-10-04	
炒药机	chao'yao'ji	term	2026-10-04	
版型设计	ban'xing'she'ji	word	2026-10-04	
王彦霖	wang'yan'lin	name	2026-10-04	
监察对象	jian'cha'dui'xiang	term	2026-10-04	
睿蓝	rui'lan	name	2026-10-04	
硬茬	ying'cha	word	2026-10-04	
胜利条件	sheng'li'tiao'jian	word	2026-10-04	
胶粘制品	jiao'nian'zhi'pin	term	2026-10-04	
认知负担	ren'zhi'fu'dan	term	2026-10-04	
酱炒	jiang'chao	word	2026-10-04	
铂丝	bo'si	term	2026-10-04	
闭式结构	bi'shi'jie'gou	term	2026-10-04	
马尼拉市	ma'ni'la'shi	name	2026-10-04	
上样量	shang'yang'liang	term	2026-10-04	
偏凉	pian'liang	word	2026-10-04	
麦吉丽	mai'ji'li	name	2026-10-04	second look: a cosmetics brand (Mageline) sold on the big shops
剃齿刀	ti'chi'dao	term	2026-10-04	
加急单	jia'ji'dan	word	2026-10-04	
即时同步	ji'shi'tong'bu	word	2026-10-04	
双靶点	shuang'ba'dian	term	2026-10-04	
合家团圆	he'jia'tuan'yuan	word	2026-10-04	
天然食材	tian'ran'shi'cai	word	2026-10-04	
失蜡	shi'la	term	2026-10-04	
姜潮	jiang'chao	name	2026-10-04	
安全基线	an'quan'ji'xian	term	2026-10-04	
宿傩	su'nuo	name	2026-10-04	
拈起	nian'qi	word	2026-10-04	
散白蚁	san'bai'yi	term	2026-10-04	
智能书架	zhi'neng'shu'jia	word	2026-10-04	
松延动力	song'yan'dong'li	name	2026-10-04	
械字号	xie'zi'hao	term	2026-10-04	
椒香	jiao'xiang	word	2026-10-04	
氮吹浓缩	dan'chui'nong'suo	term	2026-10-04	
水务部门	shui'wu'bu'men	word	2026-10-04	
淌下来	tang'xia'lai	word	2026-10-04	
王翰	wang'han	name	2026-10-04	
琴岛	qin'dao	name	2026-10-04	
白荆回廊	bai'jing'hui'lang	name	2026-10-04	
相容剂	xiang'rong'ji	term	2026-10-04	
网格状	wang'ge'zhuang	word	2026-10-04	
胶痕	jiao'hen	word	2026-10-04	
藏海传	cang'hai'zhuan	name	2026-10-04	
计量室	ji'liang'shi	word	2026-10-04	
贵州珍酒	gui'zhou'zhen'jiu	name	2026-10-04	
链上分析	lian'shang'fen'xi	term	2026-10-04	
长垣市	chang'yuan'shi	name	2026-10-04	
长线游	chang'xian'you	word	2026-10-04	
问了问	wen'le'wen	word	2026-10-04	
闽浙	min'zhe	name	2026-10-04	
阎鹤祥	yan'he'xiang	name	2026-10-04	
雅奢	ya'she	word	2026-10-04	
鲜橙	xian'cheng	word	2026-10-04	
九章云极	jiu'zhang'yun'ji	name	2026-10-04	
侗乡	dong'xiang	word	2026-10-04	
古诗大全	gu'shi'da'quan	word	2026-10-04	
唐刀	tang'dao	word	2026-10-04	
小林裕介	xiao'lin'yu'jie	name	2026-10-04	
巡察监督	xun'cha'jian'du	word	2026-10-04	
弯了弯	wan'le'wan	word	2026-10-04	
心中一惊	xin'zhong'yi'jing	word	2026-10-04	
技术向善	ji'shu'xiang'shan	word	2026-10-04	
撕纸	si'zhi	word	2026-10-04	
星动纪元	xing'dong'ji'yuan	name	2026-10-04	
未上架	wei'shang'jia	word	2026-10-04	
液体火箭	ye'ti'huo'jian	term	2026-10-04	
淘天集团	tao'tian'ji'tuan	name	2026-10-04	
湿浊	shi'zhuo	term	2026-10-04	
湿热老化	shi're'lao'hua	term	2026-10-04	
烧鸟	shao'niao	word	2026-10-04	
王诗龄	wang'shi'ling	name	2026-10-04	
电刺激仪	dian'ci'ji'yi	term	2026-10-04	
行李厢	xing'li'xiang	word	2026-10-04	
谢稚柳	xie'zhi'liu	name	2026-10-04	
逐际动力	zhu'ji'dong'li	name	2026-10-04	
酶消化	mei'xiao'hua	term	2026-10-04	
高压腔	gao'ya'qiang	term	2026-10-04	
一经确认	yi'jing'que'ren	word	2026-10-04	
亿剂次	yi'ji'ci	word	2026-10-04	
任现职	ren'xian'zhi	word	2026-10-04	
凤眸	feng'mou	word	2026-10-04	
剥离试验	bo'li'shi'yan	term	2026-10-04	
双光梳	shuang'guang'shu	term	2026-10-04	
双璧	shuang'bi	word	2026-10-04	
启停控制	qi'ting'kong'zhi	term	2026-10-04	
吾儿	wu'er	word	2026-10-04	
哈利法塔	ha'li'fa'ta	name	2026-10-04	
固定带宽	gu'ding'dai'kuan	term	2026-10-04	
坠河	zhui'he	word	2026-10-04	
天府粮仓	tian'fu'liang'cang	name	2026-10-04	
头昏脑涨	tou'hun'nao'zhang	word	2026-10-04	
尘歌壶	chen'ge'hu	name	2026-10-04	
尹昉	yin'fang	name	2026-10-04	
廉洁建设	lian'jie'jian'she	word	2026-10-04	
恒温油浴	heng'wen'you'yu	term	2026-10-04	
手势舞	shou'shi'wu	word	2026-10-04	
披麻	pi'ma	word	2026-10-04	
推荐帖	tui'jian'tie	word	2026-10-04	
支墩	zhi'dun	term	2026-10-04	
无限画布	wu'xian'hua'bu	term	2026-10-04	
杰理科技	jie'li'ke'ji	name	2026-10-04	
样品杯	yang'pin'bei	term	2026-10-04	
椰子鸡	ye'zi'ji	word	2026-10-04	
涉事公司	she'shi'gong'si	word	2026-10-04	
满焊工艺	man'han'gong'yi	term	2026-10-04	
王栎鑫	wang'li'xin	name	2026-10-04	
算力瓶颈	suan'li'ping'jing	word	2026-10-04	
聚醚胺	ju'mi'an	term	2026-10-04	
落球冲击	luo'qiu'chong'ji	term	2026-10-04	
蜜桔	mi'ju	word	2026-10-04	
静压差	jing'ya'cha	term	2026-10-04	
魏徵	wei'zheng	name	2026-10-04	
黄志忠	huang'zhi'zhong	name	2026-10-04	
人从众	ren'cong'zhong	slang	2026-10-04	
保利集团	bao'li'ji'tuan	name	2026-10-04	
冰粿	bing'guo	word	2026-10-04	
卤香	lu'xiang	word	2026-10-04	
坐一坐	zuo'yi'zuo	word	2026-10-04	
外夹式	wai'jia'shi	term	2026-10-04	
多步推理	duo'bu'tui'li	term	2026-10-04	
循环伏安	xun'huan'fu'an	term	2026-10-04	
拉基蒂奇	la'ji'di'qi	name	2026-10-04	
握持感	wo'chi'gan	word	2026-10-04	
数字主权	shu'zi'zhu'quan	term	2026-10-04	
无歧义	wu'qi'yi	word	2026-10-04	
棒杆菌	bang'gan'jun	term	2026-10-04	
熔滴	rong'di	term	2026-10-04	
砂泵	sha'beng	term	2026-10-04	
窝在家里	wo'zai'jia'li	word	2026-10-04	
竹杖	zhu'zhang	word	2026-10-04	
绝不妥协	jue'bu'tuo'xie	word	2026-10-04	
芝野虎丸	zhi'ye'hu'wan	name	2026-10-04	
蜷起	quan'qi	word	2026-10-04	
螺纹柱	luo'wen'zhu	term	2026-10-04	
计分牌	ji'fen'pai	word	2026-10-04	
起降场	qi'jiang'chang	term	2026-10-04	
通义万相	tong'yi'wan'xiang	name	2026-10-04	
铅锡	qian'xi	term	2026-10-04	
门襟	men'jin	word	2026-10-04	
防逆流	fang'ni'liu	term	2026-10-04	
靓坤	liang'kun	name	2026-10-04	
骆岗公园	luo'gang'gong'yuan	name	2026-10-04	
一经核实	yi'jing'he'shi	word	2026-10-04	
久野美咲	jiu'ye'mei'xiao	name	2026-10-04	
俗姓	su'xing	word	2026-10-04	
保育师	bao'yu'shi	word	2026-10-04	
倒欠	dao'qian	word	2026-10-04	
光离子化	guang'li'zi'hua	term	2026-10-04	
即时检测	ji'shi'jian'ce	term	2026-10-04	
套袋机	tao'dai'ji	term	2026-10-04	
实务界	shi'wu'jie	word	2026-10-04	
微愣	wei'leng	word	2026-10-04	
心里一惊	xin'li'yi'jing	word	2026-10-04	
手办模型	shou'ban'mo'xing	word	2026-10-04	
指令微调	zhi'ling'wei'tiao	term	2026-10-04	
挤出工艺	ji'chu'gong'yi	term	2026-10-04	
换型时间	huan'xing'shi'jian	term	2026-10-04	
揉按	rou'an	word	2026-10-04	
杉山纪彰	shan'shan'ji'zhang	name	2026-10-04	
氘代	dao'dai	term	2026-10-04	
洇开	yin'kai	word	2026-10-04	
涡振	wo'zhen	term	2026-10-04	
焕新版	huan'xin'ban	word	2026-10-04	
课外实践	ke'wai'shi'jian	word	2026-10-04	
豪威集团	hao'wei'ji'tuan	name	2026-10-04	
轻喘	qing'chuan	word	2026-10-04	
野岛健儿	ye'dao'jian'er	name	2026-10-04	
钓椅	diao'yi	word	2026-10-04	
链上地址	lian'shang'di'zhi	term	2026-10-04	
门诊共济	men'zhen'gong'ji	term	2026-10-04	
高埗	gao'bu	name	2026-10-04	
亲子体验	qin'zi'ti'yan	word	2026-10-04	
伺服液压	si'fu'ye'ya	term	2026-10-04	
体育育人	ti'yu'yu'ren	word	2026-10-04	
借出去	jie'chu'qu	word	2026-10-04	
傅盛	fu'sheng	name	2026-10-04	
公园椅	gong'yuan'yi	word	2026-10-04	
共性痛点	gong'xing'tong'dian	word	2026-10-04	
初始报价	chu'shi'bao'jia	word	2026-10-04	
劫雷	jie'lei	word	2026-10-04	
哪种药	na'zhong'yao	word	2026-10-04	
圣埃蒂安	sheng'ai'di'an	name	2026-10-04	
多个小区	duo'ge'xiao'qu	word	2026-10-04	
天下大事	tian'xia'da'shi	word	2026-10-04	
姆贝乌莫	mu'bei'wu'mo	name	2026-10-04	
币安链	bi'an'lian	name	2026-10-04	
快速换型	kuai'su'huan'xing	term	2026-10-04	
惠若琪	hui'ruo'qi	name	2026-10-04	
戒酒治疗	jie'jiu'zhi'liao	word	2026-10-04	
扛稳	kang'wen	word	2026-10-04	
拉爵	la'jue	slang	2026-10-04	
插帧	cha'zhen	term	2026-10-04	
搅拌臂	jiao'ban'bi	term	2026-10-04	
政办字	zheng'ban'zi	term	2026-10-04	
整机维修	zheng'ji'wei'xiu	word	2026-10-04	
昔涟	xi'lian	name	2026-10-04	
极性保护	ji'xing'bao'hu	term	2026-10-04	
柯学世界	ke'xue'shi'jie	slang	2026-10-04	
棱形	leng'xing	word	2026-10-04	
氟氯	fu'lv	term	2026-10-04	
汉语学习	han'yu'xue'xi	word	2026-10-04	
油温机	you'wen'ji	term	2026-10-04	
深化实施	shen'hua'shi'shi	word	2026-10-04	
湿氯气	shi'lv'qi	term	2026-10-04	
热成型机	re'cheng'xing'ji	term	2026-10-04	
特雷西	te'lei'xi	name	2026-10-04	
猛怼	meng'dui	slang	2026-10-04	
王亚平	wang'ya'ping	name	2026-10-04	
玻璃砂	bo'li'sha	term	2026-10-04	
田嘉瑞	tian'jia'rui	name	2026-10-04	
电池舱	dian'chi'cang	term	2026-10-04	
益脾	yi'pi	term	2026-10-04	
离殇	li'shang	word	2026-10-04	
窄线宽	zhai'xian'kuan	term	2026-10-04	
累充金额	lei'chong'jin'e	word	2026-10-04	
绣针	xiu'zhen	word	2026-10-04	
编程猫	bian'cheng'mao	name	2026-10-04	
网经社	wang'jing'she	name	2026-10-04	
脱扣曲线	tuo'kou'qu'xian	term	2026-10-04	
衢江区	qu'jiang'qu	name	2026-10-04	
计数仪	ji'shu'yi	term	2026-10-04	
诗丽吉	shi'li'ji	name	2026-10-04	
赫克托	he'ke'tuo	name	2026-10-04	
阿克套	a'ke'tao	name	2026-10-04	
限时体验	xian'shi'ti'yan	word	2026-10-04	
颁授勋章	ban'shou'xun'zhang	word	2026-10-04	
万锭	wan'ding	term	2026-10-04	
三网回程	san'wang'hui'cheng	term	2026-10-04	
乙类乙管	yi'lei'yi'guan	word	2026-10-04	
互连技术	hu'lian'ji'shu	term	2026-10-04	
井口裕香	jing'kou'yu'xiang	name	2026-10-04	
亮化设计	liang'hua'she'ji	term	2026-10-04	
做出评价	zuo'chu'ping'jia	word	2026-10-04	
儒尼奥尔	ru'ni'ao'er	name	2026-10-04	
冻虾	dong'xia	word	2026-10-04	
净澈	jing'che	word	2026-10-04	
减振垫	jian'zhen'dian	term	2026-10-04	
半睁	ban'zheng	word	2026-10-04	
单反微单	dan'fan'wei'dan	term	2026-10-04	
卡维尔	ka'wei'er	name	2026-10-04	
反激式	fan'ji'shi	term	2026-10-04	
受众覆盖	shou'zhong'fu'gai	word	2026-10-04	
回油箱	hui'you'xiang	term	2026-10-04	
小竹子	xiao'zhu'zi	word	2026-10-04	
岩柱	yan'zhu	term	2026-10-04	
差分晶振	cha'fen'jing'zhen	term	2026-10-04	
幼师专业	you'shi'zhuan'ye	word	2026-10-04	
康养项目	kang'yang'xiang'mu	word	2026-10-04	
弱枝	ruo'zhi	term	2026-10-04	
抱闸	bao'zha	term	2026-10-04	
拣货路径	jian'huo'lu'jing	term	2026-10-04	
拨叉	bo'cha	term	2026-10-04	
掩模版	yan'mo'ban	term	2026-10-04	
政治整训	zheng'zhi'zheng'xun	word	2026-10-04	
易企秀	yi'qi'xiu	name	2026-10-04	
暴爽	bao'shuang	slang	2026-10-04	
极致轻量	ji'zhi'qing'liang	word	2026-10-04	
林俊旸	lin'jun'yang	name	2026-10-04	
楼阳生	lou'yang'sheng	name	2026-10-04	
氧系少女	yang'xi'shao'nv	slang	2026-10-04	
求职签	qiu'zhi'qian	word	2026-10-04	
汤屋	tang'wu	word	2026-10-04	
泪湿	lei'shi	word	2026-10-04	
激振源	ji'zhen'yuan	term	2026-10-04	
灌缝胶	guan'feng'jiao	term	2026-10-04	
爬宠	pa'chong	word	2026-10-04	
绞线机	jiao'xian'ji	term	2026-10-04	
绿袍	lv'pao	word	2026-10-04	
缴税费	jiao'shui'fei	word	2026-10-04	
脏堵	zang'du	term	2026-10-04	
菌物学	jun'wu'xue	term	2026-10-04	
装失忆	zhuang'shi'yi	word	2026-10-04	
醇醚	chun'mi	term	2026-10-04	
铸铁镶铜	zhu'tie'xiang'tong	term	2026-10-04	
防伪防窜	fang'wei'fang'cuan	term	2026-10-04	
一块基石	yi'kuai'ji'shi	word	2026-10-04	
万卡集群	wan'ka'ji'qun	term	2026-10-04	
云端协作	yun'duan'xie'zuo	word	2026-10-04	
今日宜	jin'ri'yi	word	2026-10-04	
体育集锦	ti'yu'ji'jin	word	2026-10-04	
侧腹	ce'fu	word	2026-10-04	
内卷加剧	nei'juan'jia'ju	word	2026-10-04	
启闭力	qi'bi'li	term	2026-10-04	
崖州区	ya'zhou'qu	name	2026-10-04	
布伦纳	bu'lun'na	name	2026-10-04	
幻觉率	huan'jue'lv	term	2026-10-04	
微纪录片	wei'ji'lu'pian	word	2026-10-04	
惠科股份	hui'ke'gu'fen	name	2026-10-04	
打碟	da'die	word	2026-10-04	
扦样	qian'yang	term	2026-10-04	
拉西环	la'xi'huan	term	2026-10-04	
捕集利用	bu'ji'li'yong	term	2026-10-04	
换热片	huan're'pian	term	2026-10-04	
晋末	jin'mo	word	2026-10-04	
普利兹克	pu'li'zi'ke	name	2026-10-04	
木郁	mu'yu	term	2026-10-04	
李章洙	li'zhang'zhu	name	2026-10-04	
桥臂	qiao'bi	term	2026-10-04	
棉毡	mian'zhan	term	2026-10-04	
气候韧性	qi'hou'ren'xing	term	2026-10-04	
照护方案	zhao'hu'fang'an	word	2026-10-04	
玻璃胃	bo'li'wei	slang	2026-10-04	
瑞维鲁胺	rui'wei'lu'an	term	2026-10-04	
电工电器	dian'gong'dian'qi	word	2026-10-04	
电缆接线	dian'lan'jie'xian	term	2026-10-04	
研产供销	yan'chan'gong'xiao	word	2026-10-04	
纯化柱	chun'hua'zhu	term	2026-10-04	
纸质台账	zhi'zhi'tai'zhang	word	2026-10-04	
翻拌	fan'ban	word	2026-10-04	
艺体生	yi'ti'sheng	word	2026-10-04	
菌渣	jun'zha	term	2026-10-04	
萎凋	wei'diao	term	2026-10-04	
设备铭牌	she'bei'ming'pai	word	2026-10-04	
辛西娅	xin'xi'ya	name	2026-10-04	
钢质管道	gang'zhi'guan'dao	term	2026-10-04	
锥入度	zhui'ru'du	term	2026-10-04	
长期空置	chang'qi'kong'zhi	word	2026-10-04	
防电弧	fang'dian'hu	term	2026-10-04	
陈丽华	chen'li'hua	name	2026-10-04	
零转速	ling'zhuan'su	term	2026-10-04	
高分剧	gao'fen'ju	word	2026-10-04	
乐鑫科技	le'xin'ke'ji	name	2026-10-04	
亮度测试	liang'du'ce'shi	word	2026-10-04	
六棱	liu'ling	word	2026-10-04	
千顷	qian'qing	word	2026-10-04	
即时查看	ji'shi'cha'kan	word	2026-10-04	
厚敷	hou'fu	word	2026-10-04	
同一主体	tong'yi'zhu'ti	word	2026-10-04	
吸干机	xi'gan'ji	term	2026-10-04	
夜哭	ye'ku	word	2026-10-04	
富矿精开	fu'kuang'jing'kai	word	2026-10-04	
平皿	ping'min	term	2026-10-04	
打包袋	da'bao'dai	word	2026-10-04	
抗黄变	kang'huang'bian	term	2026-10-04	
政企采购	zheng'qi'cai'gou	word	2026-10-04	
日渐增多	ri'jian'zeng'duo	word	2026-10-04	
时差法	shi'cha'fa	term	2026-10-04	
柚汁	you'zhi	word	2026-10-04	
植发机构	zhi'fa'ji'gou	word	2026-10-04	
武内骏辅	wu'nei'jun'fu	name	2026-10-04	
氢冶金	qing'ye'jin	term	2026-10-04	
水浴式	shui'yu'shi	term	2026-10-04	
溶剂瓶	rong'ji'ping	term	2026-10-04	
王学圻	wang'xue'qi	name	2026-10-04	
现场查勘	xian'chang'cha'kan	word	2026-10-04	
田间管护	tian'jian'guan'hu	word	2026-10-04	
电池电极	dian'chi'dian'ji	word	2026-10-04	
硬件在环	ying'jian'zai'huan	term	2026-10-04	
碗扣	wan'kou	term	2026-10-04	
稳进提质	wen'jin'ti'zhi	word	2026-10-04	
菌藻	jun'zao	term	2026-10-04	
蒋凡	jiang'fan	name	2026-10-04	
袁守诚	yuan'shou'cheng	name	2026-10-04	
触发阈值	chu'fa'yu'zhi	word	2026-10-04	
赫格塞斯	he'ge'sai'si	name	2026-10-04	
超充桩	chao'chong'zhuang	term	2026-10-04	
遗韵	yi'yun	word	2026-10-04	
世界之问	shi'jie'zhi'wen	word	2026-10-04	
久川绫	jiu'chuan'ling	name	2026-10-04	
冲压成形	chong'ya'cheng'xing	term	2026-10-04	
十字滑台	shi'zi'hua'tai	term	2026-10-04	
华雷斯	hua'lei'si	name	2026-10-04	
卓荣泰	zhuo'rong'tai	name	2026-10-04	
原厂原包	yuan'chang'yuan'bao	word	2026-10-04	
家里做客	jia'li'zuo'ke	word	2026-10-04	
小包包	xiao'bao'bao	word	2026-10-04	
岗课赛证	gang'ke'sai'zheng	word	2026-10-04	
应用示例	ying'yong'shi'li	word	2026-10-04	
座椅套	zuo'yi'tao	word	2026-10-04	
彝医	yi'yi	term	2026-10-04	
截留率	jie'liu'lv	term	2026-10-04	
抑菌圈	yi'jun'quan	term	2026-10-04	
杜润生	du'run'sheng	name	2026-10-04	
柳岸	liu'an	word	2026-10-04	
核酸电泳	he'suan'dian'yong	term	2026-10-04	
浸膏粉	jin'gao'fen	term	2026-10-04	
灯支架	deng'zhi'jia	word	2026-10-04	
灰砖	hui'zhuan	word	2026-10-04	
灾煞	zai'sha	term	2026-10-04	
炬芯科技	ju'xin'ke'ji	name	2026-10-04	
狼顾	lang'gu	word	2026-10-04	
琴澳	qin'ao	name	2026-10-04	
硅棒	gui'bang	term	2026-10-04	
老旧厂区	lao'jiu'chang'qu	word	2026-10-04	
联咏	lian'yong	name	2026-10-04	
菁英班	jing'ying'ban	word	2026-10-04	
萎缩型	wei'suo'xing	term	2026-10-04	
螺旋盘管	luo'xuan'pan'guan	term	2026-10-04	
语义优化	yu'yi'you'hua	term	2026-10-04	
迪洛伦佐	di'luo'lun'zuo	name	2026-10-04	
迷了眼	mi'le'yan	word	2026-10-04	
邓白氏	deng'bai'shi	name	2026-10-04	
鄂维南	e'wei'nan	name	2026-10-04	
酚红	fen'hong	term	2026-10-04	
阿吉雷	a'ji'lei	name	2026-10-04	
飞机盒	fei'ji'he	word	2026-10-04	
高腰线	gao'yao'xian	word	2026-10-04	
鼎捷数智	ding'jie'shu'zhi	name	2026-10-04	
傅聪	fu'cong	name	2026-10-04	
出租船	chu'zu'chuan	word	2026-10-04	
前排承伤	qian'pai'cheng'shang	slang	2026-10-04	
吉伊卡哇	ji'yi'ka'wa	name	2026-10-04	
堆垛架	dui'duo'jia	term	2026-10-04	
堡盟	bao'meng	name	2026-10-04	
墙柱	qiang'zhu	word	2026-10-04	
帐户设置	zhang'hu'she'zhi	word	2026-10-04	
幽玄	you'xuan	word	2026-10-04	
影石创新	ying'shi'chuang'xin	name	2026-10-04	
微针阵列	wei'zhen'zhen'lie	term	2026-10-04	
拉铆	la'mao	term	2026-10-04	
拌馅机	ban'xian'ji	word	2026-10-04	
振动锤	zhen'dong'chui	term	2026-10-04	
排屑槽	pai'xie'cao	term	2026-10-04	
插桩	cha'zhuang	term	2026-10-04	
搅拌杆	jiao'ban'gan	word	2026-10-04	
摊凉	tan'liang	word	2026-10-04	
曹溪	cao'xi	name	2026-10-04	
本小节	ben'xiao'jie	word	2026-10-04	
楠竹	nan'zhu	word	2026-10-04	
沁润	qin'run	word	2026-10-04	
消融实验	xiao'rong'shi'yan	term	2026-10-04	
灰枣	hui'zao	word	2026-10-04	
电诈犯罪	dian'zha'fan'zui	word	2026-10-04	
盐浴炉	yan'yu'lu	term	2026-10-04	
真空接头	zhen'kong'jie'tou	term	2026-10-04	
研磨盘	yan'mo'pan	word	2026-10-04	
禾木村	he'mu'cun	name	2026-10-04	
第一帧	di'yi'zhen	word	2026-10-04	
红色旧址	hong'se'jiu'zhi	word	2026-10-04	
翻板闸门	fan'ban'zha'men	term	2026-10-04	
肩甲	jian'jia	word	2026-10-04	
蛊师	gu'shi	word	2026-10-04	
衣藻	yi'zao	term	2026-10-04	
语音时长	yu'yin'shi'chang	word	2026-10-04	
进料端	jin'liao'duan	term	2026-10-04	
逾半	yu'ban	word	2026-10-04	
酸铋	suan'bi	term	2026-10-04	
铜锭	tong'ding	word	2026-10-04	
锌钢围墙	xin'gang'wei'qiang	word	2026-10-04	
降浊	jiang'zhuo	term	2026-10-04	
集运服务	ji'yun'fu'wu	word	2026-10-04	
集采项目	ji'cai'xiang'mu	word	2026-10-04	
靶蛋白	ba'dan'bai	term	2026-10-04	
龙窑	long'yao	term	2026-10-04	
三步曲	san'bu'qu	word	2026-10-04	
丙烯酸胶	bing'xi'suan'jiao	term	2026-10-04	
养护室	yang'hu'shi	word	2026-10-04	
凶吉	xiong'ji	word	2026-10-04	
出液管	chu'ye'guan	term	2026-10-04	
初粘力	chu'nian'li	term	2026-10-04	
受权人	shou'quan'ren	word	2026-10-04	
吉尔莫	ji'er'mo	name	2026-10-04	
吾郎	wu'lang	name	2026-10-04	
妮露	ni'lou	name	2026-10-04	
孟美岐	meng'mei'qi	name	2026-10-04	
孢霉	bao'mei	term	2026-10-04	
安防门禁	an'fang'men'jin	word	2026-10-04	
弗利克	fu'li'ke	name	2026-10-04	
戒瘾	jie'yin	word	2026-10-04	
振摇	zhen'yao	term	2026-10-04	
挺了挺	ting'le'ting	word	2026-10-04	
收纳师	shou'na'shi	word	2026-10-04	
无人搬运	wu'ren'ban'yun	word	2026-10-04	
暗埋	an'mai	word	2026-10-04	
椅凳	yi'deng	word	2026-10-04	
武大靖	wu'da'jing	name	2026-10-04	
民俗旅游	min'su'lv'you	word	2026-10-04	
沃飞长空	wo'fei'chang'kong	name	2026-10-04	
泛基因组	fan'ji'yin'zu	term	2026-10-04	
滞留量	zhi'liu'liang	term	2026-10-04	
环形光	huan'xing'guang	term	2026-10-04	
电器线路	dian'qi'xian'lu	word	2026-10-04	
百廿	bai'nian	word	2026-10-04	
皮渣	pi'zha	term	2026-10-04	
禾丰	he'feng	name	2026-10-04	
筒井	tong'jing	name	2026-10-04	
管夹阀	guan'jia'fa	term	2026-10-04	
膏贴	gao'tie	word	2026-10-04	
苍雾世界	cang'wu'shi'jie	name	2026-10-04	
苏比门迪	su'bi'men'di	name	2026-10-04	
行程限位	xing'cheng'xian'wei	term	2026-10-04	
补元气	bu'yuan'qi	word	2026-10-04	
视觉质检	shi'jue'zhi'jian	term	2026-10-04	
计算基数	ji'suan'ji'shu	term	2026-10-04	
试样架	shi'yang'jia	term	2026-10-04	
语义结构	yu'yi'jie'gou	term	2026-10-04	
贵寓	gui'yu	word	2026-10-04	
逆流式	ni'liu'shi	term	2026-10-04	
锰硅	meng'gui	term	2026-10-04	
镉污染	ge'wu'ran	word	2026-10-04	
镜像构建	jing'xiang'gou'jian	term	2026-10-04	
闸框	zha'kuang	term	2026-10-04	
零佣金	ling'yong'jin	word	2026-10-04	
麸炒	fu'chao	term	2026-10-04	
中工网	zhong'gong'wang	name	2026-10-04	
二苯甲酮	er'ben'jia'tong	term	2026-10-04	
侧颈	ce'jing	word	2026-10-04	
创维汽车	chuang'wei'qi'che	name	2026-10-04	
动态检重	dong'tai'jian'zhong	term	2026-10-04	
博泰车联	bo'tai'che'lian	name	2026-10-04	
受击反馈	shou'ji'fan'kui	term	2026-10-04	
吉伦哈尔	ji'lun'ha'er	name	2026-10-04	
周雨彤	zhou'yu'tong	name	2026-10-04	
喵崽	miao'zai	slang	2026-10-04	
国优计划	guo'you'ji'hua	name	2026-10-04	
国医馆	guo'yi'guan	word	2026-10-04	
坡口机	po'kou'ji	term	2026-10-04	
大蜜蜜	da'mi'mi	slang	2026-10-04	
小诸葛	xiao'zhu'ge	word	2026-10-04	
币安钱包	bi'an'qian'bao	name	2026-10-04	
平果市	ping'guo'shi	name	2026-10-04	
恒生大学	heng'sheng'da'xue	name	2026-10-04	
押出机	ya'chu'ji	term	2026-10-04	
搬屋	ban'wu	word	2026-10-04	
断卦	duan'gua	word	2026-10-04	
星宸科技	xing'chen'ke'ji	name	2026-10-04	
显微结构	xian'wei'jie'gou	term	2026-10-04	
正负形	zheng'fu'xing	term	2026-10-04	
民主法制	min'zhu'fa'zhi	word	2026-10-04	
湿黏	shi'nian	word	2026-10-04	
火锅鸡	huo'guo'ji	word	2026-10-04	
猫犬	mao'quan	word	2026-10-04	
盒中袋	he'zhong'dai	term	2026-10-04	
盛虹	sheng'hong	name	2026-10-04	
盛趣游戏	sheng'qu'you'xi	name	2026-10-04	
硫酸酯	liu'suan'zhi	term	2026-10-04	
碳计量	tan'ji'liang	term	2026-10-04	
立式磨床	li'shi'mo'chuang	term	2026-10-04	
管状母线	guan'zhuang'mu'xian	term	2026-10-04	
粉碎刀	fen'sui'dao	word	2026-10-04	
粘扣	zhan'kou	word	2026-10-04	
维尔莉特	wei'er'li'te	name	2026-10-04	
编排层	bian'pai'ceng	term	2026-10-04	
老年康养	lao'nian'kang'yang	word	2026-10-04	
胃阴	wei'yin	term	2026-10-04	
苦厄	ku'e	word	2026-10-04	
诺瓦星云	nuo'wa'xing'yun	name	2026-10-04	
豆泡	dou'pao	word	2026-10-04	
鉴伪	jian'wei	word	2026-10-04	
锌液	xin'ye	term	2026-10-04	
雪燕	xue'yan	word	2026-10-04	
韩籍	han'ji	word	2026-10-04	
鸡排哥	ji'pai'ge	name	2026-10-04	
黄历宜忌	huang'li'yi'ji	word	2026-10-04	
事中管控	shi'zhong'guan'kong	term	2026-10-04	
云顶新耀	yun'ding'xin'yao	name	2026-10-04	
人脸核验	ren'lian'he'yan	word	2026-10-04	
光伏供电	guang'fu'gong'dian	word	2026-10-04	
八棱	ba'ling	word	2026-10-04	
冻鸡	dong'ji	word	2026-10-04	
刘佩琦	liu'pei'qi	name	2026-10-04	
利元亨	li'yuan'heng	name	2026-10-04	
卦例	gua'li	term	2026-10-04	
反推销	fan'tui'xiao	word	2026-10-04	
右弼	you'bi	term	2026-10-04	
吴千语	wu'qian'yu	name	2026-10-04	
哭嚎	ku'hao	word	2026-10-04	
国械注准	guo'xie'zhu'zhun	term	2026-10-04	
基线数据	ji'xian'shu'ju	term	2026-10-04	
塔填料	ta'tian'liao	term	2026-10-04	
夹持臂	jia'chi'bi	term	2026-10-04	
安世中国	an'shi'zhong'guo	name	2026-10-04	
客诉率	ke'su'lv	term	2026-10-04	
小川航基	xiao'chuan'hang'ji	name	2026-10-04	
尚欠	shang'qian	word	2026-10-04	
披萨盒	pi'sa'he	word	2026-10-04	
无焊缝	wu'han'feng	term	2026-10-04	
日历房	ri'li'fang	word	2026-10-04	
显式指定	xian'shi'zhi'ding	term	2026-10-04	
栈空间	zhan'kong'jian	term	2026-10-04	
楔型	xie'xing	word	2026-10-04	
欧洲之星	ou'zhou'zhi'xing	name	2026-10-04	
江之岛	jiang'zhi'dao	name	2026-10-04	
沈璧君	shen'bi'jun	name	2026-10-04	
法币入金	fa'bi'ru'jin	term	2026-10-04	
滑靴	hua'xue	term	2026-10-04	
王潮歌	wang'chao'ge	name	2026-10-04	
省际联考	sheng'ji'lian'kao	word	2026-10-04	
真空罐	zhen'kong'guan	word	2026-10-04	
私钥文件	si'yao'wen'jian	word	2026-10-04	
第十一季	di'shi'yi'ji	word	2026-10-04	
红色地标	hong'se'di'biao	word	2026-10-04	
练习一下	lian'xi'yi'xia	word	2026-10-04	
绽放杯	zhan'fang'bei	name	2026-10-04	
置业方案	zhi'ye'fang'an	word	2026-10-04	
肌少症	ji'shao'zheng	term	2026-10-04	
衍射图	yan'she'tu	term	2026-10-04	
补开发票	bu'kai'fa'piao	word	2026-10-04	
西丽街道	xi'li'jie'dao	name	2026-10-04	
贺炜	he'wei	name	2026-10-04	
赣南茶油	gan'nan'cha'you	name	2026-10-04	
赣菜	gan'cai	word	2026-10-04	
银发消费	yin'fa'xiao'fei	word	2026-10-04	
防爆墙	fang'bao'qiang	term	2026-10-04	
防眩网	fang'xuan'wang	term	2026-10-04	
陈耀烨	chen'yao'ye	name	2026-10-04	
零担拼车	ling'dan'pin'che	word	2026-10-04	
靶点发现	ba'dian'fa'xian	term	2026-10-04	
顾及到	gu'ji'dao	word	2026-10-04	
高湿试验	gao'shi'shi'yan	term	2026-10-04	
龚翔宇	gong'xiang'yu	name	2026-10-04	
一支舞	yi'zhi'wu	word	2026-10-04	
丁谓	ding'wei	name	2026-10-04	
上模座	shang'mo'zuo	term	2026-10-04	
京东七鲜	jing'dong'qi'xian	name	2026-10-04	
低露点	di'lu'dian	term	2026-10-04	
作伪证	zuo'wei'zheng	word	2026-10-04	
作风学风	zuo'feng'xue'feng	word	2026-10-04	
南瓜籽	nan'gua'zi	word	2026-10-04	
吃蟹	chi'xie	word	2026-10-04	
名冢佳织	ming'zhong'jia'zhi	name	2026-10-04	
回流阀	hui'liu'fa	term	2026-10-04	
夏承焘	xia'cheng'tao	name	2026-10-04	
大衣哥	da'yi'ge	name	2026-10-04	
头程海运	tou'cheng'hai'yun	term	2026-10-04	
孔间距	kong'jian'ju	term	2026-10-04	
安波福	an'bo'fu	name	2026-10-04	
实训桌	shi'xun'zhuo	word	2026-10-04	
宰臣	zai'chen	word	2026-10-04	
小畜生	xiao'chu'sheng	word	2026-10-04	
小野马	xiao'ye'ma	word	2026-10-04	
岩灰	yan'hui	word	2026-10-04	
常规监测	chang'gui'jian'ce	word	2026-10-04	
张弘范	zhang'hong'fan	name	2026-10-04	
张志磊	zhang'zhi'lei	name	2026-10-04	
徐泾	xu'jing	name	2026-10-04	
微库仑	wei'ku'lun	term	2026-10-04	
批间差	pi'jian'cha	term	2026-10-04	
抱抱脸	bao'bao'lian	name	2026-10-04	
掂了掂	dian'le'dian	word	2026-10-04	
支付保函	zhi'fu'bao'han	term	2026-10-04	
新片场	xin'pian'chang	name	2026-10-04	
无压烧结	wu'ya'shao'jie	term	2026-10-04	
智算平台	zhi'suan'ping'tai	word	2026-10-04	
本地黄页	ben'di'huang'ye	word	2026-10-04	
李栋旭	li'dong'xu	name	2026-10-04	
检察履职	jian'cha'lv'zhi	word	2026-10-04	
汪寿华	wang'shou'hua	name	2026-10-04	
游离氯	you'li'lv	term	2026-10-04	
猫碗	mao'wan	word	2026-10-04	
目标对齐	mu'biao'dui'qi	word	2026-10-04	
科尔蒂纳	ke'er'di'na	name	2026-10-04	
羟苯	qiang'ben	term	2026-10-04	
翼支付	yi'zhi'fu	name	2026-10-04	
膝弯	xi'wan	word	2026-10-04	
自承式	zi'cheng'shi	term	2026-10-04	
舒肝	shu'gan	term	2026-10-04	
船鞋	chuan'xie	word	2026-10-04	
范迪安	fan'di'an	name	2026-10-04	
薄茧	bo'jian	word	2026-10-04	
计时盘	ji'shi'pan	term	2026-10-04	
试验原理	shi'yan'yuan'li	word	2026-10-04	
逐瘀	zhu'yu	term	2026-10-04	
郭峰	guo'feng	name	2026-10-04	
钥匙柜	yao'shi'gui	word	2026-10-04	
锚鱼	mao'yu	term	2026-10-04	
镨钕	pu'nv	term	2026-10-04	
阈值设定	yu'zhi'she'ding	word	2026-10-04	
黏滞	nian'zhi	term	2026-10-04	
丁雄军	ding'xiong'jun	name	2026-10-04	
丝路海运	si'lu'hai'yun	name	2026-10-04	
中度污染	zhong'du'wu'ran	word	2026-10-04	
中控主机	zhong'kong'zhu'ji	term	2026-10-04	
临场变化	lin'chang'bian'hua	word	2026-10-04	
乌兰木伦	wu'lan'mu'lun	name	2026-10-04	
乌姆蒂蒂	wu'mu'di'di	name	2026-10-04	
任振鹤	ren'zhen'he	name	2026-10-04	
伤后复出	shang'hou'fu'chu	word	2026-10-04	
侗锦	dong'jin	term	2026-10-04	
信任边界	xin'ren'bian'jie	term	2026-10-04	
偶数号码	ou'shu'hao'ma	word	2026-10-04	
儒圣	ru'sheng	word	2026-10-04	
出水端	chu'shui'duan	term	2026-10-04	
初窥	chu'kui	word	2026-10-04	
卡梅拉	ka'mei'la	name	2026-10-04	
卫滨区	wei'bin'qu	name	2026-10-04	
厦门钨业	xia'men'wu'ye	name	2026-10-04	
古彝文	gu'yi'wen	term	2026-10-04	
坂东	ban'dong	name	2026-10-04	
坚美铝业	jian'mei'lv'ye	name	2026-10-04	
大叻	da'la	name	2026-10-04	
大阴线	da'yin'xian	term	2026-10-04	
安德里茨	an'de'li'ci	name	2026-10-04	
实验电炉	shi'yan'dian'lu	term	2026-10-04	
客户视图	ke'hu'shi'tu	term	2026-10-04	
屈楚萧	qu'chu'xiao	name	2026-10-04	
年青一代	nian'qing'yi'dai	word	2026-10-04	
建城史	jian'cheng'shi	word	2026-10-04	
开源商城	kai'yuan'shang'cheng	word	2026-10-04	
李依晓	li'yi'xiao	name	2026-10-04	
李庚希	li'geng'xi	name	2026-10-04	
李跃儿	li'yue'er	name	2026-10-04	
松套管	song'tao'guan	term	2026-10-04	
桶泵	tong'beng	term	2026-10-04	
气瓶柜	qi'ping'gui	term	2026-10-04	
氟化液	fu'hua'ye	term	2026-10-04	
泰兰尼斯	tai'lan'ni'si	name	2026-10-04	
洗石机	xi'shi'ji	term	2026-10-04	
海蒂诗	hai'di'shi	name	2026-10-04	
灿艳	can'yan	word	2026-10-04	
热套式	re'tao'shi	term	2026-10-04	
甩柜	shuai'gui	term	2026-10-04	
电子水尺	dian'zi'shui'chi	term	2026-10-04	
私域团长	si'yu'tuan'zhang	word	2026-10-04	
私域资产	si'yu'zi'chan	word	2026-10-04	
竞得者	jing'de'zhe	word	2026-10-04	
竹屋	zhu'wu	word	2026-10-04	
等候室	deng'hou'shi	word	2026-10-04	
翎羽	ling'yu	word	2026-10-04	
苗圩	miao'wei	name	2026-10-04	
许光汉	xu'guang'han	name	2026-10-04	
赚一点	zhuan'yi'dian	word	2026-10-04	
起动转矩	qi'dong'zhuan'ju	term	2026-10-04	
踩脚	cai'jiao	word	2026-10-04	
连锁化率	lian'suo'hua'lv	term	2026-10-04	
迷濛	mi'meng	word	2026-10-04	
酶反应	mei'fan'ying	term	2026-10-04	
钻芯	zuan'xin	term	2026-10-04	
铜芯线	tong'xin'xian	term	2026-10-04	
镜像加速	jing'xiang'jia'su	term	2026-10-04	
闪电仓	shan'dian'cang	term	2026-10-04	
隔爆结构	ge'bao'jie'gou	term	2026-10-04	
震动开关	zhen'dong'kai'guan	term	2026-10-04	
风险预案	feng'xian'yu'an	word	2026-10-04	
骨科肿瘤	gu'ke'zhong'liu	term	2026-10-04	
鬼仙	gui'xian	word	2026-10-04	
鲜桃	xian'tao	word	2026-10-04	
一帧帧	yi'zhen'zhen	word	2026-10-04	
一拨人	yi'bo'ren	word	2026-10-04	
中建科工	zhong'jian'ke'gong	name	2026-10-04	
中检集团	zhong'jian'ji'tuan	name	2026-10-04	
低洼易涝	di'wa'yi'lao	word	2026-10-04	
信银理财	xin'yin'li'cai	name	2026-10-04	
冷暖箱	leng'nuan'xiang	word	2026-10-04	
净流入额	jing'liu'ru'e	term	2026-10-04	
初次置业	chu'ci'zhi'ye	word	2026-10-04	
剪辑课	jian'ji'ke	word	2026-10-04	
博伊斯	bo'yi'si	name	2026-10-04	
卫仕	wei'shi	name	2026-10-04	
吊轨	diao'gui	term	2026-10-04	
含铂化疗	han'bo'hua'liao	term	2026-10-04	
咸腥	xian'xing	word	2026-10-04	
品牌自播	pin'pai'zi'bo	term	2026-10-04	
失能照护	shi'neng'zhao'hu	term	2026-10-04	
娇靥	jiao'ye	word	2026-10-04	
客观理性	ke'guan'li'xing	word	2026-10-04	
富友支付	fu'you'zhi'fu	name	2026-10-04	
小仓唯	xiao'cang'wei	name	2026-10-04	
小单快反	xiao'dan'kuai'fan	term	2026-10-04	
小雪花	xiao'xue'hua	word	2026-10-04	
尼科尔森	ni'ke'er'sen	name	2026-10-04	
币质押	bi'zhi'ya	term	2026-10-04	
市政水务	shi'zheng'shui'wu	word	2026-10-04	
府办函	fu'ban'han	term	2026-10-04	
打不出来	da'bu'chu'lai	word	2026-10-04	
拾贰	shi'er	word	2026-10-04	
政办函	zheng'ban'han	term	2026-10-04	
救过来	jiu'guo'lai	word	2026-10-04	
无凝露	wu'ning'lu	term	2026-10-04	
无极调节	wu'ji'tiao'jie	term	2026-10-04	
易生支付	yi'sheng'zhi'fu	name	2026-10-04	
曝气量	bao'qi'liang	term	2026-10-04	
核酸分析	he'suan'fen'xi	term	2026-10-04	
检定工作	jian'ding'gong'zuo	word	2026-10-04	
每日汇评	mei'ri'hui'ping	word	2026-10-04	
油性漆	you'xing'qi	term	2026-10-04	
涉企检查	she'qi'jian'cha	term	2026-10-04	
灌进去	guan'jin'qu	word	2026-10-04	
火力不足	huo'li'bu'zu	word	2026-10-04	
热封参数	re'feng'can'shu	term	2026-10-04	
玉垒	yu'lei	name	2026-10-04	
理疗室	li'liao'shi	word	2026-10-04	
监理乙级	jian'li'yi'ji	term	2026-10-04	
碳汇能力	tan'hui'neng'li	term	2026-10-04	
种子词	zhong'zi'ci	term	2026-10-04	
简洁易记	jian'jie'yi'ji	word	2026-10-04	
类纸膜	lei'zhi'mo	term	2026-10-04	
织造工艺	zhi'zao'gong'yi	term	2026-10-04	
群益证券	qun'yi'zheng'quan	name	2026-10-04	
荃信生物	quan'xin'sheng'wu	name	2026-10-04	
菁纯	jing'chun	name	2026-10-04	
董浩	dong'hao	name	2026-10-04	
蓝十字	lan'shi'zi	name	2026-10-04	
视光技术	shi'guang'ji'shu	term	2026-10-04	
语义相似	yu'yi'xiang'si	term	2026-10-04	
贮槽	zhu'cao	term	2026-10-04	
贾里德	jia'li'de	name	2026-10-04	
越传越	yue'chuan'yue	word	2026-10-04	
边城刀声	bian'cheng'dao'sheng	name	2026-10-04	
达里尔	da'li'er	name	2026-10-04	
连续变倍	lian'xu'bian'bei	term	2026-10-04	
量产导入	liang'chan'dao'ru	term	2026-10-04	
钨钼	wu'mu	term	2026-10-04	
钼元素	mu'yuan'su	term	2026-10-04	
锌铝镁	xin'lv'mei	term	2026-10-04	
阿利耶夫	a'li'ye'fu	name	2026-10-04	
限用物质	xian'yong'wu'zhi	term	2026-10-04	
陶瓷泵	tao'ci'beng	term	2026-10-04	
鸟苷	niao'gan	term	2026-10-04	
一幢幢	yi'zhuang'zhuang	word	2026-10-04	
五工位	wu'gong'wei	term	2026-10-04	
侧帘	ce'lian	term	2026-10-04	
儿童漆	er'tong'qi	word	2026-10-04	
全价猫粮	quan'jia'mao'liang	term	2026-10-04	
公域引流	gong'yu'yin'liu	term	2026-10-04	
古樟	gu'zhang	word	2026-10-04	
喷锡	pen'xi	term	2026-10-04	
嘉楠	jia'nan	name	2026-10-04	
回不回	hui'bu'hui	word	2026-10-04	
圣贝拉	sheng'bei'la	name	2026-10-04	
复杂基质	fu'za'ji'zhi	term	2026-10-04	
天书奇谈	tian'shu'qi'tan	name	2026-10-04	
安川伺服	an'chuan'si'fu	name	2026-10-04	
宫颈粘液	gong'jing'nian'ye	term	2026-10-04	
射击竞技	she'ji'jing'ji	word	2026-10-04	
小夭	xiao'yao	name	2026-10-04	
建筑固废	jian'zhu'gu'fei	term	2026-10-04	
总碱度	zong'jian'du	term	2026-10-04	
恒驰	heng'chi	name	2026-10-04	
执法监察	zhi'fa'jian'cha	word	2026-10-04	
投料机	tou'liao'ji	term	2026-10-04	
掺氢	chan'qing	term	2026-10-04	
支柱页面	zhi'zhu'ye'mian	term	2026-10-04	
斜巷	xie'xiang	term	2026-10-04	
昇思	sheng'si	name	2026-10-04	
曝气管	pu'qi'guan	term	2026-10-04	
李家鼎	li'jia'ding	name	2026-10-04	
格构柱	ge'gou'zhu	term	2026-10-04	
波浪板	bo'lang'ban	word	2026-10-04	
狼爪	lang'zhua	word	2026-10-04	
环压强度	huan'ya'qiang'du	term	2026-10-04	
痰瘀	tan'yu	term	2026-10-04	
知了猴	zhi'liao'hou	word	2026-10-04	
石中玉	shi'zhong'yu	name	2026-10-04	
石墨板	shi'mo'ban	term	2026-10-04	
祛味	qu'wei	word	2026-10-04	
竖炉	shu'lu	term	2026-10-04	
籽料	zi'liao	term	2026-10-04	
绝缘线芯	jue'yuan'xian'xin	term	2026-10-04	
美育课堂	mei'yu'ke'tang	word	2026-10-04	
胡迪	hu'di	name	2026-10-04	
船吊	chuan'diao	word	2026-10-04	
蒋梦婕	jiang'meng'jie	name	2026-10-04	
蛊卦	gu'gua	term	2026-10-04	
诺伊曼	nuo'yi'man	name	2026-10-04	
质控样品	zhi'kong'yang'pin	term	2026-10-04	
赏枫	shang'feng	word	2026-10-04	
走时异常	zou'shi'yi'chang	term	2026-10-04	
软灯带	ruan'deng'dai	word	2026-10-04	
逐项核查	zhu'xiang'he'cha	word	2026-10-04	
郑思维	zheng'si'wei	name	2026-10-04	
铜罐	tong'guan	word	2026-10-04	
铝清洗剂	lv'qing'xi'ji	term	2026-10-04	
铰孔	jiao'kong	term	2026-10-04	
锦溪	jin'xi	name	2026-10-04	
长戟	chang'ji	word	2026-10-04	
顿汉布什	dun'han'bu'shi	name	2026-10-04	
食材加工	shi'cai'jia'gong	word	2026-10-04	
饱食度	bao'shi'du	word	2026-10-04	
马頔	ma'di	name	2026-10-04	
麦饼	mai'bing	word	2026-10-04	
三个务必	san'ge'wu'bi	word	2026-10-04	
中场逼抢	zhong'chang'bi'qiang	term	2026-10-04	
事先同意	shi'xian'tong'yi	word	2026-10-04	
产业延链	chan'ye'yan'lian	term	2026-10-04	
亿纬动力	yi'wei'dong'li	name	2026-10-04	
伍万里	wu'wan'li	name	2026-10-04	
侯孝海	hou'xiao'hai	name	2026-10-04	
减压撬	jian'ya'qiao	term	2026-10-04	
凸出来	tu'chu'lai	word	2026-10-04	
加标回收	jia'biao'hui'shou	term	2026-10-04	
单管塔	dan'guan'ta	term	2026-10-04	
原生音频	yuan'sheng'yin'pin	term	2026-10-04	
县监委	xian'jian'wei	word	2026-10-04	
发改环资	fa'gai'huan'zi	term	2026-10-04	
四方联	si'fang'lian	term	2026-10-04	
增生型	zeng'sheng'xing	term	2026-10-04	
多腔体	duo'qiang'ti	term	2026-10-04	
大家人寿	da'jia'ren'shou	name	2026-10-04	
大骊	da'li	name	2026-10-04	
央地协同	yang'di'xie'tong	term	2026-10-04	
年中总结	nian'zhong'zong'jie	word	2026-10-04	
成形加工	cheng'xing'jia'gong	term	2026-10-04	
抗形变	kang'xing'bian	term	2026-10-04	
抗水解剂	kang'shui'jie'ji	term	2026-10-04	
新签订单	xin'qian'ding'dan	term	2026-10-04	
木枝	mu'zhi	word	2026-10-04	
注射成形	zhu'she'cheng'xing	term	2026-10-04	
流水墙	liu'shui'qiang	word	2026-10-04	
滚轴筛	gun'zhou'shai	term	2026-10-04	
满液式	man'ye'shi	term	2026-10-04	
炭化木	tan'hua'mu	term	2026-10-04	
燃木炉	ran'mu'lu	word	2026-10-04	
甬城	yong'cheng	name	2026-10-04	
畜肉	chu'rou	word	2026-10-04	
白蚁监测	bai'yi'jian'ce	term	2026-10-04	
穆里略	mu'li'lve	name	2026-10-04	
粉粒体	fen'li'ti	term	2026-10-04	
艾丽西亚	ai'li'xi'ya	name	2026-10-04	
赢利性	ying'li'xing	word	2026-10-04	
赤湾	chi'wan	name	2026-10-04	
走时调校	zou'shi'tiao'jiao	term	2026-10-04	
轴直径	zhou'zhi'jing	term	2026-10-04	
逆传播	ni'chuan'bo	term	2026-10-04	
重建手术	chong'jian'shou'shu	term	2026-10-04	
镍硅	nie'gui	term	2026-10-04	
非沪籍	fei'hu'ji	word	2026-10-04	
非血缘	fei'xue'yuan	word	2026-10-04	
韦尔奇	wei'er'qi	name	2026-10-04	
高导磁	gao'dao'ci	term	2026-10-04	
麻椒	ma'jiao	word	2026-10-04	
黏在一起	nian'zai'yi'qi	word	2026-10-04	
专享价	zhuan'xiang'jia	word	2026-10-04	
低速弯	di'su'wan	term	2026-10-04	
佳沛	jia'pei	name	2026-10-04	
侧肩	ce'jian	word	2026-10-04	
光源灯	guang'yuan'deng	word	2026-10-04	
关节臂	guan'jie'bi	term	2026-10-04	
副园长	fu'yuan'zhang	word	2026-10-04	
博伊德	bo'yi'de	name	2026-10-04	
叁佰	san'bai	word	2026-10-04	
告警阈值	gao'jing'yu'zhi	term	2026-10-04	
唐狮	tang'shi	name	2026-10-04	
外护管	wai'hu'guan	term	2026-10-04	
宿坊	su'fang	term	2026-10-04	
密封帽	mi'feng'mao	term	2026-10-04	
小师姐	xiao'shi'jie	word	2026-10-04	
屋宅	wu'zhai	word	2026-10-04	
店小秘	dian'xiao'mi	name	2026-10-04	
拎包入驻	lin'bao'ru'zhu	word	2026-10-04	
拧眉	ning'mei	word	2026-10-04	
拼箱海运	pin'xiang'hai'yun	term	2026-10-04	
拾叁	shi'san	word	2026-10-04	
掉秤	diao'cheng	slang	2026-10-04	
推拿师	tui'na'shi	word	2026-10-04	
撇渣	pie'zha	term	2026-10-04	
支撑轴承	zhi'cheng'zhou'cheng	term	2026-10-04	
收单业务	shou'dan'ye'wu	term	2026-10-04	
晨僵	chen'jiang	term	2026-10-04	
橙味	cheng'wei	word	2026-10-04	
武术课	wu'shu'ke	word	2026-10-04	
氮循环	dan'xun'huan	term	2026-10-04	
淝河	fei'he	name	2026-10-04	
热溶胶	re'rong'jiao	term	2026-10-04	
牛奶盒	niu'nai'he	word	2026-10-04	
王子奇	wang'zi'qi	name	2026-10-04	
真由美	zhen'you'mei	name	2026-10-04	
离职创业	li'zhi'chuang'ye	word	2026-10-04	
粒度检测	li'du'jian'ce	term	2026-10-04	
红翡	hong'fei	word	2026-10-04	
色度仪	se'du'yi	term	2026-10-04	
草屑	cao'xie	word	2026-10-04	
菊酯类	ju'zhi'lei	term	2026-10-04	
萜烯	tie'xi	term	2026-10-04	
虾缸	xia'gang	word	2026-10-04	
行程调节	xing'cheng'tiao'jie	term	2026-10-04	
覆羽	fu'yu	term	2026-10-04	
质控指标	zhi'kong'zhi'biao	term	2026-10-04	
起跳时机	qi'tiao'shi'ji	word	2026-10-04	
车规芯片	che'gui'xin'pian	term	2026-10-04	
进阶班	jin'jie'ban	word	2026-10-04	
邮寄送修	you'ji'song'xiu	word	2026-10-04	
郑棉	zheng'mian	term	2026-10-04	
釉层	you'ceng	term	2026-10-04	
验厂标准	yan'chang'biao'zhun	term	2026-10-04	
业财数据	ye'cai'shu'ju	term	2026-10-04	
两联供	liang'lian'gong	term	2026-10-04	
中飞租赁	zhong'fei'zu'lin	name	2026-10-04	
丰田铂智	feng'tian'bo'zhi	name	2026-10-04	
今日午盘	jin'ri'wu'pan	word	2026-10-04	
任意时刻	ren'yi'shi'ke	word	2026-10-04	
低纹波	di'wen'bo	term	2026-10-04	
倚窗	yi'chuang	word	2026-10-04	
偏浅	pian'qian	word	2026-10-04	
即时通知	ji'shi'tong'zhi	word	2026-10-04	
反时限	fan'shi'xian	term	2026-10-04	
咒灵	zhou'ling	word	2026-10-04	
团战站位	tuan'zhan'zhan'wei	word	2026-10-04	
壬癸	ren'gui	word	2026-10-04	
多夫比克	duo'fu'bi'ke	name	2026-10-04	
小格子	xiao'ge'zi	word	2026-10-04	
展客商	zhan'ke'shang	term	2026-10-04	
带货课	dai'huo'ke	word	2026-10-04	
张真源	zhang'zhen'yuan	name	2026-10-04	
忌吃	ji'chi	word	2026-10-04	
托养照护	tuo'yang'zhao'hu	term	2026-10-04	
投前估值	tou'qian'gu'zhi	term	2026-10-04	
折叠刀	zhe'die'dao	word	2026-10-04	
抚养关系	fu'yang'guan'xi	term	2026-10-04	
挂网价	gua'wang'jia	term	2026-10-04	
接收调剂	jie'shou'tiao'ji	term	2026-10-04	
施行以来	shi'xing'yi'lai	word	2026-10-04	
检重机	jian'zhong'ji	term	2026-10-04	
氧化铈	yang'hua'shi	term	2026-10-04	
氪佬	ke'lao	slang	2026-10-04	
海洋碳汇	hai'yang'tan'hui	term	2026-10-04	
淀粉基	dian'fen'ji	term	2026-10-04	
温度过冲	wen'du'guo'chong	term	2026-10-04	
熄风	xi'feng	term	2026-10-04	
物料周转	wu'liao'zhou'zhuan	term	2026-10-04	
玉笛	yu'di	word	2026-10-04	
画等号	hua'deng'hao	word	2026-10-04	
绣坊	xiu'fang	word	2026-10-04	
老匹夫	lao'pi'fu	word	2026-10-04	
自动重置	zi'dong'chong'zhi	word	2026-10-04	
艳鬼	yan'gui	word	2026-10-04	
补货周期	bu'huo'zhou'qi	word	2026-10-04	
裕廊	yu'lang	name	2026-10-04	
试剂架	shi'ji'jia	term	2026-10-04	
金宇彬	jin'yu'bin	name	2026-10-04	
鉴定考试	jian'ding'kao'shi	word	2026-10-04	
链上代币	lian'shang'dai'bi	term	2026-10-04	
锡渣	xi'zha	term	2026-10-04	
防反接	fang'fan'jie	term	2026-10-04	
防尘帽	fang'chen'mao	term	2026-10-04	
除锈机	chu'xiu'ji	term	2026-10-04	
隐含概率	yin'han'gai'lv	term	2026-10-04	
隐奢	yin'she	slang	2026-10-04	
雪茄柜	xue'jia'gui	word	2026-10-04	
震动电机	zhen'dong'dian'ji	term	2026-10-04	
青花汾	qing'hua'fen	name	2026-10-04	
预失真	yu'shi'zhen	term	2026-10-04	
预提税	yu'ti'shui	term	2026-10-04	
主轴密封	zhu'zhou'mi'feng	term	2026-10-04	
九亭	jiu'ting	name	2026-10-04	
令人注目	ling'ren'zhu'mu	word	2026-10-04	
价值锚定	jia'zhi'mao'ding	term	2026-10-04	
信号漂移	xin'hao'piao'yi	term	2026-10-04	
债权融资	zhai'quan'rong'zi	term	2026-10-04	
储存液	chu'cun'ye	word	2026-10-04	
八月廿	ba'yue'nian	word	2026-10-04	
共度难关	gong'du'nan'guan	word	2026-10-04	
农事用火	nong'shi'yong'huo	word	2026-10-04	
利弗莫尔	li'fu'mo'er	name	2026-10-04	
包封率	bao'feng'lv	term	2026-10-04	
千次展示	qian'ci'zhan'shi	term	2026-10-04	
卡点堵点	ka'dian'du'dian	word	2026-10-04	
受检人	shou'jian'ren	word	2026-10-04	
噪声检测	zao'sheng'jian'ce	term	2026-10-04	
坝顶	ba'ding	term	2026-10-04	
基安蒂	ji'an'di	name	2026-10-04	
婴童产品	ying'tong'chan'pin	word	2026-10-04	
屠榜	tu'bang	slang	2026-10-04	
干燥肌	gan'zao'ji	word	2026-10-04	
广电套餐	guang'dian'tao'can	word	2026-10-04	
庚烷	geng'wan	term	2026-10-04	
思辨性	si'bian'xing	word	2026-10-04	
成本传导	cheng'ben'chuan'dao	term	2026-10-04	
抗揍	kang'zou	slang	2026-10-04	
抬杆	tai'gan	word	2026-10-04	
抽气罩	chou'qi'zhao	term	2026-10-04	
拟饵	ni'er	term	2026-10-04	
提质降本	ti'zhi'jiang'ben	word	2026-10-04	
木质餐具	mu'zhi'can'ju	word	2026-10-04	
森防指	sen'fang'zhi	term	2026-10-04	
殿顶	dian'ding	word	2026-10-04	
水力设计	shui'li'she'ji	term	2026-10-04	
泄漏保护	xie'lou'bao'hu	term	2026-10-04	
深铁集团	shen'tie'ji'tuan	name	2026-10-04	
满弓	man'gong	word	2026-10-04	
滤失量	lv'shi'liang	term	2026-10-04	
炼气士	lian'qi'shi	word	2026-10-04	
现予发布	xian'yu'fa'bu	word	2026-10-04	
电池壳体	dian'chi'ke'ti	term	2026-10-04	
皇嗣	huang'si	word	2026-10-04	
磨粒流	mo'li'liu	term	2026-10-04	
私域商城	si'yu'shang'cheng	term	2026-10-04	
糖甙	tang'dai	term	2026-10-04	
紫铜排	zi'tong'pai	term	2026-10-04	
舔血	tian'xue	word	2026-10-04	
色度值	se'du'zhi	term	2026-10-04	
英诺赛科	ying'nuo'sai'ke	name	2026-10-04	
詹眉	zhan'mei	slang	2026-10-04	
钢制门	gang'zhi'men	word	2026-10-04	
铬元素	ge'yuan'su	word	2026-10-04	
铰接式	jiao'jie'shi	term	2026-10-04	
长尾场景	chang'wei'chang'jing	term	2026-10-04	
黄姚	huang'yao	name	2026-10-04	
中国水务	zhong'guo'shui'wu	name	2026-10-04	
借阅系统	jie'yue'xi'tong	word	2026-10-04	
兔牙	tu'ya	word	2026-10-04	
全域推广	quan'yu'tui'guang	term	2026-10-04	
减震弹簧	jian'zhen'tan'huang	term	2026-10-04	
制浆机	zhi'jiang'ji	term	2026-10-04	
卖家秀	mai'jia'xiu	slang	2026-10-04	
双人复核	shuang'ren'fu'he	word	2026-10-04	
咕噜噜	gu'lu'lu	word	2026-10-04	
固控系统	gu'kong'xi'tong	term	2026-10-04	
复消色差	fu'xiao'se'cha	term	2026-10-04	
多头跑	duo'tou'pao	word	2026-10-04	
大通证券	da'tong'zheng'quan	name	2026-10-04	
夹心板	jia'xin'ban	term	2026-10-04	
尖挺	jian'ting	word	2026-10-04	
尼斯分类	ni'si'fen'lei	term	2026-10-04	
弹性连接	tan'xing'lian'jie	term	2026-10-04	
微纳制造	wei'na'zhi'zao	term	2026-10-04	
护套层	hu'tao'ceng	term	2026-10-04	
挤出去	ji'chu'qu	word	2026-10-04	
撮镇	cuo'zhen	name	2026-10-04	
易歪歪	yi'wai'wai	name	2026-10-04	
柱温箱	zhu'wen'xiang	term	2026-10-04	
槽孔	cao'kong	term	2026-10-04	
氦检	hai'jian	term	2026-10-04	
氯化钴	lv'hua'gu	term	2026-10-04	
消解管	xiao'jie'guan	term	2026-10-04	
淹没式	yan'mo'shi	term	2026-10-04	
湖堤	hu'di	word	2026-10-04	
热流仪	re'liu'yi	term	2026-10-04	
直读式	zhi'du'shi	term	2026-10-04	
腰背劳损	yao'bei'lao'sun	word	2026-10-04	
蒸吨	zheng'dun	term	2026-10-04	
触及率	chu'ji'lv	term	2026-10-04	
识字教学	shi'zi'jiao'xue	word	2026-10-04	
躬耕教坛	gong'geng'jiao'tan	word	2026-10-04	
适老服务	shi'lao'fu'wu	word	2026-10-04	
铜元素	tong'yuan'su	word	2026-10-04	
铣头	xi'tou	term	2026-10-04	
闫学晶	yan'xue'jing	name	2026-10-04	
雨污水管	yu'wu'shui'guan	term	2026-10-04	
雨蓬	yu'peng	word	2026-10-04	
靓丽名片	liang'li'ming'pian	word	2026-10-04	
黑板灯	hei'ban'deng	word	2026-10-04	
一道一道	yi'dao'yi'dao	word	2026-10-04	
主副图	zhu'fu'tu	term	2026-10-04	
义工队	yi'gong'dui	word	2026-10-04	
人因工程	ren'yin'gong'cheng	term	2026-10-04	
亿级用户	yi'ji'yong'hu	word	2026-10-04	
依视路	yi'shi'lu	name	2026-10-04	
侯友宜	hou'you'yi	name	2026-10-04	
共模抑制	gong'mo'yi'zhi	term	2026-10-04	
出厂质检	chu'chang'zhi'jian	word	2026-10-04	
华润数科	hua'run'shu'ke	name	2026-10-04	
县电视台	xian'dian'shi'tai	word	2026-10-04	
喷雾泵	pen'wu'beng	term	2026-10-04	
回过身	hui'guo'shen	word	2026-10-04	
坐窝	zuo'wo	word	2026-10-04	
妻奴	qi'nu	slang	2026-10-04	
定位终端	ding'wei'zhong'duan	term	2026-10-04	
定影组件	ding'ying'zu'jian	term	2026-10-04	
宽压输入	kuan'ya'shu'ru	term	2026-10-04	
异地执法	yi'di'zhi'fa	word	2026-10-04	
快检仪	kuai'jian'yi	term	2026-10-04	
打土豪	da'tu'hao	word	2026-10-04	
批次抽检	pi'ci'chou'jian	word	2026-10-04	
护师证	hu'shi'zheng	word	2026-10-04	
撩男	liao'nan	slang	2026-10-04	
支承结构	zhi'cheng'jie'gou	term	2026-10-04	
新点子	xin'dian'zi	word	2026-10-04	
时域反射	shi'yu'fan'she	term	2026-10-04	
植原体	zhi'yuan'ti	term	2026-10-04	
橡胶草	xiang'jiao'cao	term	2026-10-04	
汾湖	fen'hu	name	2026-10-04	
熔喷料	rong'pen'liao	term	2026-10-04	
狮岭镇	shi'ling'zhen	name	2026-10-04	
王婶	wang'shen	word	2026-10-04	
电话预订	dian'hua'yu'ding	word	2026-10-04	
皮肤粘膜	pi'fu'nian'mo	term	2026-10-04	
直驱永磁	zhi'qu'yong'ci	term	2026-10-04	
知世酱	zhi'shi'jiang	name	2026-10-04	
碳化层	tan'hua'ceng	term	2026-10-04	
粘度测量	nian'du'ce'liang	term	2026-10-04	
索氏提取	suo'shi'ti'qu	term	2026-10-04	
绝不手软	jue'bu'shou'ruan	word	2026-10-04	
老板椅	lao'ban'yi	word	2026-10-04	
职教出海	zhi'jiao'chu'hai	word	2026-10-04	
至恒重	zhi'heng'zhong	term	2026-10-04	
蟹钳	xie'qian	word	2026-10-04	
补帧	bu'zhen	term	2026-10-04	
表单收集	biao'dan'shou'ji	word	2026-10-04	
裸粉	luo'fen	word	2026-10-04	
试用结束	shi'yong'jie'shu	word	2026-10-04	
诚邀莅临	cheng'yao'li'lin	word	2026-10-04	
误踩	wu'cai	word	2026-10-04	
贝泰妮	bei'tai'ni	name	2026-10-04	
贴身丫鬟	tie'shen'ya'huan	word	2026-10-04	
赋能提质	fu'neng'ti'zhi	word	2026-10-04	
跨世代	kua'shi'dai	word	2026-10-04	
跨厂区	kua'chang'qu	word	2026-10-04	
邢佳栋	xing'jia'dong	name	2026-10-04	
量油孔	liang'you'kong	term	2026-10-04	
铣磨	xi'mo	term	2026-10-04	
闫佩伦	yan'pei'lun	name	2026-10-04	
阎埠贵	yan'bu'gui	name	2026-10-04	
雌鼠	ci'shu	term	2026-10-04	
预订门票	yu'ding'men'piao	word	2026-10-04	
风控阈值	feng'kong'yu'zhi	term	2026-10-04	
鸥鹭	ou'lu	word	2026-10-04	
万辰集团	wan'chen'ji'tuan	name	2026-10-04	
专班成员	zhuan'ban'cheng'yuan	word	2026-10-04	
东呈集团	dong'cheng'ji'tuan	name	2026-10-04	
仍需努力	reng'xu'nu'li	word	2026-10-04	
依赖冲突	yi'lai'chong'tu	term	2026-10-04	
全国律协	quan'guo'lv'xie	name	2026-10-04	
分选线	fen'xuan'xian	term	2026-10-04	
加热圈	jia're'quan	term	2026-10-04	
北京画院	bei'jing'hua'yuan	name	2026-10-04	
古城西安	gu'cheng'xi'an	word	2026-10-04	
叮叮叮	ding'ding'ding	word	2026-10-04	
吃咸	chi'xian	word	2026-10-04	
唐培里侬	tang'pei'li'nong	name	2026-10-04	
嗨爆	hai'bao	slang	2026-10-04	
四钻酒店	si'zuan'jiu'dian	word	2026-10-04	
大朗镇	da'lang'zhen	name	2026-10-04	
女道士	nv'dao'shi	word	2026-10-04	
娜塔莉亚	na'ta'li'ya	name	2026-10-04	
导电网络	dao'dian'wang'luo	term	2026-10-04	
康养机构	kang'yang'ji'gou	word	2026-10-04	
循证依据	xun'zheng'yi'ju	term	2026-10-04	
微乳化	wei'ru'hua	term	2026-10-04	
怂怂	song'song	slang	2026-10-04	
摆大巴	bai'da'ba	slang	2026-10-04	
昂瑞微	ang'rui'wei	name	2026-10-04	
显卡坞	xian'ka'wu	term	2026-10-04	
杨立昆	yang'li'kun	name	2026-10-04	
楔式	xie'shi	term	2026-10-04	
氢气泄漏	qing'qi'xie'lou	word	2026-10-04	
治具加工	zhi'ju'jia'gong	term	2026-10-04	
游戏合辑	you'xi'he'ji	word	2026-10-04	
炭化稻壳	tan'hua'dao'ke	term	2026-10-04	
热封压力	re'feng'ya'li	term	2026-10-04	
热风温度	re'feng'wen'du	term	2026-10-04	
熔体粘度	rong'ti'nian'du	term	2026-10-04	
王亚伟	wang'ya'wei	name	2026-10-04	
玫粉	mei'fen	word	2026-10-04	
男技师	nan'ji'shi	word	2026-10-04	
瞧了瞧	qiao'le'qiao	word	2026-10-04	
矽电股份	xi'dian'gu'fen	name	2026-10-04	
私域变现	si'yu'bian'xian	term	2026-10-04	
端侧推理	duan'ce'tui'li	term	2026-10-04	
简餐区	jian'can'qu	word	2026-10-04	
管理质效	guan'li'zhi'xiao	word	2026-10-04	
粘度指数	nian'du'zhi'shu	term	2026-10-04	
绒地毯	rong'di'tan	word	2026-10-04	
胜芳	sheng'fang	name	2026-10-04	
脲类	niao'lei	term	2026-10-04	
自建节点	zi'jian'jie'dian	term	2026-10-04	
蒸炒锅	zheng'chao'guo	term	2026-10-04	
袁仁国	yuan'ren'guo	name	2026-10-04	
评课活动	ping'ke'huo'dong	word	2026-10-04	
进液管	jin'ye'guan	term	2026-10-04	
邬君梅	wu'jun'mei	name	2026-10-04	
野田佳彦	ye'tian'jia'yan	name	2026-10-04	
银行帐号	yin'hang'zhang'hao	word	2026-10-04	
镀锌天沟	du'xin'tian'gou	term	2026-10-04	
镁棒	mei'bang	term	2026-10-04	
防结垢	fang'jie'gou	word	2026-10-04	
静音房	jing'yin'fang	word	2026-10-04	
预定成功	yu'ding'cheng'gong	word	2026-10-04	
鲍伊	bao'yi	name	2026-10-04	
一帧一帧	yi'zhen'yi'zhen	word	2026-10-04	
交流桩	jiao'liu'zhuang	term	2026-10-04	
产品滞销	chan'pin'zhi'xiao	word	2026-10-04	
低压腔	di'ya'qiang	term	2026-10-04	
免插卡	mian'cha'ka	word	2026-10-04	
内容缺失	nei'rong'que'shi	word	2026-10-04	
剥壳机	bo'ke'ji	term	2026-10-04	
助残服务	zhu'can'fu'wu	word	2026-10-04	
包文婧	bao'wen'jing	name	2026-10-04	
告警记录	gao'jing'ji'lu	term	2026-10-04	
国芯科技	guo'xin'ke'ji	name	2026-10-04	
大零号湾	da'ling'hao'wan	name	2026-10-04	
天空之镜	tian'kong'zhi'jing	name	2026-10-04	
头部竞品	tou'bu'jing'pin	word	2026-10-04	
夹持板	jia'chi'ban	term	2026-10-04	
异构集成	yi'gou'ji'cheng	term	2026-10-04	
张婶	zhang'shen	word	2026-10-04	
德技并修	de'ji'bing'xiu	word	2026-10-04	
扒下来	ba'xia'lai	word	2026-10-04	
承重梁	cheng'zhong'liang	word	2026-10-04	
收纳槽	shou'na'cao	word	2026-10-04	
放置盒	fang'zhi'he	word	2026-10-04	
枫香染	feng'xiang'ran	term	2026-10-04	
格栅屏	ge'shan'ping	term	2026-10-04	
桃枝	tao'zhi	word	2026-10-04	
气动装置	qi'dong'zhuang'zhi	term	2026-10-04	
沾灰	zhan'hui	word	2026-10-04	
洛佩特吉	luo'pei'te'ji	name	2026-10-04	
测压接头	ce'ya'jie'tou	term	2026-10-04	
溶剂过滤	rong'ji'guo'lv	term	2026-10-04	
焕新季	huan'xin'ji	word	2026-10-04	
煤制气	mei'zhi'qi	term	2026-10-04	
现行版	xian'xing'ban	word	2026-10-04	
瑶寨	yao'zhai	word	2026-10-04	
痛风药	tong'feng'yao	word	2026-10-04	
直埋式	zhi'mai'shi	term	2026-10-04	
硅基负极	gui'ji'fu'ji	term	2026-10-04	
竹棚	zhu'peng	word	2026-10-04	
红军城	hong'jun'cheng	name	2026-10-04	
纸碗	zhi'wan	word	2026-10-04	
维保成本	wei'bao'cheng'ben	word	2026-10-04	
职能岗	zhi'neng'gang	word	2026-10-04	
脑电电极	nao'dian'dian'ji	term	2026-10-04	
腐蚀等级	fu'shi'deng'ji	term	2026-10-04	
自助签到	zi'zhu'qian'dao	word	2026-10-04	
艾丽斯	ai'li'si	name	2026-10-04	
身价过亿	shen'jia'guo'yi	word	2026-10-04	
轴向型	zhou'xiang'xing	term	2026-10-04	
轻触屏幕	qing'chu'ping'mu	word	2026-10-04	
运维策略	yun'wei'ce'lve	word	2026-10-04	
进样量	jin'yang'liang	term	2026-10-04	
通关班	tong'guan'ban	word	2026-10-04	
通讯网关	tong'xun'wang'guan	term	2026-10-04	
部署运维	bu'shu'yun'wei	word	2026-10-04	
银行房贷	yin'hang'fang'dai	word	2026-10-04	
链上钱包	lian'shang'qian'bao	term	2026-10-04	
锋线火力	feng'xian'huo'li	word	2026-10-04	
锰基	meng'ji	term	2026-10-04	
镁锭	mei'ding	term	2026-10-04	
防排水板	fang'pai'shui'ban	term	2026-10-04	
雪漠	xue'mo	name	2026-10-04	
非洁净区	fei'jie'jing'qu	term	2026-10-04	
预警叫应	yu'jing'jiao'ying	term	2026-10-04	
风水鱼	feng'shui'yu	word	2026-10-04	
魏无羡	wei'wu'xian	name	2026-10-04	
鳄龟	e'gui	word	2026-10-04	
上海前滩	shang'hai'qian'tan	name	2026-10-04	
事件订阅	shi'jian'ding'yue	term	2026-10-04	
代收点	dai'shou'dian	word	2026-10-04	
作业时长	zuo'ye'shi'chang	word	2026-10-04	
侧抽芯	ce'chou'xin	term	2026-10-04	
先导课	xian'dao'ke	word	2026-10-04	
全域获客	quan'yu'huo'ke	term	2026-10-04	
全面生效	quan'mian'sheng'xiao	word	2026-10-04	
冰垫	bing'dian	word	2026-10-04	
初步禁令	chu'bu'jin'ling	term	2026-10-04	
原生铝	yuan'sheng'lv	term	2026-10-04	
合规核查	he'gui'he'cha	word	2026-10-04	
含钼	han'mu	word	2026-10-04	
启动子区	qi'dong'zi'qu	term	2026-10-04	
吴绮莉	wu'qi'li	name	2026-10-04	
哄娃	hong'wa	word	2026-10-04	
回收铝	hui'shou'lv	term	2026-10-04	
增产剂	zeng'chan'ji	term	2026-10-04	
复盘会议	fu'pan'hui'yi	word	2026-10-04	
字体嵌入	zi'ti'qian'ru	term	2026-10-04	
导体线芯	dao'ti'xian'xin	term	2026-10-04	
尾焰	wei'yan	word	2026-10-04	
异瞳	yi'tong	word	2026-10-04	
微黄色	wei'huang'se	word	2026-10-04	
快速出图	kuai'su'chu'tu	word	2026-10-04	
慧荣科技	hui'rong'ke'ji	name	2026-10-04	
手机登陆	shou'ji'deng'lu	word	2026-10-04	
李海鹰	li'hai'ying	name	2026-10-04	
榻边	ta'bian	word	2026-10-04	
氮排放	dan'pai'fang	term	2026-10-04	
浪涌抑制	lang'yong'yi'zhi	term	2026-10-04	
溅出来	jian'chu'lai	word	2026-10-04	
溶解剂	rong'jie'ji	term	2026-10-04	
漏氟	lou'fu	term	2026-10-04	
熔接线	rong'jie'xian	term	2026-10-04	
牧野区	mu'ye'qu	name	2026-10-04	
王小利	wang'xiao'li	name	2026-10-04	
白白流失	bai'bai'liu'shi	word	2026-10-04	
砂缸	sha'gang	term	2026-10-04	
秦凯	qin'kai	name	2026-10-04	
穗花	sui'hua	word	2026-10-04	
粉磨加工	fen'mo'jia'gong	term	2026-10-04	
糖罐	tang'guan	word	2026-10-04	
红色景点	hong'se'jing'dian	word	2026-10-04	
纯锌	chun'xin	term	2026-10-04	
经营质效	jing'ying'zhi'xiao	word	2026-10-04	
维权流程	wei'quan'liu'cheng	word	2026-10-04	
致命传球	zhi'ming'chuan'qiu	word	2026-10-04	
花溪公园	hua'xi'gong'yuan	name	2026-10-04	
草茎	cao'jing	word	2026-10-04	
荒兽	huang'shou	word	2026-10-04	
虾稻	xia'dao	term	2026-10-04	
表面肌电	biao'mian'ji'dian	term	2026-10-04	
装船机	zhuang'chuan'ji	term	2026-10-04	
见效时间	jian'xiao'shi'jian	word	2026-10-04	
解密游戏	jie'mi'you'xi	word	2026-10-04	
记帐凭证	ji'zhang'ping'zheng	word	2026-10-04	
贾湖	jia'hu	name	2026-10-04	
起帆电缆	qi'fan'dian'lan	name	2026-10-04	
跨学段	kua'xue'duan	word	2026-10-04	
转引自	zhuan'yin'zi	word	2026-10-04	
辊皮	gun'pi	term	2026-10-04	
运营提效	yun'ying'ti'xiao	word	2026-10-04	
配伍性	pei'wu'xing	term	2026-10-04	
量程校准	liang'cheng'jiao'zhun	term	2026-10-04	
金世杰	jin'shi'jie	name	2026-10-04	
钨酸	wu'suan	term	2026-10-04	
银钨合金	yin'wu'he'jin	term	2026-10-04	
链接错误	lian'jie'cuo'wu	word	2026-10-04	
锥套	zhui'tao	term	2026-10-04	
键合机	jian'he'ji	term	2026-10-04	
防静电桌	fang'jing'dian'zhuo	word	2026-10-04	
颊边	jia'bian	word	2026-10-04	
高频震动	gao'pin'zhen'dong	word	2026-10-04	
黄谣	huang'yao	slang	2026-10-04	
中试熟化	zhong'shi'shu'hua	term	2026-10-04	
互嵌式	hu'qian'shi	word	2026-10-04	
享有声誉	xiang'you'sheng'yu	word	2026-10-04	
京东养车	jing'dong'yang'che	name	2026-10-04	
伊拉奥拉	yi'la'ao'la	name	2026-10-04	
佩尼亚	pei'ni'ya	name	2026-10-04	
兆惠	zhao'hui	name	2026-10-04	
全屋家居	quan'wu'jia'ju	word	2026-10-04	
全面开战	quan'mian'kai'zhan	word	2026-10-04	
八点档	ba'dian'dang	word	2026-10-04	
冬捕	dong'bu	word	2026-10-04	
冷油机	leng'you'ji	term	2026-10-04	
净化柱	jing'hua'zhu	term	2026-10-04	
列王纪上	lie'wang'ji'shang	name	2026-10-04	
刘宪华	liu'xian'hua	name	2026-10-04	
力抓落实	li'zhua'luo'shi	word	2026-10-04	
力箭一号	li'jian'yi'hao	name	2026-10-04	
北非雄狮	bei'fei'xiong'shi	name	2026-10-04	
华源证券	hua'yuan'zheng'quan	name	2026-10-04	
变褐	bian'he	word	2026-10-04	
吸尘箱	xi'chen'xiang	word	2026-10-04	
喷蜡	pen'la	word	2026-10-04	
喷釉	pen'you	term	2026-10-04	
嗦粉	suo'fen	slang	2026-10-04	
填充液	tian'chong'ye	word	2026-10-04	
声誉损害	sheng'yu'sun'hai	word	2026-10-04	
妖仙	yao'xian	word	2026-10-04	
娇蛮	jiao'man	word	2026-10-04	
嫡妃	di'fei	word	2026-10-04	
存储占用	cun'chu'zhan'yong	word	2026-10-04	
实例状态	shi'li'zhuang'tai	term	2026-10-04	
实时图表	shi'shi'tu'biao	word	2026-10-04	
客服质检	ke'fu'zhi'jian	word	2026-10-04	
家具布局	jia'ju'bu'ju	word	2026-10-04	
已开奖	yi'kai'jiang	word	2026-10-04	
币安广场	bi'an'guang'chang	name	2026-10-04	
干电极	gan'dian'ji	term	2026-10-04	
廖子妤	liao'zi'yu	name	2026-10-04	
延时竞价	yan'shi'jing'jia	term	2026-10-04	
微光成炬	wei'guang'cheng'ju	word	2026-10-04	
忆秦娥	yi'qin'e	name	2026-10-04	
打样服务	da'yang'fu'wu	word	2026-10-04	
撬动市场	qiao'dong'shi'chang	word	2026-10-04	
攻防衔接	gong'fang'xian'jie	word	2026-10-04	
敬祖	jing'zu	word	2026-10-04	
斫琴	zhuo'qin	term	2026-10-04	
暗下去	an'xia'qu	word	2026-10-04	
极压抗磨	ji'ya'kang'mo	term	2026-10-04	
根结线虫	gen'jie'xian'chong	term	2026-10-04	
桌凳	zhuo'deng	word	2026-10-04	
桑拿水汇	sang'na'shui'hui	word	2026-10-04	
榨出来	zha'chu'lai	word	2026-10-04	
榨季	zha'ji	term	2026-10-04	
模切刀	mo'qie'dao	term	2026-10-04	
武穆	wu'mu	name	2026-10-04	
水份含量	shui'fen'han'liang	word	2026-10-04	
江钰源	jiang'yu'yuan	name	2026-10-04	
法兰联接	fa'lan'lian'jie	term	2026-10-04	
流式响应	liu'shi'xiang'ying	term	2026-10-04	
液位差	ye'wei'cha	term	2026-10-04	
混合键合	hun'he'jian'he	term	2026-10-04	
清廉国企	qing'lian'guo'qi	word	2026-10-04	
狙神	ju'shen	slang	2026-10-04	
现制饮品	xian'zhi'yin'pin	word	2026-10-04	
瓯窑	ou'yao	name	2026-10-04	
田栩宁	tian'xu'ning	name	2026-10-04	
真空注油	zhen'kong'zhu'you	term	2026-10-04	
秤架	cheng'jia	term	2026-10-04	
称重贴标	cheng'zhong'tie'biao	term	2026-10-04	
空置周期	kong'zhi'zhou'qi	word	2026-10-04	
答辩公告	da'bian'gong'gao	word	2026-10-04	
粘度值	nian'du'zhi	term	2026-10-04	
线性扩展	xian'xing'kuo'zhan	term	2026-10-04	
组立机	zu'li'ji	term	2026-10-04	
细心照料	xi'xin'zhao'liao	word	2026-10-04	
苯甲酸酯	ben'jia'suan'zhi	term	2026-10-04	
薄毯	bao'tan	word	2026-10-04	
蛊术	gu'shu	word	2026-10-04	
课标版	ke'biao'ban	word	2026-10-04	
辅助组件	fu'zhu'zu'jian	word	2026-10-04	
连续投料	lian'xu'tou'liao	term	2026-10-04	
迪哲医药	di'zhe'yi'yao	name	2026-10-04	
钢板钳	gang'ban'qian	term	2026-10-04	
钣金外壳	ban'jin'wai'ke	term	2026-10-04	
长桁	chang'heng	term	2026-10-04	
闪测仪	shan'ce'yi	term	2026-10-04	
防欺凌	fang'qi'ling	word	2026-10-04	
隐变量	yin'bian'liang	term	2026-10-04	
隔离阀	ge'li'fa	term	2026-10-04	
零气耗	ling'qi'hao	term	2026-10-04	
震动频率	zhen'dong'pin'lv	word	2026-10-04	
非遗活化	fei'yi'huo'hua	word	2026-10-04	
魏了翁	wei'le'weng	name	2026-10-04	
鱼酱	yu'jiang	word	2026-10-04	
黑袜	hei'wa	word	2026-10-04	
专家见解	zhuan'jia'jian'jie	word	2026-10-04	
乒羽	ping'yu	word	2026-10-04	
今田美樱	jin'tian'mei'ying	name	2026-10-04	
代码冗余	dai'ma'rong'yu	term	2026-10-04	
依规依法	yi'gui'yi'fa	word	2026-10-04	
光场显示	guang'chang'xian'shi	term	2026-10-04	
兴仁市	xing'ren'shi	name	2026-10-04	
农业强市	nong'ye'qiang'shi	word	2026-10-04	
凝结共识	ning'jie'gong'shi	word	2026-10-04	
分液器	fen'ye'qi	term	2026-10-04	
化学交联	hua'xue'jiao'lian	term	2026-10-04	
匡庐	kuang'lu	name	2026-10-04	
单场票	dan'chang'piao	word	2026-10-04	
历史回响	li'shi'hui'xiang	word	2026-10-04	
嘶哈	si'ha	slang	2026-10-04	
围坐一堂	wei'zuo'yi'tang	word	2026-10-04	
场景演示	chang'jing'yan'shi	word	2026-10-04	
塑料罐	su'liao'guan	word	2026-10-04	
天地杆	tian'di'gan	term	2026-10-04	
姜葱	jiang'cong	word	2026-10-04	
孕妻	yun'qi	word	2026-10-04	
密镶	mi'xiang	term	2026-10-04	
富弼	fu'bi	name	2026-10-04	
小笠原	xiao'li'yuan	name	2026-10-04	
屎盆	shi'pen	word	2026-10-04	
山坟	shan'fen	word	2026-10-04	
平等权利	ping'deng'quan'li	word	2026-10-04	
应检尽检	ying'jian'jin'jian	word	2026-10-04	
当家做主	dang'jia'zuo'zhu	word	2026-10-04	
待付款	dai'fu'kuan	word	2026-10-04	
怼怼	dui'dui	slang	2026-10-04	
拌合机	ban'he'ji	term	2026-10-04	
故乡税	gu'xiang'shui	term	2026-10-04	
气保焊	qi'bao'han	term	2026-10-04	
沪锡	hu'xi	term	2026-10-04	
涉氨制冷	she'an'zhi'leng	term	2026-10-04	
淬毒	cui'du	word	2026-10-04	
渣斗	zha'dou	word	2026-10-04	
火币钱包	huo'bi'qian'bao	name	2026-10-04	
焕新启航	huan'xin'qi'hang	word	2026-10-04	
牙渍	ya'zi	word	2026-10-04	
电液锤	dian'ye'chui	term	2026-10-04	
电脑支架	dian'nao'zhi'jia	word	2026-10-04	
白蚁分飞	bai'yi'fen'fei	term	2026-10-04	
真空管件	zhen'kong'guan'jian	term	2026-10-04	
瞬时冲击	shun'shi'chong'ji	term	2026-10-04	
知乎直答	zhi'hu'zhi'da	name	2026-10-04	
研学路线	yan'xue'lu'xian	word	2026-10-04	
砰砰直跳	peng'peng'zhi'tiao	word	2026-10-04	
碳抵消	tan'di'xiao	term	2026-10-04	
禅茶	chan'cha	word	2026-10-04	
移动房屋	yi'dong'fang'wu	word	2026-10-04	
移民新村	yi'min'xin'cun	word	2026-10-04	
窖香	jiao'xiang	term	2026-10-04	
立杆支架	li'gan'zhi'jia	term	2026-10-04	
筛分板	shai'fen'ban	term	2026-10-04	
管形母线	guan'xing'mu'xian	term	2026-10-04	
粒径控制	li'jing'kong'zhi	term	2026-10-04	
紧急插单	jin'ji'cha'dan	word	2026-10-04	
纱幔	sha'man	word	2026-10-04	
美区苹果	mei'qu'ping'guo	word	2026-10-04	
肠鸣	chang'ming	word	2026-10-04	
胶饵	jiao'er	term	2026-10-04	
自智网络	zi'zhi'wang'luo	term	2026-10-04	
薄膜基材	bo'mo'ji'cai	term	2026-10-04	
蜗杆轴	wo'gan'zhou	term	2026-10-04	
蝎尾	xie'wei	word	2026-10-04	
行为画像	xing'wei'hua'xiang	term	2026-10-04	
装卸臂	zhuang'xie'bi	term	2026-10-04	
许亚军	xu'ya'jun	name	2026-10-04	
谱分析法	pu'fen'xi'fa	term	2026-10-04	
贪欢	tan'huan	word	2026-10-04	
踢拳	ti'quan	word	2026-10-04	
迈威生物	mai'wei'sheng'wu	name	2026-10-04	
遁术	dun'shu	word	2026-10-04	
雌虾	ci'xia	word	2026-10-04	
雕塑厂	diao'su'chang	word	2026-10-04	
零偏差	ling'pian'cha	word	2026-10-04	
雾度计	wu'du'ji	term	2026-10-04	
韧性增长	ren'xing'zeng'zhang	word	2026-10-04	
颠勺	dian'shao	word	2026-10-04	
临床痛点	lin'chuang'tong'dian	word	2026-10-04	
任素汐	ren'su'xi	name	2026-10-04	
余恨	yu'hen	word	2026-10-04	
充填量	chong'tian'liang	term	2026-10-04	
具身模型	ju'shen'mo'xing	term	2026-10-04	
冰袖	bing'xiu	word	2026-10-04	
剑匣	jian'xia	word	2026-10-04	
卧式安装	wo'shi'an'zhuang	term	2026-10-04	
合股企业	he'gu'qi'ye	term	2026-10-04	
商显大屏	shang'xian'da'ping	term	2026-10-04	
塔釜	ta'fu	term	2026-10-04	
填料环	tian'liao'huan	term	2026-10-04	
容灾能力	rong'zai'neng'li	term	2026-10-04	
履约时效	lv'yue'shi'xiao	term	2026-10-04	
山青水秀	shan'qing'shui'xiu	word	2026-10-04	
左肾	zuo'shen	word	2026-10-04	
归因模型	gui'yin'mo'xing	term	2026-10-04	
志于学	zhi'yu'xue	word	2026-10-04	
房票安置	fang'piao'an'zhi	term	2026-10-04	
打鬼子	da'gui'zi	word	2026-10-04	
承包范围	cheng'bao'fan'wei	term	2026-10-04	
挂面机	gua'mian'ji	word	2026-10-04	
早强剂	zao'qiang'ji	term	2026-10-04	
旬阳市	xun'yang'shi	name	2026-10-04	
普冉股份	pu'ran'gu'fen	name	2026-10-04	
智算产业	zhi'suan'chan'ye	term	2026-10-04	
智谱华章	zhi'pu'hua'zhang	name	2026-10-04	
李德仁	li'de'ren	name	2026-10-04	
李汶翰	li'wen'han	name	2026-10-04	
枫泾	feng'jing	name	2026-10-04	
沥青拌合	li'qing'ban'he	term	2026-10-04	
油柑	you'gan	word	2026-10-04	
洋奶粉	yang'nai'fen	word	2026-10-04	
洗了洗	xi'le'xi	word	2026-10-04	
浅眠	qian'mian	word	2026-10-04	
浮浆	fu'jiang	term	2026-10-04	
浸渗	jin'shen	term	2026-10-04	
涨见识	zhang'jian'shi	slang	2026-10-04	
王敏德	wang'min'de	name	2026-10-04	
硒化锌	xi'hua'xin	term	2026-10-04	
竖纹	shu'wen	word	2026-10-04	
策源能力	ce'yuan'neng'li	word	2026-10-04	
紫瞳	zi'tong	word	2026-10-04	
红色根脉	hong'se'gen'mai	word	2026-10-04	
腐竹机	fu'zhu'ji	word	2026-10-04	
自动上弦	zi'dong'shang'xian	term	2026-10-04	
荧光通道	ying'guang'tong'dao	term	2026-10-04	
蓝晒	lan'shai	term	2026-10-04	
裴钱	pei'qian	name	2026-10-04	
试炼者	shi'lian'zhe	word	2026-10-04	
豫鄂	yu'e	word	2026-10-04	
败犬	bai'quan	slang	2026-10-04	
赝势基组	yan'shi'ji'zu	term	2026-10-04	
赴沪	fu'hu	word	2026-10-04	
踢了踢	ti'le'ti	word	2026-10-04	
辊套	gun'tao	term	2026-10-04	
通讯模组	tong'xun'mo'zu	term	2026-10-04	
钱嘉乐	qian'jia'le	name	2026-10-04	
锥虫	zhui'chong	term	2026-10-04	
陆仟	lu'qian	word	2026-10-04	
陆地键仙	lu'di'jian'xian	name	2026-10-04	
陈小群	chen'xiao'qun	name	2026-10-04	
陈竺	chen'zhu	name	2026-10-04	
限飞区	xian'fei'qu	term	2026-10-04	
飞防服务	fei'fang'fu'wu	term	2026-10-04	
高速互连	gao'su'hu'lian	term	2026-10-04	
麦科勒姆	mai'ke'le'mu	name	2026-10-04	
龙裔	long'yi	word	2026-10-04	
一盅	yi'zhong	word	2026-10-04	
三位四通	san'wei'si'tong	term	2026-10-04	
仝卓	tong'zhuo	name	2026-10-04	
伎乐	ji'yue	word	2026-10-04	
候选区域	hou'xuan'qu'yu	term	2026-10-04	
冷链零担	leng'lian'ling'dan	term	2026-10-04	
刘一手	liu'yi'shou	name	2026-10-04	
剜心	wan'xin	word	2026-10-04	
包钢股份	bao'gang'gu'fen	name	2026-10-04	
千帆星座	qian'fan'xing'zuo	name	2026-10-04	
双万兆	shuang'wan'zhao	term	2026-10-04	
史派西	shi'pai'xi	name	2026-10-04	
土岐隼一	tu'qi'sun'yi	name	2026-10-04	
墙裂推荐	qiang'lie'tui'jian	slang	2026-10-04	
威尼修斯	wei'ni'xiu'si	name	2026-10-04	
宇文所安	yu'wen'suo'an	name	2026-10-04	
宋式美学	song'shi'mei'xue	word	2026-10-04	
宝蟾	bao'chan	name	2026-10-04	
寿衣店	shou'yi'dian	word	2026-10-04	
山慈菇	shan'ci'gu	term	2026-10-04	
废标处理	fei'biao'chu'li	term	2026-10-04	
恢弘大气	hui'hong'da'qi	word	2026-10-04	
戈德堡	ge'de'bao	name	2026-10-04	
施普林格	shi'pu'lin'ge	name	2026-10-04	
易腐食品	yi'fu'shi'pin	term	2026-10-04	
术前筛查	shu'qian'shai'cha	term	2026-10-04	
杨惠妍	yang'hui'yan	name	2026-10-04	
柚皮	you'pi	word	2026-10-04	
步步为赢	bu'bu'wei'ying	word	2026-10-04	
水焯	shui'chao	word	2026-10-04	
泺口	luo'kou	name	2026-10-04	
测氢仪	ce'qing'yi	term	2026-10-04	
消防审验	xiao'fang'shen'yan	term	2026-10-04	
湿厕纸	shi'ce'zhi	word	2026-10-04	
熔窑	rong'yao	term	2026-10-04	
猫湿粮	mao'shi'liang	word	2026-10-04	
玉宇澄清	yu'yu'cheng'qing	word	2026-10-04	
球菌属	qiu'jun'shu	term	2026-10-04	
田曦微	tian'xi'wei	name	2026-10-04	
矢板明夫	shi'ban'ming'fu	name	2026-10-04	
研磨珠	yan'mo'zhu	term	2026-10-04	
纯欲系	chun'yu'xi	slang	2026-10-04	
纳木措	na'mu'cuo	name	2026-10-04	
绳夹	sheng'jia	term	2026-10-04	
耐湿摩擦	nai'shi'mo'ca	term	2026-10-04	
肺燥	fei'zao	term	2026-10-04	
艾伦格	ai'lun'ge	name	2026-10-04	
薅到	hao'dao	slang	2026-10-04	
诬判	wu'pan	word	2026-10-04	
语义解析	yu'yi'jie'xi	term	2026-10-04	
说甚么	shuo'shen'me	word	2026-10-04	
诺齐克	nuo'qi'ke	name	2026-10-04	
谦寻	qian'xun	name	2026-10-04	
谷超豪	gu'chao'hao	name	2026-10-04	
辅修学位	fu'xiu'xue'wei	term	2026-10-04	
释压阀	shi'ya'fa	term	2026-10-04	
零醛	ling'quan	term	2026-10-04	
青教赛	qing'jiao'sai	word	2026-10-04	
静帧	jing'zhen	term	2026-10-04	
预钻孔	yu'zuan'kong	term	2026-10-04	
颚破机	e'po'ji	term	2026-10-04	
七秩	qi'zhi	word	2026-10-04	
三元共聚	san'yuan'gong'ju	term	2026-10-04	
上村祐翔	shang'cun'you'xiang	name	2026-10-04	
克里希纳	ke'li'xi'na	name	2026-10-04	
冀晋	ji'jin	word	2026-10-04	
凿除	zao'chu	word	2026-10-04	
分流阀	fen'liu'fa	term	2026-10-04	
刘世锦	liu'shi'jin	name	2026-10-04	
天崎滉平	tian'qi'huang'ping	name	2026-10-04	
张檬	zhang'meng	name	2026-10-04	
张语格	zhang'yu'ge	name	2026-10-04	
彝乡	yi'xiang	word	2026-10-04	
慾火	yu'huo	word	2026-10-04	
拱脚	gong'jiao	term	2026-10-04	
支格阿鲁	zhi'ge'a'lu	name	2026-10-04	
无尘衣	wu'chen'yi	word	2026-10-04	
本地商圈	ben'di'shang'quan	word	2026-10-04	
样品基质	yang'pin'ji'zhi	term	2026-10-04	
桃汁	tao'zhi	word	2026-10-04	
每日上限	mei'ri'shang'xian	word	2026-10-04	
污废水	wu'fei'shui	term	2026-10-04	
河口湖	he'kou'hu	name	2026-10-04	
泄漏事件	xie'lou'shi'jian	word	2026-10-04	
测试舱	ce'shi'cang	term	2026-10-04	
温升控制	wen'sheng'kong'zhi	term	2026-10-04	
琼鼻	qiong'bi	word	2026-10-04	
甩油	shuai'you	word	2026-10-04	
监理规范	jian'li'gui'fan	term	2026-10-04	
硅叠层	gui'die'ceng	term	2026-10-04	
硅负极	gui'fu'ji	term	2026-10-04	
简历生成	jian'li'sheng'cheng	word	2026-10-04	
算力基座	suan'li'ji'zuo	term	2026-10-04	
繁殖蚁	fan'zhi'yi	term	2026-10-04	
线性霍尔	xian'xing'huo'er	term	2026-10-04	
维美德	wei'mei'de	name	2026-10-04	
翘首期盼	qiao'shou'qi'pan	word	2026-10-04	
肖弘	xiao'hong	name	2026-10-04	
肺胃	fei'wei	term	2026-10-04	
胃肠不适	wei'chang'bu'shi	word	2026-10-04	
芽叶	ya'ye	word	2026-10-04	
蛊真人	gu'zhen'ren	name	2026-10-04	
螺旋藻粉	luo'xuan'zao'fen	word	2026-10-04	
谨祝	jin'zhu	word	2026-10-04	
进样阀	jin'yang'fa	term	2026-10-04	
连续挤出	lian'xu'ji'chu	term	2026-10-04	
通用链接	tong'yong'lian'jie	term	2026-10-04	
金属带锯	jin'shu'dai'ju	term	2026-10-04	
锥形管	zhui'xing'guan	term	2026-10-04	
镗削	tang'xue	term	2026-10-04	
闽赣	min'gan	name	2026-10-04	
防眩目	fang'xuan'mu	word	2026-10-04	
高垣彩阳	gao'yuan'cai'yang	name	2026-10-04	
鲁科版	lu'ke'ban	name	2026-10-04	
鹿胎	lu'tai	word	2026-10-04	
三位五通	san'wei'wu'tong	term	2026-10-04	
下落式	xia'luo'shi	word	2026-10-04	
中医康养	zhong'yi'kang'yang	word	2026-10-04	
人才画像	ren'cai'hua'xiang	word	2026-10-04	
传接配合	chuan'jie'pei'he	term	2026-10-04	
克咳片	ke'ke'pian	name	2026-10-04	
公域平台	gong'yu'ping'tai	word	2026-10-04	
包钢集团	bao'gang'ji'tuan	name	2026-10-04	
卖高价	mai'gao'jia	word	2026-10-04	
合家幸福	he'jia'xing'fu	word	2026-10-04	
坠痛	zhui'tong	word	2026-10-04	
坦罗莫司	tan'luo'mo'si	term	2026-10-04	
增粘母料	zeng'nian'mu'liao	term	2026-10-04	
宇舶手表	yu'bo'shou'biao	word	2026-10-04	
封装载板	feng'zhuang'zai'ban	term	2026-10-04	
尼科尔斯	ni'ke'er'si	name	2026-10-04	
市政基建	shi'zheng'ji'jian	word	2026-10-04	
微网格	wei'wang'ge	term	2026-10-04	
手动导出	shou'dong'dao'chu	word	2026-10-04	
打洞机	da'dong'ji	word	2026-10-04	
拉丝板	la'si'ban	term	2026-10-04	
拉维尔	la'wei'er	name	2026-10-04	
捂紧	wu'jin	word	2026-10-04	
时效指标	shi'xiao'zhi'biao	term	2026-10-04	
智能除湿	zhi'neng'chu'shi	word	2026-10-04	
林襄	lin'xiang	name	2026-10-04	
核验机制	he'yan'ji'zhi	word	2026-10-04	
梅雨天	mei'yu'tian	word	2026-10-04	
梗文化	geng'wen'hua	word	2026-10-04	
残碑	can'bei	word	2026-10-04	
氟化氢铵	fu'hua'qing'an	term	2026-10-04	
氮封阀	dan'feng'fa	term	2026-10-04	
汪顺	wang'shun	name	2026-10-04	
洁净气流	jie'jing'qi'liu	term	2026-10-04	
洞泾	dong'jing	name	2026-10-04	
深度长文	shen'du'chang'wen	word	2026-10-04	
灾荒史	zai'huang'shi	word	2026-10-04	
电驱桥	dian'qu'qiao	term	2026-10-04	
登录会话	deng'lu'hui'hua	term	2026-10-04	
白坯	bai'pi	word	2026-10-04	
睇楼	di'lou	slang	2026-10-04	
矩形母线	ju'xing'mu'xian	term	2026-10-04	
私宴厅	si'yan'ting	word	2026-10-04	
窖泥	jiao'ni	term	2026-10-04	
粘稠状	nian'chou'zhuang	word	2026-10-04	
精细调控	jing'xi'tiao'kong	word	2026-10-04	
红蜡	hong'la	word	2026-10-04	
网安周	wang'an'zhou	term	2026-10-04	
罗辑思维	luo'ji'si'wei	name	2026-10-04	
补房差	bu'fang'cha	word	2026-10-04	
训练范式	xun'lian'fan'shi	term	2026-10-04	
赴阙	fu'que	word	2026-10-04	
身陨	shen'yun	word	2026-10-04	
轻乳茶	qing'ru'cha	word	2026-10-04	
运营韧性	yun'ying'ren'xing	term	2026-10-04	
采收季	cai'shou'ji	word	2026-10-04	
重置账号	chong'zhi'zhang'hao	word	2026-10-04	
金字塔型	jin'zi'ta'xing	word	2026-10-04	
铟镓	yin'jia	term	2026-10-04	
链接缩短	lian'jie'suo'duan	word	2026-10-04	
镍锌	nie'xin	term	2026-10-04	
阪口大助	ban'kou'da'zhu	name	2026-10-04	
青铜鼎	qing'tong'ding	word	2026-10-04	
产品性状	chan'pin'xing'zhuang	term	2026-10-04	
人民意愿	ren'min'yi'yuan	word	2026-10-04	
代币余额	dai'bi'yu'e	word	2026-10-04	
伊琳娜	yi'lin'na	name	2026-10-04	
伺服压装	si'fu'ya'zhuang	term	2026-10-04	
体卫融合	ti'wei'rong'he	term	2026-10-04	
健之佳	jian'zhi'jia	name	2026-10-04	
光伏出力	guang'fu'chu'li	term	2026-10-04	
克伦特罗	ke'lun'te'luo	term	2026-10-04	
公示稿	gong'shi'gao	word	2026-10-04	
共富工坊	gong'fu'gong'fang	term	2026-10-04	
凯叔	kai'shu	name	2026-10-04	
分输站	fen'shu'zhan	term	2026-10-04	
双擎驱动	shuang'qing'qu'dong	word	2026-10-04	
双瓣	shuang'ban	word	2026-10-04	
发展远景	fa'zhan'yuan'jing	word	2026-10-04	
另娶	ling'qu	word	2026-10-04	
吉梅内斯	ji'mei'nei'si	name	2026-10-04	
吉野裕行	ji'ye'yu'xing	name	2026-10-04	
吸附仪	xi'fu'yi	term	2026-10-04	
嘉佩乐	jia'pei'le	name	2026-10-04	
回油阀	hui'you'fa	term	2026-10-04	
均质腔	jun'zhi'qiang	term	2026-10-04	
垂类模型	chui'lei'mo'xing	term	2026-10-04	
垩白	e'bai	term	2026-10-04	
复核程序	fu'he'cheng'xu	word	2026-10-04	
大型机场	da'xing'ji'chang	word	2026-10-04	
天府杯	tian'fu'bei	name	2026-10-04	
娇颜	jiao'yan	word	2026-10-04	
密钥库	mi'yao'ku	term	2026-10-04	
寺丞	si'cheng	term	2026-10-04	
射击模式	she'ji'mo'shi	word	2026-10-04	
尼基塔	ni'ji'ta	name	2026-10-04	
岸田首相	an'tian'shou'xiang	name	2026-10-04	
巴哥犬	ba'ge'quan	word	2026-10-04	
市药监局	shi'yao'jian'ju	word	2026-10-04	
待业金	dai'ye'jin	word	2026-10-04	
德米安	de'mi'an	name	2026-10-04	
怨魂	yuan'hun	word	2026-10-04	
恒星级	heng'xing'ji	word	2026-10-04	
扩链剂	kuo'lian'ji	term	2026-10-04	
捂脚	wu'jiao	word	2026-10-04	
探了探	tan'le'tan	word	2026-10-04	
时长统计	shi'chang'tong'ji	word	2026-10-04	
星河动力	xing'he'dong'li	name	2026-10-04	
曝气盘	bao'qi'pan	term	2026-10-04	
末路人	mo'lu'ren	word	2026-10-04	
校地企	xiao'di'qi	term	2026-10-04	
汕府办	shan'fu'ban	term	2026-10-04	
沪浙	hu'zhe	name	2026-10-04	
沪锌	hu'xin	term	2026-10-04	
洒水泵	sa'shui'beng	term	2026-10-04	
火焰剑	huo'yan'jian	word	2026-10-04	
热塑复材	re'su'fu'cai	term	2026-10-04	
物性表	wu'xing'biao	term	2026-10-04	
癌早筛	ai'zao'shai	term	2026-10-04	
硬核装备	ying'he'zhuang'bei	word	2026-10-04	
磨练意志	mo'lian'yi'zhi	word	2026-10-04	
禾迈股份	he'mai'gu'fen	name	2026-10-04	
秒级推送	miao'ji'tui'song	word	2026-10-04	
籽类	zi'lei	word	2026-10-04	
糖分子	tang'fen'zi	term	2026-10-04	
组间比较	zu'jian'bi'jiao	term	2026-10-04	
翰森制药	han'sen'zhi'yao	name	2026-10-04	
自粘胶膜	zi'zhan'jiao'mo	term	2026-10-04	
菩提道	pu'ti'dao	word	2026-10-04	
蓝焰	lan'yan	word	2026-10-04	
蛇舞	she'wu	word	2026-10-04	
裔孙	yi'sun	word	2026-10-04	
议定事项	yi'ding'shi'xiang	term	2026-10-04	
诉求响应	su'qiu'xiang'ying	word	2026-10-04	
谐振式	xie'zhen'shi	term	2026-10-04	
进料阀	jin'liao'fa	term	2026-10-04	
邓薇	deng'wei	name	2026-10-04	
酞菁	tai'jing	term	2026-10-04	
金属钛	jin'shu'tai	word	2026-10-04	
钣喷	ban'pen	term	2026-10-04	
钱凯港	qian'kai'gang	name	2026-10-04	
钴价	gu'jia	word	2026-10-04	
锵锵锵	qiang'qiang'qiang	word	2026-10-04	
防落梁	fang'luo'liang	term	2026-10-04	
院线级	yuan'xian'ji	word	2026-10-04	
陶朱	tao'zhu	name	2026-10-04	
下一财年	xia'yi'cai'nian	word	2026-10-04	
主题市集	zhu'ti'shi'ji	word	2026-10-04	
低温干化	di'wen'gan'hua	term	2026-10-04	
偏咸	pian'xian	word	2026-10-04	
偏旺	pian'wang	word	2026-10-04	
克莉丝蒂	ke'li'si'di	name	2026-10-04	
冥土	ming'tu	word	2026-10-04	
凉垫	liang'dian	word	2026-10-04	
凤凰岛	feng'huang'dao	name	2026-10-04	
医养康养	yi'yang'kang'yang	word	2026-10-04	
叠加阀	die'jia'fa	term	2026-10-04	
图达通	tu'da'tong	name	2026-10-04	
增程车型	zeng'cheng'che'xing	word	2026-10-04	
宝二爷	bao'er'ye	name	2026-10-04	
寿美菜子	shou'mei'cai'zi	name	2026-10-04	
小公举	xiao'gong'ju	slang	2026-10-04	
小野花梨	xiao'ye'hua'li	name	2026-10-04	
尸兄	shi'xiong	name	2026-10-04	
峰谷价差	feng'gu'jia'cha	term	2026-10-04	
手机盖板	shou'ji'gai'ban	word	2026-10-04	
批准为盼	pi'zhun'wei'pan	word	2026-10-04	
曝气风机	bao'qi'feng'ji	term	2026-10-04	
板级设计	ban'ji'she'ji	term	2026-10-04	
桩顶	zhuang'ding	term	2026-10-04	
槽壁	cao'bi	term	2026-10-04	
正式入住	zheng'shi'ru'zhu	word	2026-10-04	
每日一问	mei'ri'yi'wen	word	2026-10-04	
毛辊	mao'gun	term	2026-10-04	
海口湾	hai'kou'wan	name	2026-10-04	
漂珠	piao'zhu	term	2026-10-04	
炭化炉	tan'hua'lu	term	2026-10-04	
焯烫	chao'tang	word	2026-10-04	
猫砂铲	mao'sha'chan	word	2026-10-04	
珍藏级	zhen'cang'ji	word	2026-10-04	
生物基质	sheng'wu'ji'zhi	term	2026-10-04	
碳核查	tan'he'cha	term	2026-10-04	
秒拒	miao'ju	slang	2026-10-04	
纳尔瓦	na'er'wa	name	2026-10-04	
续写新篇	xu'xie'xin'pian	word	2026-10-04	
肝肺	gan'fei	word	2026-10-04	
腈基	jing'ji	term	2026-10-04	
自燃点	zi'ran'dian	term	2026-10-04	
荧光猝灭	ying'guang'cu'mie	term	2026-10-04	
设计导则	she'ji'dao'ze	term	2026-10-04	
跳不出	tiao'bu'chu	word	2026-10-04	
轻嗤	qing'chi	word	2026-10-04	
边佑锡	bian'you'xi	name	2026-10-04	
适岗培训	shi'gang'pei'xun	term	2026-10-04	
酶试剂盒	mei'shi'ji'he	term	2026-10-04	
钙锌	gai'xin	term	2026-10-04	
钨铜	wu'tong	term	2026-10-04	
钼粉	mu'fen	term	2026-10-04	
阈值告警	yu'zhi'gao'jing	term	2026-10-04	
降滤失剂	jiang'lv'shi'ji	term	2026-10-04	
骨笛	gu'di	word	2026-10-04	
高项考试	gao'xiang'kao'shi	term	2026-10-04	
丁烯二酸	ding'xi'er'suan	term	2026-10-04	
三国战记	san'guo'zhan'ji	name	2026-10-04	
三餐两点	san'can'liang'dian	word	2026-10-04	
买车买房	mai'che'mai'fang	word	2026-10-04	
事件溯源	shi'jian'su'yuan	term	2026-10-04	
元彪	yuan'biao	name	2026-10-04	
克利福德	ke'li'fu'de	name	2026-10-04	
兖矿能源	yan'kuang'neng'yuan	name	2026-10-04	
六星级	liu'xing'ji	word	2026-10-04	
刘元春	liu'yuan'chun	name	2026-10-04	
制样机	zhi'yang'ji	term	2026-10-04	
割煤	ge'mei	term	2026-10-04	
半潜式	ban'qian'shi	term	2026-10-04	
卸粮	xie'liang	word	2026-10-04	
吊笼	diao'long	term	2026-10-04	
吓懵	xia'meng	slang	2026-10-04	
奶渍	nai'zi	word	2026-10-04	
妃英理	fei'ying'li	name	2026-10-04	
婉转悠扬	wan'zhuan'you'yang	word	2026-10-04	
左大腿	zuo'da'tui	word	2026-10-04	
微软账号	wei'ruan'zhang'hao	word	2026-10-04	
摆事实	bai'shi'shi	word	2026-10-04	
数据基座	shu'ju'ji'zuo	term	2026-10-04	
旋涡泵	xuan'wo'beng	term	2026-10-04	
无氟制冷	wu'fu'zhi'leng	term	2026-10-04	
旭阳集团	xu'yang'ji'tuan	name	2026-10-04	
晋煤	jin'mei	name	2026-10-04	
景色怡人	jing'se'yi'ren	word	2026-10-04	
桉木	an'mu	word	2026-10-04	
江口洋介	jiang'kou'yang'jie	name	2026-10-04	
泳道图	yong'dao'tu	term	2026-10-04	
渗水砖	shen'shui'zhuan	word	2026-10-04	
温以凡	wen'yi'fan	name	2026-10-04	
牧田	mu'tian	name	2026-10-04	
玻璃釉	bo'li'you	term	2026-10-04	
疣猪	you'zhu	word	2026-10-04	
病种分值	bing'zhong'fen'zhi	term	2026-10-04	
睡垫	shui'dian	word	2026-10-04	
磁珠法	ci'zhu'fa	term	2026-10-04	
磁编码器	ci'bian'ma'qi	term	2026-10-04	
缓了缓	huan'le'huan	word	2026-10-04	
胞苷	bao'gan	term	2026-10-04	
脾土	pi'tu	term	2026-10-04	
色母料	se'mu'liao	term	2026-10-04	
花馍	hua'mo	word	2026-10-04	
观望者	guan'wang'zhe	word	2026-10-04	
诱食剂	you'shi'ji	term	2026-10-04	
贪刀	tan'dao	slang	2026-10-04	
贮箱	zhu'xiang	term	2026-10-04	
郭广昌	guo'guang'chang	name	2026-10-04	
里奥梅西	li'ao'mei'xi	name	2026-10-04	
锚碇	mao'ding	term	2026-10-04	
防油纸	fang'you'zhi	word	2026-10-04	
除尘袋	chu'chen'dai	term	2026-10-04	
随车充	sui'che'chong	word	2026-10-04	
驻粤	zhu'yue	word	2026-10-04	
高媛媛	gao'yuan'yuan	name	2026-10-04	
交联结构	jiao'lian'jie'gou	term	2026-10-04	
亨德利	heng'de'li	name	2026-10-04	
亲和纯化	qin'he'chun'hua	term	2026-10-04	
何惟芳	he'wei'fang	name	2026-10-04	
做馅	zuo'xian	word	2026-10-04	
公益大使	gong'yi'da'shi	word	2026-10-04	
出水通道	chu'shui'tong'dao	word	2026-10-04	
初乳粉	chu'ru'fen	term	2026-10-04	
初粘性	chu'nian'xing	term	2026-10-04	
及时配送	ji'shi'pei'song	word	2026-10-04	
叼起	diao'qi	word	2026-10-04	
周妍希	zhou'yan'xi	name	2026-10-04	
呼吸一滞	hu'xi'yi'zhi	word	2026-10-04	
品牌礼盒	pin'pai'li'he	word	2026-10-04	
哨塔	shao'ta	word	2026-10-04	
商户接入	shang'hu'jie'ru	word	2026-10-04	
学术汇报	xue'shu'hui'bao	word	2026-10-04	
定子槽	ding'zi'cao	term	2026-10-04	
宽温运行	kuan'wen'yun'xing	term	2026-10-04	
岩板餐桌	yan'ban'can'zhuo	word	2026-10-04	
布恩迪亚	bu'en'di'ya	name	2026-10-04	
怀崽	huai'zai	slang	2026-10-04	
持牌顾问	chi'pai'gu'wen	term	2026-10-04	
授权边界	shou'quan'bian'jie	term	2026-10-04	
掺混肥	chan'hun'fei	term	2026-10-04	
无油压缩	wu'you'ya'suo	term	2026-10-04	
朱时茂	zhu'shi'mao	name	2026-10-04	
杨天真	yang'tian'zhen	name	2026-10-04	
柔性电极	rou'xing'dian'ji	term	2026-10-04	
油桐尺蠖	you'tong'chi'huo	term	2026-10-04	
流程跑通	liu'cheng'pao'tong	word	2026-10-04	
测氡仪	ce'dong'yi	term	2026-10-04	
消息孤岛	xiao'xi'gu'dao	term	2026-10-04	
湟水河	huang'shui'he	name	2026-10-04	
湿球纱布	shi'qiu'sha'bu	term	2026-10-04	
溢美之词	yi'mei'zhi'ci	word	2026-10-04	
照了照	zhao'le'zhao	word	2026-10-04	
犹似	you'si	word	2026-10-04	
珍爱网	zhen'ai'wang	name	2026-10-04	
珍珠岩粉	zhen'zhu'yan'fen	term	2026-10-04	
畜牧秤	xu'mu'cheng	term	2026-10-04	
畲乡	she'xiang	word	2026-10-04	
病历信息	bing'li'xin'xi	word	2026-10-04	
白酒降度	bai'jiu'jiang'du	term	2026-10-04	
盐罐	yan'guan	word	2026-10-04	
硅酮母粒	gui'tong'mu'li	term	2026-10-04	
立式电机	li'shi'dian'ji	term	2026-10-04	
立昂微	li'ang'wei	name	2026-10-04	
粘胶剂	nian'jiao'ji	term	2026-10-04	
网易智企	wang'yi'zhi'qi	name	2026-10-04	
艾莉莎	ai'li'sha	name	2026-10-04	
苗情监测	miao'qing'jian'ce	term	2026-10-04	
茅台批价	mao'tai'pi'jia	term	2026-10-04	
莲瓣	lian'ban	word	2026-10-04	
蒸馏终点	zheng'liu'zhong'dian	term	2026-10-04	
衄血	nv'xue	term	2026-10-04	
装订针	zhuang'ding'zhen	word	2026-10-04	
资源复用	zi'yuan'fu'yong	term	2026-10-04	
进出口税	jin'chu'kou'shui	term	2026-10-04	
连接支架	lian'jie'zhi'jia	word	2026-10-04	
重载作业	zhong'zai'zuo'ye	term	2026-10-04	
铆足了劲	mao'zu'le'jin	word	2026-10-04	
陆昊	lu'hao	name	2026-10-04	
陈亭妃	chen'ting'fei	name	2026-10-04	
隔爆面	ge'bao'mian	term	2026-10-04	
雾化弹	wu'hua'dan	term	2026-10-04	
风光装机	feng'guang'zhuang'ji	term	2026-10-04	
风洞实验	feng'dong'shi'yan	term	2026-10-04	
风险阈值	feng'xian'yu'zhi	term	2026-10-04	
食用冰	shi'yong'bing	word	2026-10-04	
高频往复	gao'pin'wang'fu	term	2026-10-04	
一丝得意	yi'si'de'yi	word	2026-10-04	
专业乙级	zhuan'ye'yi'ji	term	2026-10-04	
专有协议	zhuan'you'xie'yi	term	2026-10-04	
丧尸末世	sang'shi'mo'shi	word	2026-10-04	
予以限制	yu'yi'xian'zhi	word	2026-10-04	
二乙二醇	er'yi'er'chun	term	2026-10-04	
伏马毒素	fu'ma'du'su	term	2026-10-04	
低漏电	di'lou'dian	term	2026-10-04	
低碳改造	di'tan'gai'zao	word	2026-10-04	
养殖主体	yang'zhi'zhu'ti	term	2026-10-04	
初霁	chu'ji	word	2026-10-04	
剑戟	jian'ji	word	2026-10-04	
勘察现场	kan'cha'xian'chang	word	2026-10-04	
北汽极狐	bei'qi'ji'hu	name	2026-10-04	
千兆光口	qian'zhao'guang'kou	term	2026-10-04	
四氟管	si'fu'guan	term	2026-10-04	
复合碳源	fu'he'tan'yuan	term	2026-10-04	
大分子药	da'fen'zi'yao	term	2026-10-04	
尤擅	you'shan	word	2026-10-04	
崔克	cui'ke	name	2026-10-04	
工业集尘	gong'ye'ji'chen	term	2026-10-04	
市场动销	shi'chang'dong'xiao	term	2026-10-04	
开卷机	kai'juan'ji	term	2026-10-04	
抗穿刺性	kang'chuan'ci'xing	term	2026-10-04	
抚养能力	fu'yang'neng'li	word	2026-10-04	
拉垮	la'kua	slang	2026-10-04	
拉法耶特	la'fa'ye'te	name	2026-10-04	
搬场服务	ban'chang'fu'wu	word	2026-10-04	
新星爆发	xin'xing'bao'fa	term	2026-10-04	
无灵根	wu'ling'gen	term	2026-10-04	
易华录	yi'hua'lu	name	2026-10-04	
晶簇	jing'cu	term	2026-10-04	
智算底座	zhi'suan'di'zuo	term	2026-10-04	
格式校验	ge'shi'jiao'yan	term	2026-10-04	
桩锤	zhuang'chui	term	2026-10-04	
气路管	qi'lu'guan	term	2026-10-04	
氧化铟	yang'hua'yin	term	2026-10-04	
洗砂设备	xi'sha'she'bei	term	2026-10-04	
浸提液	jin'ti'ye	term	2026-10-04	
液氧甲烷	ye'yang'jia'wan	term	2026-10-04	
清新怡人	qing'xin'yi'ren	word	2026-10-04	
湿颗粒	shi'ke'li	term	2026-10-04	
漏风率	lou'feng'lv	term	2026-10-04	
皮带张紧	pi'dai'zhang'jin	term	2026-10-04	
盖毯	gai'tan	word	2026-10-04	
直连卫星	zhi'lian'wei'xing	term	2026-10-04	
砌墙砖	qi'qiang'zhuan	term	2026-10-04	
硒含量	xi'han'liang	term	2026-10-04	
碎屏险	sui'ping'xian	term	2026-10-04	
碱基编辑	jian'ji'bian'ji	term	2026-10-04	
科教报国	ke'jiao'bao'guo	word	2026-10-04	
粤桂协作	yue'gui'xie'zuo	word	2026-10-04	
肺阴	fei'yin	term	2026-10-04	
舰长福利	jian'zhang'fu'li	word	2026-10-04	
舱驾一体	cang'jia'yi'ti	term	2026-10-04	
蟹腿	xie'tui	word	2026-10-04	
行业垂类	hang'ye'chui'lei	term	2026-10-04	
西芒杜	xi'mang'du	name	2026-10-04	
质量强企	zhi'liang'qiang'qi	word	2026-10-04	
资深技师	zi'shen'ji'shi	word	2026-10-04	
赛得利	sai'de'li	name	2026-10-04	
足道养生	zu'dao'yang'sheng	word	2026-10-04	
轻捻	qing'nian	word	2026-10-04	
返碱	fan'jian	term	2026-10-04	
进水端	jin'shui'duan	term	2026-10-04	
金鲳鱼	jin'chang'yu	word	2026-10-04	
钛换热器	tai'huan're'qi	term	2026-10-04	
链路冗余	lian'lu'rong'yu	term	2026-10-04	
锤纹漆	chui'wen'qi	term	2026-10-04	
除尘灰	chu'chen'hui	term	2026-10-04	
集合元素	ji'he'yuan'su	term	2026-10-04	
黑椒盖饭	hei'jiao'gai'fan	word	2026-10-04	
中卫对抗	zhong'wei'dui'kang	term	2026-10-04	
中断事件	zhong'duan'shi'jian	term	2026-10-04	
仓位上限	cang'wei'shang'xian	term	2026-10-04	
伞盖	san'gai	word	2026-10-04	
修仙日常	xiu'xian'ri'chang	word	2026-10-04	
典型痛点	dian'xing'tong'dian	word	2026-10-04	
冰汽时代	bing'qi'shi'dai	name	2026-10-04	
决不姑息	jue'bu'gu'xi	word	2026-10-04	
冷流道	leng'liu'dao	term	2026-10-04	
冼夫人	xian'fu'ren	name	2026-10-04	
减反射	jian'fan'she	term	2026-10-04	
减碳目标	jian'tan'mu'biao	term	2026-10-04	
出厂查验	chu'chang'cha'yan	word	2026-10-04	
制造出海	zhi'zao'chu'hai	word	2026-10-04	
博尼法斯	bo'ni'fa'si	name	2026-10-04	
参照适用	can'zhao'shi'yong	word	2026-10-04	
含氟防蛀	han'fu'fang'zhu	term	2026-10-04	
哄睡主播	hong'shui'zhu'bo	word	2026-10-04	
响应格式	xiang'ying'ge'shi	term	2026-10-04	
四维一体	si'wei'yi'ti	word	2026-10-04	
圆柱壳	yuan'zhu'ke	term	2026-10-04	
均质处理	jun'zhi'chu'li	term	2026-10-04	
均质阀	jun'zhi'fa	term	2026-10-04	
基层检察	ji'ceng'jian'cha	word	2026-10-04	
增长韧性	zeng'zhang'ren'xing	word	2026-10-04	
夏油杰	xia'you'jie	name	2026-10-04	
大嶝	da'deng	name	2026-10-04	
天丝集团	tian'si'ji'tuan	name	2026-10-04	
宇视科技	yu'shi'ke'ji	name	2026-10-04	
寺岛拓笃	si'dao'tuo'du	name	2026-10-04	
小山茉美	xiao'shan'mo'mei	name	2026-10-04	
川田绅司	chuan'tian'shen'si	name	2026-10-04	
平底袋	ping'di'dai	term	2026-10-04	
微纳光学	wei'na'guang'xue	term	2026-10-04	
心理紧张	xin'li'jin'zhang	word	2026-10-04	
打卡点位	da'ka'dian'wei	word	2026-10-04	
扭矩电机	niu'ju'dian'ji	term	2026-10-04	
扶弟魔	fu'di'mo	slang	2026-10-04	
承重测试	cheng'zhong'ce'shi	term	2026-10-04	
抽稀	chou'xi	term	2026-10-04	
拇指猴	mu'zhi'hou	word	2026-10-04	
接访下访	jie'fang'xia'fang	term	2026-10-04	
文档写作	wen'dang'xie'zuo	word	2026-10-04	
断网续传	duan'wang'xu'chuan	word	2026-10-04	
无中生友	wu'zhong'sheng'you	slang	2026-10-04	
普源精电	pu'yuan'jing'dian	name	2026-10-04	
普通火车	pu'tong'huo'che	word	2026-10-04	
智慧灌溉	zhi'hui'guan'gai	term	2026-10-04	
智翔金泰	zhi'xiang'jin'tai	name	2026-10-04	
朵唯	duo'wei	name	2026-10-04	
树脂漆	shu'zhi'qi	term	2026-10-04	
核销码	he'xiao'ma	word	2026-10-04	
梁家仁	liang'jia'ren	name	2026-10-04	
检测频次	jian'ce'pin'ci	term	2026-10-04	
气势恢弘	qi'shi'hui'hong	word	2026-10-04	
氨逃逸	an'tao'yi	term	2026-10-04	
泵缸	beng'gang	term	2026-10-04	
浅烘	qian'hong	term	2026-10-04	
浇口套	jiao'kou'tao	term	2026-10-04	
测微螺杆	ce'wei'luo'gan	term	2026-10-04	
海关官员	hai'guan'guan'yuan	word	2026-10-04	
渠道压货	qu'dao'ya'huo	term	2026-10-04	
滗水器	bi'shui'qi	term	2026-10-04	
爱搭不理	ai'da'bu'li	word	2026-10-04	
猪腿	zhu'tui	word	2026-10-04	
班迪录屏	ban'di'lu'ping	name	2026-10-04	
甜虾	tian'xia	word	2026-10-04	
盛一伦	sheng'yi'lun	name	2026-10-04	
私域导流	si'yu'dao'liu	term	2026-10-04	
种衣剂	zhong'yi'ji	term	2026-10-04	
科研报国	ke'yan'bao'guo	word	2026-10-04	
移植瘤	yi'zhi'liu	term	2026-10-04	
空间分隔	kong'jian'fen'ge	word	2026-10-04	
绿联科技	lv'lian'ke'ji	name	2026-10-04	
胁迫响应	xie'po'xiang'ying	term	2026-10-04	
自动校直	zi'dong'jiao'zhi	term	2026-10-04	
自助操作	zi'zhu'cao'zuo	word	2026-10-04	
萃取净化	cui'qu'jing'hua	term	2026-10-04	
蛊王	gu'wang	word	2026-10-04	
螺旋秤	luo'xuan'cheng	term	2026-10-04	
计分规则	ji'fen'gui'ze	word	2026-10-04	
许志永	xu'zhi'yong	name	2026-10-04	
购售电	gou'shou'dian	term	2026-10-04	
赵昭仪	zhao'zhao'yi	name	2026-10-04	
轴组件	zhou'zu'jian	term	2026-10-04	
逐像素	zhu'xiang'su	term	2026-10-04	
锡伯杜	xi'bo'du	name	2026-10-04	
门极驱动	men'ji'qu'dong	term	2026-10-04	
阈值触发	yu'zhi'chu'fa	term	2026-10-04	
防火漆	fang'huo'qi	term	2026-10-04	
集水坑	ji'shui'keng	term	2026-10-04	
风险会商	feng'xian'hui'shang	term	2026-10-04	
高档家具	gao'dang'jia'ju	word	2026-10-04	
高频热合	gao'pin're'he	term	2026-10-04	
黄荆	huang'jing	term	2026-10-04	
乌鸡米线	wu'ji'mi'xian	word	2026-10-04	
云存储池	yun'cun'chu'chi	term	2026-10-04	
介损测量	jie'sun'ce'liang	term	2026-10-04	
低洼区域	di'wa'qu'yu	word	2026-10-04	
低温电池	di'wen'dian'chi	word	2026-10-04	
六贼	liu'zei	term	2026-10-04	
内存泄露	nei'cun'xie'lou	word	2026-10-04	
出球中卫	chu'qiu'zhong'wei	term	2026-10-04	
出线概率	chu'xian'gai'lv	word	2026-10-04	
北丐	bei'gai	name	2026-10-04	
卓驭科技	zhuo'yu'ke'ji	name	2026-10-04	
卖铲人	mai'chan'ren	slang	2026-10-04	
去痘印	qu'dou'yin	word	2026-10-04	
发丝级	fa'si'ji	word	2026-10-04	
叫爹	jiao'die	slang	2026-10-04	
合束器	he'shu'qi	term	2026-10-04	
吉瓦级	ji'wa'ji	term	2026-10-04	
告警机制	gao'jing'ji'zhi	word	2026-10-04	
商业惯例	shang'ye'guan'li	word	2026-10-04	
喂猫	wei'mao	word	2026-10-04	
善逝	shan'shi	term	2026-10-04	
国才考试	guo'cai'kao'shi	name	2026-10-04	
塌腰	ta'yao	word	2026-10-04	
填埋气	tian'mai'qi	term	2026-10-04	
复用能力	fu'yong'neng'li	word	2026-10-04	
天味食品	tian'wei'shi'pin	name	2026-10-04	
奥尔班	ao'er'ban	name	2026-10-04	
姬小满	ji'xiao'man	name	2026-10-04	
娑罗	suo'luo	term	2026-10-04	
婴童行业	ying'tong'hang'ye	word	2026-10-04	
密度监测	mi'du'jian'ce	term	2026-10-04	
干支历	gan'zhi'li	term	2026-10-04	
张槎	zhang'cha	name	2026-10-04	
弧光保护	hu'guang'bao'hu	term	2026-10-04	
微分筒	wei'fen'tong	term	2026-10-04	
德语课程	de'yu'ke'cheng	word	2026-10-04	
技术预研	ji'shu'yu'yan	term	2026-10-04	
抛光砂	pao'guang'sha	term	2026-10-04	
抽气量	chou'qi'liang	term	2026-10-04	
摆动架	bai'dong'jia	term	2026-10-04	
数智生态	shu'zhi'sheng'tai	term	2026-10-04	
数采设备	shu'cai'she'bei	term	2026-10-04	
极越汽车	ji'yue'qi'che	name	2026-10-04	
水垢清洗	shui'gou'qing'xi	word	2026-10-04	
沙堤	sha'di	word	2026-10-04	
焊缝探伤	han'feng'tan'shang	term	2026-10-04	
特雷莎	te'lei'sha	name	2026-10-04	
珠磨机	zhu'mo'ji	term	2026-10-04	
甚矣	shen'yi	word	2026-10-04	
生料酒曲	sheng'liao'jiu'qu	term	2026-10-04	
甲醇制氢	jia'chun'zhi'qing	term	2026-10-04	
疾厄	ji'e	term	2026-10-04	
盐藻	yan'zao	term	2026-10-04	
研磨腔	yan'mo'qiang	term	2026-10-04	
破乳化	po'ru'hua	term	2026-10-04	
磺基	huang'ji	term	2026-10-04	
立达信	li'da'xin	name	2026-10-04	
筛分仪	shai'fen'yi	term	2026-10-04	
管段式	guan'duan'shi	term	2026-10-04	
精细筛分	jing'xi'shai'fen	term	2026-10-04	
纯水箱	chun'shui'xiang	term	2026-10-04	
细颗粒度	xi'ke'li'du	term	2026-10-04	
经普办	jing'pu'ban	term	2026-10-04	
老布什	lao'bu'shi	name	2026-10-04	
联苯菊酯	lian'ben'ju'zhi	term	2026-10-04	
腿肿	tui'zhong	word	2026-10-04	
自检清单	zi'jian'qing'dan	word	2026-10-04	
自熄性	zi'xi'xing	term	2026-10-04	
致富渠道	zhi'fu'qu'dao	word	2026-10-04	
虾塘	xia'tang	word	2026-10-04	
计算范式	ji'suan'fan'shi	term	2026-10-04	
误差累积	wu'cha'lei'ji	term	2026-10-04	
调馅	tiao'xian	word	2026-10-04	
跨运车	kua'yun'che	term	2026-10-04	
跪爬	gui'pa	word	2026-10-04	
辅食机	fu'shi'ji	word	2026-10-04	
辰巳	chen'si	term	2026-10-04	
钱弘俶	qian'hong'chu	name	2026-10-04	
镀晶	du'jing	term	2026-10-04	
门尼粘度	men'ni'nian'du	term	2026-10-04	
阈值报警	yu'zhi'bao'jing	term	2026-10-04	
陈钰琪	chen'yu'qi	name	2026-10-04	
霸宠	ba'chong	slang	2026-10-04	
靶点筛选	ba'dian'shai'xuan	term	2026-10-04	
马来酸酐	ma'lai'suan'gan	term	2026-10-04	
中乔体育	zhong'qiao'ti'yu	name	2026-10-04	
中型货架	zhong'xing'huo'jia	word	2026-10-04	
中阳线	zhong'yang'xian	term	2026-10-04	
人员排班	ren'yuan'pai'ban	word	2026-10-04	
伊什塔尔	yi'shi'ta'er	name	2026-10-04	
伊芙丽	yi'fu'li	name	2026-10-04	
信创合规	xin'chuang'he'gui	term	2026-10-04	
典型选树	dian'xing'xuan'shu	term	2026-10-04	
农药原药	nong'yao'yuan'yao	term	2026-10-04	
凤鸟	feng'niao	word	2026-10-04	
加隈亚衣	jia'wei'ya'yi	name	2026-10-04	
北京人寿	bei'jing'ren'shou	name	2026-10-04	
半挂式	ban'gua'shi	term	2026-10-04	
卢秉恒	lu'bing'heng	name	2026-10-04	
参数透传	can'shu'tou'chuan	term	2026-10-04	
受众特征	shou'zhong'te'zheng	word	2026-10-04	
咬了一下	yao'le'yi'xia	word	2026-10-04	
品字标	pin'zi'biao	term	2026-10-04	
失意者	shi'yi'zhe	word	2026-10-04	
奢宅	she'zhai	word	2026-10-04	
导师带教	dao'shi'dai'jiao	word	2026-10-04	
山西日报	shan'xi'ri'bao	name	2026-10-04	
布莱克浦	bu'lai'ke'pu	name	2026-10-04	
张晚意	zhang'wan'yi	name	2026-10-04	
报行合一	bao'xing'he'yi	term	2026-10-04	
拾便袋	shi'bian'dai	word	2026-10-04	
支链淀粉	zhi'lian'dian'fen	term	2026-10-04	
放置槽	fang'zhi'cao	word	2026-10-04	
整幢	zheng'zhuang	word	2026-10-04	
旧疤	jiu'ba	word	2026-10-04	
材料成形	cai'liao'cheng'xing	term	2026-10-04	
栝蒌	gua'lou	term	2026-10-04	
根结点	gen'jie'dian	term	2026-10-04	
橇装	qiao'zhuang	term	2026-10-04	
油蒸气	you'zheng'qi	term	2026-10-04	
液压成型	ye'ya'cheng'xing	term	2026-10-04	
湿含量	shi'han'liang	term	2026-10-04	
烘干筒	hong'gan'tong	term	2026-10-04	
熔盐堆	rong'yan'dui	term	2026-10-04	
玛旁雍错	ma'pang'yong'cuo	name	2026-10-04	
现予印发	xian'yu'yin'fa	word	2026-10-04	
甘寒	gan'han	term	2026-10-04	
症瘕	zheng'jia	term	2026-10-04	
监察人员	jian'cha'ren'yuan	word	2026-10-04	
硅胶泡棉	gui'jiao'pao'mian	term	2026-10-04	
碳酰肼	tan'xian'jing	term	2026-10-04	
磁吸扣	ci'xi'kou	word	2026-10-04	
祛瘀药	qu'yu'yao	term	2026-10-04	
科莱恩	ke'lai'en	name	2026-10-04	
立案条件	li'an'tiao'jian	word	2026-10-04	
纪凌尘	ji'ling'chen	name	2026-10-04	
细胞焦亡	xi'bao'jiao'wang	term	2026-10-04	
肌底液	ji'di'ye	word	2026-10-04	
菌悬液	jun'xuan'ye	term	2026-10-04	
蒲熠星	pu'yi'xing	name	2026-10-04	
蔡昉	cai'fang	name	2026-10-04	
负载柜	fu'zai'gui	term	2026-10-04	
质子电池	zhi'zi'dian'chi	term	2026-10-04	
跨境小包	kua'jing'xiao'bao	word	2026-10-04	
酒粕	jiu'po	term	2026-10-04	
钉孔	ding'kong	word	2026-10-04	
钽铌	tan'ni	term	2026-10-04	
铜箔基板	tong'bo'ji'ban	term	2026-10-04	
防爆秤	fang'bao'cheng	term	2026-10-04	
降碳减污	jiang'tan'jian'wu	word	2026-10-04	
雅化集团	ya'hua'ji'tuan	name	2026-10-04	
非遗市集	fei'yi'shi'ji	word	2026-10-04	
黑垢	hei'gou	word	2026-10-04	
乙烯基酯	yi'xi'ji'zhi	term	2026-10-04	
事件相机	shi'jian'xiang'ji	term	2026-10-04	
互不相溶	hu'bu'xiang'rong	word	2026-10-04	
亚纳米级	ya'na'mi'ji	term	2026-10-04	
傅首尔	fu'shou'er	name	2026-10-04	
光化门	guang'hua'men	name	2026-10-04	
八秩	ba'zhi	word	2026-10-04	
刮胶	gua'jiao	word	2026-10-04	
包馅机	bao'xian'ji	term	2026-10-04	
吴征镒	wu'zheng'yi	name	2026-10-04	
吴朝晖	wu'zhao'hui	name	2026-10-04	
吴静钰	wu'jing'yu	name	2026-10-04	
堆码层数	dui'ma'ceng'shu	term	2026-10-04	
失球率	shi'qiu'lv	term	2026-10-04	
宏利基金	hong'li'ji'jin	name	2026-10-04	
封边胶	feng'bian'jiao	term	2026-10-04	
徐正溪	xu'zheng'xi	name	2026-10-04	
捕收剂	bu'shou'ji	term	2026-10-04	
换网器	huan'wang'qi	term	2026-10-04	
收银设备	shou'yin'she'bei	word	2026-10-04	
机油油位	ji'you'you'wei	word	2026-10-04	
样品消解	yang'pin'xiao'jie	term	2026-10-04	
核心转储	he'xin'zhuan'chu	term	2026-10-04	
桩孔	zhuang'kong	term	2026-10-04	
樊锦诗	fan'jin'shi	name	2026-10-04	
正职领导	zheng'zhi'ling'dao	word	2026-10-04	
气候友好	qi'hou'you'hao	word	2026-10-04	
氟化铝	fu'hua'lv	term	2026-10-04	
流延膜	liu'yan'mo	term	2026-10-04	
消防斧	xiao'fang'fu	word	2026-10-04	
清廉学校	qing'lian'xue'xiao	term	2026-10-04	
熊梓淇	xiong'zi'qi	name	2026-10-04	
眼精华	yan'jing'hua	word	2026-10-04	
石膏基	shi'gao'ji	term	2026-10-04	
砌石	qi'shi	term	2026-10-04	
研磨罐	yan'mo'guan	term	2026-10-04	
碳滑板	tan'hua'ban	term	2026-10-04	
禄丰市	lu'feng'shi	name	2026-10-04	
篦条	bi'tiao	term	2026-10-04	
粘性土	nian'xing'tu	term	2026-10-04	
纪连海	ji'lian'hai	name	2026-10-04	
肋梁	lei'liang	term	2026-10-04	
胶渍	jiao'zi	word	2026-10-04	
脂滴	zhi'di	term	2026-10-04	
脚筋	jiao'jin	word	2026-10-04	
苄基化	bian'ji'hua	term	2026-10-04	
英式教育	ying'shi'jiao'yu	word	2026-10-04	
藏格矿业	zang'ge'kuang'ye	name	2026-10-04	
藕带	ou'dai	word	2026-10-04	
视力防控	shi'li'fang'kong	word	2026-10-04	
解冻费	jie'dong'fei	word	2026-10-04	
迁改工程	qian'gai'gong'cheng	term	2026-10-04	
逸仙电商	yi'xian'dian'shang	name	2026-10-04	
配液罐	pei'ye'guan	term	2026-10-04	
陶碗	tao'wan	word	2026-10-04	
颇似	po'si	word	2026-10-04	
风险画像	feng'xian'hua'xiang	term	2026-10-04	
风雹	feng'bao	term	2026-10-04	
一架架	yi'jia'jia	word	2026-10-04	
五元组	wu'yuan'zu	term	2026-10-04	
仿妆	fang'zhuang	slang	2026-10-04	
位移探头	wei'yi'tan'tou	term	2026-10-04	
信用就医	xin'yong'jiu'yi	word	2026-10-04	
公私财产	gong'si'cai'chan	word	2026-10-04	
共有房屋	gong'you'fang'wu	term	2026-10-04	
刘雨昕	liu'yu'xin	name	2026-10-04	
劳荣枝	lao'rong'zhi	name	2026-10-04	
受众偏好	shou'zhong'pian'hao	term	2026-10-04	
另行报价	ling'xing'bao'jia	word	2026-10-04	
台湾有事	tai'wan'you'shi	word	2026-10-04	
叶夫根尼	ye'fu'gen'ni	name	2026-10-04	
噌噌	ceng'ceng	word	2026-10-04	
圣玛丽亚	sheng'ma'li'ya	name	2026-10-04	
婴配乳粉	ying'pei'ru'fen	term	2026-10-04	
安娜贝尔	an'na'bei'er	name	2026-10-04	
实时负载	shi'shi'fu'zai	term	2026-10-04	
宽带隙	kuan'dai'xi	term	2026-10-04	
小凉山	xiao'liang'shan	name	2026-10-04	
小夹子	xiao'jia'zi	word	2026-10-04	
巡回检察	xun'hui'jian'cha	term	2026-10-04	
帕金森氏	pa'jin'sen'shi	term	2026-10-04	
异议函	yi'yi'han	term	2026-10-04	
引流到店	yin'liu'dao'dian	term	2026-10-04	
弗洛拉	fu'luo'la	name	2026-10-04	
手机中框	shou'ji'zhong'kuang	term	2026-10-04	
报修工单	bao'xiu'gong'dan	word	2026-10-04	
排班系统	pai'ban'xi'tong	word	2026-10-04	
揪紧	jiu'jin	word	2026-10-04	
无热原	wu're'yuan	term	2026-10-04	
暮夜	mu'ye	word	2026-10-04	
曲臂车	qu'bi'che	term	2026-10-04	
朴朴超市	pu'pu'chao'shi	name	2026-10-04	
权限审计	quan'xian'shen'ji	term	2026-10-04	
杨采钰	yang'cai'yu	name	2026-10-04	
松了松	song'le'song	word	2026-10-04	
桨声	jiang'sheng	word	2026-10-04	
榜鹅	bang'e	name	2026-10-04	
死精子	si'jing'zi	term	2026-10-04	
死谏	si'jian	word	2026-10-04	
残饵	can'er	word	2026-10-04	
水千丞	shui'qian'cheng	name	2026-10-04	
汉韵	han'yun	word	2026-10-04	
法语版	fa'yu'ban	word	2026-10-04	
泡壳	pao'ke	term	2026-10-04	
消痰	xiao'tan	word	2026-10-04	
混匀器	hun'yun'qi	term	2026-10-04	
溢价风险	yi'jia'feng'xian	term	2026-10-04	
潜变量	qian'bian'liang	term	2026-10-04	
热弯机	re'wan'ji	term	2026-10-04	
爪刀	zhua'dao	term	2026-10-04	
爱恨两清	ai'hen'liang'qing	word	2026-10-04	
物业报修	wu'ye'bao'xiu	word	2026-10-04	
班芙	ban'fu	name	2026-10-04	
电子离合	dian'zi'li'he	term	2026-10-04	
皖事通	wan'shi'tong	name	2026-10-04	
看板视图	kan'ban'shi'tu	term	2026-10-04	
砖渣	zhuan'zha	word	2026-10-04	
砥砺深耕	di'li'shen'geng	word	2026-10-04	
砸穿	za'chuan	word	2026-10-04	
磷酸二钠	lin'suan'er'na	term	2026-10-04	
祖比门迪	zu'bi'men'di	name	2026-10-04	
禄存	lu'cun	term	2026-10-04	
纳秒激光	na'miao'ji'guang	term	2026-10-04	
结冷胶	jie'leng'jiao	term	2026-10-04	
网安备案	wang'an'bei'an	term	2026-10-04	
网络冗余	wang'luo'rong'yu	term	2026-10-04	
范德贝克	fan'de'bei'ke	name	2026-10-04	
葱叶	cong'ye	word	2026-10-04	
触发平仓	chu'fa'ping'cang	term	2026-10-04	
谢龙介	xie'long'jie	name	2026-10-04	
谷山纪章	gu'shan'ji'zhang	name	2026-10-04	
豪门盛宴	hao'men'sheng'yan	name	2026-10-04	
边境县	bian'jing'xian	word	2026-10-04	
进线端	jin'xian'duan	term	2026-10-04	
邻近性	lin'jin'xing	term	2026-10-04	
钛锻件	tai'duan'jian	term	2026-10-04	
铋剂	bi'ji	term	2026-10-04	
铜屏蔽	tong'ping'bi	term	2026-10-04	
铰剪	jiao'jian	word	2026-10-04	
链下数据	lian'xia'shu'ju	term	2026-10-04	
锆材	gao'cai	term	2026-10-04	
锌锅	xin'guo	term	2026-10-04	
韦唯	wei'wei	name	2026-10-04	
食粥	shi'zhou	word	2026-10-04	
高温熔盐	gao'wen'rong'yan	term	2026-10-04	
专业飞手	zhuan'ye'fei'shou	word	2026-10-04	
主视口	zhu'shi'kou	term	2026-10-04	
云转码	yun'zhuan'ma	term	2026-10-04	
人工对账	ren'gong'dui'zhang	word	2026-10-04	
付费投流	fu'fei'tou'liu	term	2026-10-04	
保压检测	bao'ya'jian'ce	term	2026-10-04	
傣医	dai'yi	word	2026-10-04	
先投后股	xian'tou'hou'gu	term	2026-10-04	
六氟化钨	liu'fu'hua'wu	term	2026-10-04	
关节电机	guan'jie'dian'ji	term	2026-10-04	
创作主体	chuang'zuo'zhu'ti	term	2026-10-04	
务实可行	wu'shi'ke'xing	word	2026-10-04	
华裳	hua'shang	word	2026-10-04	
南麂	nan'ji	name	2026-10-04	
压料板	ya'liao'ban	term	2026-10-04	
取芯机	qu'xin'ji	term	2026-10-04	
咔嗒声	ka'da'sheng	word	2026-10-04	
喷绘膜	pen'hui'mo	term	2026-10-04	
埋进去	mai'jin'qu	word	2026-10-04	
天佑德酒	tian'you'de'jiu	name	2026-10-04	
天然植萃	tian'ran'zhi'cui	word	2026-10-04	
奇富科技	qi'fu'ke'ji	name	2026-10-04	
娼馆	chang'guan	word	2026-10-04	
宠甜	chong'tian	slang	2026-10-04	
害太岁	hai'tai'sui	term	2026-10-04	
容联云	rong'lian'yun	name	2026-10-04	
巴舒亚伊	ba'shu'ya'yi	name	2026-10-04	
慎太郎	shen'tai'lang	name	2026-10-04	
戴上去	dai'shang'qu	word	2026-10-04	
拾肆	shi'si	word	2026-10-04	
振动干扰	zhen'dong'gan'rao	term	2026-10-04	
掀飞	xian'fei	word	2026-10-04	
故意找茬	gu'yi'zhao'cha	word	2026-10-04	
斜肩	xie'jian	word	2026-10-04	
普罗沃	pu'luo'wo	name	2026-10-04	
柔性接头	rou'xing'jie'tou	term	2026-10-04	
梅克内斯	mei'ke'nei'si	name	2026-10-04	
椰糠	ye'kang	term	2026-10-04	
氪命	ke'ming	slang	2026-10-04	
水浴摇床	shui'yu'yao'chuang	term	2026-10-04	
洗色牢度	xi'se'lao'du	term	2026-10-04	
活检针	huo'jian'zhen	term	2026-10-04	
深孔钻机	shen'kong'zuan'ji	term	2026-10-04	
混敏肌	hun'min'ji	slang	2026-10-04	
淹城	yan'cheng	name	2026-10-04	
湿度补偿	shi'du'bu'chang	term	2026-10-04	
爱罗先珂	ai'luo'xian'ke	name	2026-10-04	
狐耳	hu'er	word	2026-10-04	
玛蒂娜	ma'di'na	name	2026-10-04	
瓶胚	ping'pei	term	2026-10-04	
甲午月	jia'wu'yue	term	2026-10-04	
瘦腹	shou'fu	word	2026-10-04	
白马股	bai'ma'gu	term	2026-10-04	
真空脂	zhen'kong'zhi	term	2026-10-04	
瞎找	xia'zhao	word	2026-10-04	
硫矿	liu'kuang	term	2026-10-04	
硫酸钴	liu'suan'gu	term	2026-10-04	
碗燕	wan'yan	term	2026-10-04	
穗粒	sui'li	term	2026-10-04	
粘度测试	nian'du'ce'shi	term	2026-10-04	
紧急事项	jin'ji'shi'xiang	word	2026-10-04	
线下核销	xian'xia'he'xiao	term	2026-10-04	
绞磨	jiao'mo	term	2026-10-04	
维景国际	wei'jing'guo'ji	name	2026-10-04	
耐水压	nai'shui'ya	term	2026-10-04	
胎纹	tai'wen	word	2026-10-04	
脆弱肌	cui'ruo'ji	term	2026-10-04	
脱泡机	tuo'pao'ji	term	2026-10-04	
蓝帽认证	lan'mao'ren'zheng	term	2026-10-04	
薄棉	bao'mian	word	2026-10-04	
超薄壁	chao'bao'bi	term	2026-10-04	
逍遥王	xiao'yao'wang	word	2026-10-04	
透明袋	tou'ming'dai	word	2026-10-04	
酶标记物	mei'biao'ji'wu	term	2026-10-04	
酶激活	mei'ji'huo	term	2026-10-04	
钜惠活动	ju'hui'huo'dong	word	2026-10-04	
钢铠	gang'kai	term	2026-10-04	
锌芯	xin'xin	term	2026-10-04	
镜像标签	jing'xiang'biao'qian	term	2026-10-04	
长光辰芯	chang'guang'chen'xin	name	2026-10-04	
阀组件	fa'zu'jian	term	2026-10-04	
防重放	fang'chong'fang	term	2026-10-04	
零延时	ling'yan'shi	word	2026-10-04	
霍伊别尔	huo'yi'bie'er	name	2026-10-04	
顺酐	shun'gan	term	2026-10-04	
首开记录	shou'kai'ji'lu	word	2026-10-04	
鳙鱼	yong'yu	word	2026-10-04	
鹅毛球	e'mao'qiu	word	2026-10-04	
一阕	yi'que	word	2026-10-04	
中煤科工	zhong'mei'ke'gong	name	2026-10-04	
乌东德	wu'dong'de	name	2026-10-04	
乐黛云	yue'dai'yun	name	2026-10-04	
京蒙协作	jing'meng'xie'zuo	word	2026-10-04	
亲子民宿	qin'zi'min'su	word	2026-10-04	
代露娃	dai'lu'wa	name	2026-10-04	
低一档	di'yi'dang	word	2026-10-04	
光伏胶膜	guang'fu'jiao'mo	term	2026-10-04	
光良酒	guang'liang'jiu	name	2026-10-04	
劝和促谈	quan'he'cu'tan	word	2026-10-04	
博新计划	bo'xin'ji'hua	name	2026-10-04	
卡马替尼	ka'ma'ti'ni	term	2026-10-04	
卢靖姗	lu'jing'shan	name	2026-10-04	
卫技人员	wei'ji'ren'yuan	word	2026-10-04	
厂网一体	chang'wang'yi'ti	word	2026-10-04	
压盖机	ya'gai'ji	term	2026-10-04	
参保扩面	can'bao'kuo'mian	word	2026-10-04	
含新量	han'xin'liang	word	2026-10-04	
周转器具	zhou'zhuan'qi'ju	term	2026-10-04	
嚼起来	jiao'qi'lai	word	2026-10-04	
声生不息	sheng'sheng'bu'xi	name	2026-10-04	
多段速	duo'duan'su	term	2026-10-04	
姨妈期	yi'ma'qi	word	2026-10-04	
导热垫片	dao're'dian'pian	term	2026-10-04	
带单员	dai'dan'yuan	word	2026-10-04	
开顶柜	kai'ding'gui	term	2026-10-04	
强师计划	qiang'shi'ji'hua	word	2026-10-04	
指接板	zhi'jie'ban	term	2026-10-04	
摊下来	tan'xia'lai	word	2026-10-04	
施瓦本	shi'wa'ben	name	2026-10-04	
显露无遗	xian'lu'wu'yi	word	2026-10-04	
晋唐	jin'tang	word	2026-10-04	
校验逻辑	jiao'yan'luo'ji	term	2026-10-04	
樱田	ying'tian	name	2026-10-04	
注安师	zhu'an'shi	word	2026-10-04	
清苑区	qing'yuan'qu	name	2026-10-04	
湘粤	xiang'yue	word	2026-10-04	
演艺经济	yan'yi'jing'ji	word	2026-10-04	
漩涡气泵	xuan'wo'qi'beng	term	2026-10-04	
灌装秤	guan'zhuang'cheng	term	2026-10-04	
片上集成	pian'shang'ji'cheng	term	2026-10-04	
玉趾	yu'zhi	word	2026-10-04	
王世襄	wang'shi'xiang	name	2026-10-04	
珂拉琪	ke'la'qi	name	2026-10-04	
电子招采	dian'zi'zhao'cai	word	2026-10-04	
省防指	sheng'fang'zhi	word	2026-10-04	
矫治教育	jiao'zhi'jiao'yu	word	2026-10-04	
石班瑜	shi'ban'yu	name	2026-10-04	
碳氢溶剂	tan'qing'rong'ji	term	2026-10-04	
祇园	qi'yuan	name	2026-10-04	
离子捕获	li'zi'bu'huo	term	2026-10-04	
粉尘监测	fen'chen'jian'ce	word	2026-10-04	
线稿上色	xian'gao'shang'se	word	2026-10-04	
聚砜	ju'feng	term	2026-10-04	
肠漏	chang'lou	term	2026-10-04	
舷外	xian'wai	term	2026-10-04	
苏少版	su'shao'ban	word	2026-10-04	
苏试宜特	su'shi'yi'te	name	2026-10-04	
苔花	tai'hua	word	2026-10-04	
葛均波	ge'jun'bo	name	2026-10-04	
蒋圣龙	jiang'sheng'long	name	2026-10-04	
蛾科	e'ke	term	2026-10-04	
诗僧	shi'seng	word	2026-10-04	
谷子店	gu'zi'dian	slang	2026-10-04	
贾斯珀	jia'si'po	name	2026-10-04	
运达股份	yun'da'gu'fen	name	2026-10-04	
迪奥普	di'ao'pu	name	2026-10-04	
酒精味	jiu'jing'wei	word	2026-10-04	
酶抑制率	mei'yi'zhi'lv	term	2026-10-04	
采集网关	cai'ji'wang'guan	term	2026-10-04	
金隅冀东	jin'yu'ji'dong	name	2026-10-04	
钎剂	qian'ji	term	2026-10-04	
铝方管	lv'fang'guan	term	2026-10-04	
铲刮	chan'gua	word	2026-10-04	
锚固胶	mao'gu'jiao	term	2026-10-04	
长生人寿	chang'sheng'ren'shou	name	2026-10-04	
防结块	fang'jie'kuai	word	2026-10-04	
集章打卡	ji'zhang'da'ka	word	2026-10-04	
零工驿站	ling'gong'yi'zhan	word	2026-10-04	
霜刃	shuang'ren	word	2026-10-04	
颐莲	yi'lian	name	2026-10-04	
颗粒形貌	ke'li'xing'mao	term	2026-10-04	
香丹清	xiang'dan'qing	name	2026-10-04	
龙旗科技	long'qi'ke'ji	name	2026-10-04	
一把梭	yi'ba'suo	slang	2026-10-04	
做傻事	zuo'sha'shi	word	2026-10-04	
储气筒	chu'qi'tong	term	2026-10-04	
减震降噪	jian'zhen'jiang'zao	word	2026-10-04	
制程节点	zhi'cheng'jie'dian	term	2026-10-04	
动火离人	dong'huo'li'ren	word	2026-10-04	
化学用品	hua'xue'yong'pin	word	2026-10-04	
卢宛茵	lu'wan'yin	name	2026-10-04	
厨邦	chu'bang	name	2026-10-04	
司库体系	si'ku'ti'xi	term	2026-10-04	
圆满礼成	yuan'man'li'cheng	word	2026-10-04	
基线模型	ji'xian'mo'xing	term	2026-10-04	
大孝子	da'xiao'zi	word	2026-10-04	
女二号	nv'er'hao	word	2026-10-04	
安全限值	an'quan'xian'zhi	term	2026-10-04	
幕帘	mu'lian	word	2026-10-04	
廊亭	lang'ting	word	2026-10-04	
异型螺丝	yi'xing'luo'si	term	2026-10-04	
患龋	huan'qu	term	2026-10-04	
扭力起子	niu'li'qi'zi	term	2026-10-04	
拒贷	ju'dai	word	2026-10-04	
挥发份	hui'fa'fen	term	2026-10-04	
政治极化	zheng'zhi'ji'hua	term	2026-10-04	
文物活化	wen'wu'huo'hua	word	2026-10-04	
暖边条	nuan'bian'tiao	term	2026-10-04	
期限溢价	qi'xian'yi'jia	term	2026-10-04	
机座号	ji'zuo'hao	term	2026-10-04	
格奥尔基	ge'ao'er'ji	name	2026-10-04	
检察部门	jian'cha'bu'men	word	2026-10-04	
氧化风机	yang'hua'feng'ji	term	2026-10-04	
洗脱一体	xi'tuo'yi'ti	word	2026-10-04	
涂底漆	tu'di'qi	word	2026-10-04	
涨价函	zhang'jia'han	word	2026-10-04	
深感欣慰	shen'gan'xin'wei	word	2026-10-04	
湿热测试	shi're'ce'shi	term	2026-10-04	
照度值	zhao'du'zhi	term	2026-10-04	
物料批次	wu'liao'pi'ci	word	2026-10-04	
玉兰灯	yu'lan'deng	word	2026-10-04	
画上等号	hua'shang'deng'hao	word	2026-10-04	
盐度计	yan'du'ji	term	2026-10-04	
监控球机	jian'kong'qiu'ji	term	2026-10-04	
直下式	zhi'xia'shi	term	2026-10-04	
直视下	zhi'shi'xia	term	2026-10-04	
礼来公司	li'lai'gong'si	name	2026-10-04	
耐点蚀	nai'dian'shi	term	2026-10-04	
自锁性	zi'suo'xing	term	2026-10-04	
致胜关键	zhi'sheng'guan'jian	word	2026-10-04	
藻株	zao'zhu	term	2026-10-04	
褚橙	chu'cheng	name	2026-10-04	
订单交期	ding'dan'jiao'qi	word	2026-10-04	
语料训练	yu'liao'xun'lian	term	2026-10-04	
负面词	fu'mian'ci	word	2026-10-04	
车载前装	che'zai'qian'zhuang	term	2026-10-04	
轻点一下	qing'dian'yi'xia	word	2026-10-04	
迈来芯	mai'lai'xin	name	2026-10-04	
远程会话	yuan'cheng'hui'hua	term	2026-10-04	
防误报	fang'wu'bao	term	2026-10-04	
难捱	nan'ai	word	2026-10-04	
集中供氧	ji'zhong'gong'yang	term	2026-10-04	
飞凡汽车	fei'fan'qi'che	name	2026-10-04	
马浴柯	ma'yu'ke	name	2026-10-04	
高压灯带	gao'ya'deng'dai	word	2026-10-04	
高频电感	gao'pin'dian'gan	term	2026-10-04	
鲜菇	xian'gu	word	2026-10-04	
麦克菲	mai'ke'fei	name	2026-10-04	
黄益平	huang'yi'ping	name	2026-10-04	
黑色字迹	hei'se'zi'ji	word	2026-10-04	
鼻痒	bi'yang	word	2026-10-04	
一般固废	yi'ban'gu'fei	term	2026-10-04	
丁酰	ding'xian	term	2026-10-04	
七下数学	qi'xia'shu'xue	word	2026-10-04	
三位数字	san'wei'shu'zi	word	2026-10-04	
上年结余	shang'nian'jie'yu	term	2026-10-04	
中科飞测	zhong'ke'fei'ce	name	2026-10-04	
主键列	zhu'jian'lie	term	2026-10-04	
事中监控	shi'zhong'jian'kong	term	2026-10-04	
互撩	hu'liao	slang	2026-10-04	
人为磕碰	ren'wei'ke'peng	word	2026-10-04	
低热阻	di're'zu	term	2026-10-04	
保价邮寄	bao'jia'you'ji	word	2026-10-04	
信创安全	xin'chuang'an'quan	term	2026-10-04	
做出答复	zuo'chu'da'fu	word	2026-10-04	
停火止战	ting'huo'zhi'zhan	word	2026-10-04	
元大金控	yuan'da'jin'kong	name	2026-10-04	
内浮盘	nei'fu'pan	term	2026-10-04	
冰钓	bing'diao	word	2026-10-04	
分镜图	fen'jing'tu	term	2026-10-04	
刘之冰	liu'zhi'bing	name	2026-10-04	
刚性支撑	gang'xing'zhi'cheng	term	2026-10-04	
制样设备	zhi'yang'she'bei	term	2026-10-04	
劲方医药	jin'fang'yi'yao	name	2026-10-04	
北非之狐	bei'fei'zhi'hu	name	2026-10-04	
卡骆驰	ka'luo'chi	name	2026-10-04	
即时预警	ji'shi'yu'jing	word	2026-10-04	
厂中厂	chang'zhong'chang	word	2026-10-04	
吃罢	chi'ba	word	2026-10-04	
合规清单	he'gui'qing'dan	term	2026-10-04	
吉利雷达	ji'li'lei'da	name	2026-10-04	
啰嗦一句	luo'suo'yi'ju	word	2026-10-04	
器审中心	qi'shen'zhong'xin	name	2026-10-04	
堵孔	du'kong	word	2026-10-04	
增伤效果	zeng'shang'xiao'guo	term	2026-10-04	
复膜机	fu'mo'ji	term	2026-10-04	
多组份	duo'zu'fen	term	2026-10-04	
安纳塔拉	an'na'ta'la	name	2026-10-04	
实地验厂	shi'di'yan'chang	term	2026-10-04	
封堵射门	feng'du'she'men	term	2026-10-04	
小桂子	xiao'gui'zi	name	2026-10-04	
峰丛	feng'cong	term	2026-10-04	
巴学园	ba'xue'yuan	name	2026-10-04	
币种兑换	bi'zhong'dui'huan	word	2026-10-04	
布维岛	bu'wei'dao	name	2026-10-04	
应力水平	ying'li'shui'ping	term	2026-10-04	
底物液	di'wu'ye	term	2026-10-04	
引援谈判	yin'yuan'tan'pan	term	2026-10-04	
引脚数	yin'jiao'shu	term	2026-10-04	
弯折性	wan'zhe'xing	term	2026-10-04	
弹簧针	tan'huang'zhen	term	2026-10-04	
折溢价	zhe'yi'jia	term	2026-10-04	
抱索器	bao'suo'qi	term	2026-10-04	
捅伤	tong'shang	word	2026-10-04	
搭配食用	da'pei'shi'yong	word	2026-10-04	
摇骰子	yao'tou'zi	word	2026-10-04	
撸美金	lu'mei'jin	slang	2026-10-04	
放散阀	fang'san'fa	term	2026-10-04	
救上来	jiu'shang'lai	word	2026-10-04	
文化市集	wen'hua'shi'ji	word	2026-10-04	
断线保护	duan'xian'bao'hu	term	2026-10-04	
斯奈德	si'nai'de	name	2026-10-04	
时区差异	shi'qu'cha'yi	word	2026-10-04	
暴沸	bao'fei	term	2026-10-04	
李佳芯	li'jia'xin	name	2026-10-04	
李司棋	li'si'qi	name	2026-10-04	
板翅式	ban'chi'shi	term	2026-10-04	
核壳结构	he'ke'jie'gou	term	2026-10-04	
格米莱	ge'mi'lai	name	2026-10-04	
档位调节	dang'wei'tiao'jie	word	2026-10-04	
江河湖库	jiang'he'hu'ku	term	2026-10-04	
油路板	you'lu'ban	term	2026-10-04	
泛碱	fan'jian	term	2026-10-04	
泥槽	ni'cao	word	2026-10-04	
混炼室	hun'lian'shi	term	2026-10-04	
滴落物	di'luo'wu	word	2026-10-04	
漆膜仪	qi'mo'yi	term	2026-10-04	
潞河	lu'he	name	2026-10-04	
点心债	dian'xin'zhai	term	2026-10-04	
生濑胜久	sheng'lai'sheng'jiu	name	2026-10-04	
生物酶解	sheng'wu'mei'jie	term	2026-10-04	
电击器	dian'ji'qi	word	2026-10-04	
町屋	ting'wu	term	2026-10-04	
疏浚管	shu'jun'guan	term	2026-10-04	
真空热压	zhen'kong're'ya	term	2026-10-04	
硅胶点胶	gui'jiao'dian'jiao	term	2026-10-04	
碎烟丝	sui'yan'si	word	2026-10-04	
碰碰狐	peng'peng'hu	name	2026-10-04	
竹苗	zhu'miao	word	2026-10-04	
笔试资料	bi'shi'zi'liao	word	2026-10-04	
筑梦青春	zhu'meng'qing'chun	word	2026-10-04	
筛分筒	shai'fen'tong	term	2026-10-04	
粤发改	yue'fa'gai	term	2026-10-04	
红瞳	hong'tong	word	2026-10-04	
终身维保	zhong'shen'wei'bao	word	2026-10-04	
绑定骨骼	bang'ding'gu'ge	term	2026-10-04	
维信金科	wei'xin'jin'ke	name	2026-10-04	
美食市集	mei'shi'shi'ji	word	2026-10-04	
耐荫性	nai'yin'xing	term	2026-10-04	
舔一下	tian'yi'xia	word	2026-10-04	
芝麻粉	zhi'ma'fen	word	2026-10-04	
苏世民	su'shi'min	name	2026-10-04	
茵曼	yin'man	name	2026-10-04	
蛇仙	she'xian	word	2026-10-04	
蜜炙	mi'zhi	term	2026-10-04	
蜜薯	mi'shu	word	2026-10-04	
螺杆挤压	luo'gan'ji'ya	term	2026-10-04	
西奈山	xi'nai'shan	name	2026-10-04	
触头盒	chu'tou'he	term	2026-10-04	
言词证据	yan'ci'zheng'ju	term	2026-10-04	
议事堂	yi'shi'tang	word	2026-10-04	
讹钱	e'qian	word	2026-10-04	
试用账号	shi'yong'zhang'hao	word	2026-10-04	
诸儒	zhu'ru	word	2026-10-04	
诸贤	zhu'xian	word	2026-10-04	
轴肩	zhou'jian	term	2026-10-04	
较前值	jiao'qian'zhi	term	2026-10-04	
运维手册	yun'wei'shou'ce	word	2026-10-04	
运维托管	yun'wei'tuo'guan	word	2026-10-04	
郭声琨	guo'sheng'kun	name	2026-10-04	
重卡换电	zhong'ka'huan'dian	term	2026-10-04	
铸轧	zhu'zha	term	2026-10-04	
铸鼎	zhu'ding	word	2026-10-04	
链上生态	lian'shang'sheng'tai	term	2026-10-04	
非寿险	fei'shou'xian	term	2026-10-04	
鞘管	qiao'guan	term	2026-10-04	
预制模板	yu'zhi'mu'ban	word	2026-10-04	
高防主机	gao'fang'zhu'ji	term	2026-10-04	
鲲鹏昇腾	kun'peng'sheng'teng	name	2026-10-04	
一格一格	yi'ge'yi'ge	word	2026-10-04	
专家复核	zhuan'jia'fu'he	word	2026-10-04	
专项巡查	zhuan'xiang'xun'cha	word	2026-10-04	
九不准	jiu'bu'zhun	word	2026-10-04	
人工校验	ren'gong'jiao'yan	term	2026-10-04	
众安在线	zhong'an'zai'xian	name	2026-10-04	
供试液	gong'shi'ye	term	2026-10-04	
俄石油	e'shi'you	name	2026-10-04	
候选池	hou'xuan'chi	term	2026-10-04	
儒藏	ru'zang	name	2026-10-04	
兆美元	zhao'mei'yuan	word	2026-10-04	
全域传播	quan'yu'chuan'bo	term	2026-10-04	
关联主体	guan'lian'zhu'ti	term	2026-10-04	
刺玫	ci'mei	word	2026-10-04	
华海清科	hua'hai'qing'ke	name	2026-10-04	
即时提醒	ji'shi'ti'xing	word	2026-10-04	
咬缝	yao'feng	term	2026-10-04	
哪几步	na'ji'bu	word	2026-10-04	
器件失效	qi'jian'shi'xiao	term	2026-10-04	
四通球阀	si'tong'qiu'fa	term	2026-10-04	
图层叠加	tu'ceng'die'jia	word	2026-10-04	
图表组件	tu'biao'zu'jian	term	2026-10-04	
圆筒型	yuan'tong'xing	word	2026-10-04	
城建项目	cheng'jian'xiang'mu	word	2026-10-04	
多灾种	duo'zai'zhong	term	2026-10-04	
女俘	nv'fu	word	2026-10-04	
季冠霖	ji'guan'lin	name	2026-10-04	
实时看板	shi'shi'kan'ban	term	2026-10-04	
左手掌	zuo'shou'zhang	word	2026-10-04	
师兄妹	shi'xiong'mei	word	2026-10-04	
废墨清零	fei'mo'qing'ling	term	2026-10-04	
异丁基	yi'ding'ji	term	2026-10-04	
张伯驹	zhang'bo'ju	name	2026-10-04	
张昊唯	zhang'hao'wei	name	2026-10-04	
恒玄科技	heng'xuan'ke'ji	name	2026-10-04	
慢乙肝	man'yi'gan	term	2026-10-04	
戴逸	dai'yi	name	2026-10-04	
抗浪涌	kang'lang'yong	term	2026-10-04	
支承座	zhi'cheng'zuo	term	2026-10-04	
攻城车	gong'cheng'che	word	2026-10-04	
数智升级	shu'zhi'sheng'ji	term	2026-10-04	
旅发委	lv'fa'wei	word	2026-10-04	
无球前插	wu'qiu'qian'cha	term	2026-10-04	
旧机回收	jiu'ji'hui'shou	word	2026-10-04	
景灵宫	jing'ling'gong	name	2026-10-04	
核心班底	he'xin'ban'di	word	2026-10-04	
模拟答辩	mo'ni'da'bian	word	2026-10-04	
气固两相	qi'gu'liang'xiang	term	2026-10-04	
沃格光电	wo'ge'guang'dian	name	2026-10-04	
沉降菌	chen'jiang'jun	term	2026-10-04	
油籽	you'zi	word	2026-10-04	
消纳率	xiao'na'lv	term	2026-10-04	
混合舱位	hun'he'cang'wei	term	2026-10-04	
热塑膜	re'su'mo	term	2026-10-04	
焐热	wu're	word	2026-10-04	
球铰	qiu'jiao	term	2026-10-04	
甩袖	shuai'xiu	word	2026-10-04	
电阻试验	dian'zu'shi'yan	term	2026-10-04	
碳板跑鞋	tan'ban'pao'xie	term	2026-10-04	
站位意识	zhan'wei'yi'shi	term	2026-10-04	
筱冢义男	xiao'zhong'yi'nan	name	2026-10-04	
糖度计	tang'du'ji	term	2026-10-04	
系统施策	xi'tong'shi'ce	word	2026-10-04	
美业门店	mei'ye'men'dian	word	2026-10-04	
自然之道	zi'ran'zhi'dao	word	2026-10-04	
获客闭环	huo'ke'bi'huan	term	2026-10-04	
蒐集	sou'ji	word	2026-10-04	
蒸气熨斗	zheng'qi'yun'dou	word	2026-10-04	
行泊一体	xing'bo'yi'ti	term	2026-10-04	
表观粘度	biao'guan'nian'du	term	2026-10-04	
话本子	hua'ben'zi	word	2026-10-04	
语义对齐	yu'yi'dui'qi	term	2026-10-04	
轮询模式	lun'xun'mo'shi	term	2026-10-04	
输配电网	shu'pei'dian'wang	term	2026-10-04	
辛保安	xin'bao'an	name	2026-10-04	
金相制样	jin'xiang'zhi'yang	term	2026-10-04	
钢套管	gang'tao'guan	term	2026-10-04	
钢承口	gang'cheng'kou	term	2026-10-04	
锋龙股份	feng'long'gu'fen	name	2026-10-04	
长尾搜索	chang'wei'sou'suo	term	2026-10-04	
防雹	fang'bao	term	2026-10-04	
降解周期	jiang'jie'zhou'qi	term	2026-10-04	
隔三岔五	ge'san'cha'wu	word	2026-10-04	
青年夜校	qing'nian'ye'xiao	word	2026-10-04	
三网互通	san'wang'hu'tong	term	2026-10-04	
中式家居	zhong'shi'jia'ju	word	2026-10-04	
中鼎股份	zhong'ding'gu'fen	name	2026-10-04	
亿级流量	yi'ji'liu'liang	word	2026-10-04	
休闲家具	xiu'xian'jia'ju	word	2026-10-04	
伞绳	san'sheng	word	2026-10-04	
低氮胁迫	di'dan'xie'po	term	2026-10-04	
供电调度	gong'dian'diao'du	term	2026-10-04	
侧向抽芯	ce'xiang'chou'xin	term	2026-10-04	
元富证券	yuan'fu'zheng'quan	name	2026-10-04	
兴业银锡	xing'ye'yin'xi	name	2026-10-04	
冗余机制	rong'yu'ji'zhi	term	2026-10-04	
即时回复	ji'shi'hui'fu	word	2026-10-04	
同轴连接	tong'zhou'lian'jie	term	2026-10-04	
基质干扰	ji'zhi'gan'rao	term	2026-10-04	
多元异构	duo'yuan'yi'gou	term	2026-10-04	
大宗固废	da'zong'gu'fei	term	2026-10-04	
大家财险	da'jia'cai'xian	name	2026-10-04	
学园祭	xue'yuan'ji	word	2026-10-04	
小外甥	xiao'wai'sheng	word	2026-10-04	
小花仙	xiao'hua'xian	name	2026-10-04	
巡检维保	xun'jian'wei'bao	term	2026-10-04	
开敞式	kai'chang'shi	term	2026-10-04	
总林长	zong'lin'zhang	term	2026-10-04	
打磨除锈	da'mo'chu'xiu	term	2026-10-04	
报警延时	bao'jing'yan'shi	term	2026-10-04	
数据爬取	shu'ju'pa'qu	term	2026-10-04	
整型数	zheng'xing'shu	term	2026-10-04	
晋陵	jin'ling	name	2026-10-04	
曦智科技	xi'zhi'ke'ji	name	2026-10-04	
杜祥琬	du'xiang'wan	name	2026-10-04	
杰富瑞	jie'fu'rui	name	2026-10-04	
桉叶	an'ye	term	2026-10-04	
森贝儿	sen'bei'er	name	2026-10-04	
母语级	mu'yu'ji	word	2026-10-04	
水洗沙	shui'xi'sha	term	2026-10-04	
泉果基金	quan'guo'ji'jin	name	2026-10-04	
海运头程	hai'yun'tou'cheng	term	2026-10-04	
海运拼柜	hai'yun'pin'gui	term	2026-10-04	
浸渍漆	jin'zi'qi	term	2026-10-04	
消磁仪	xiao'ci'yi	term	2026-10-04	
滋腻	zi'ni	word	2026-10-04	
潼川	tong'chuan	name	2026-10-04	
玉琮	yu'cong	term	2026-10-04	
电推剪	dian'tui'jian	word	2026-10-04	
痘疹	dou'zhen	term	2026-10-04	
百人斩	bai'ren'zhan	word	2026-10-04	
相溶性	xiang'rong'xing	term	2026-10-04	
矢志追求	shi'zhi'zhui'qiu	word	2026-10-04	
碳素制品	tan'su'zhi'pin	term	2026-10-04	
稚晖君	zhi'hui'jun	name	2026-10-04	
窖龄	jiao'ling	term	2026-10-04	
筒夹	tong'jia	term	2026-10-04	
绝不退缩	jue'bu'tui'suo	word	2026-10-04	
维谛技术	wei'di'ji'shu	name	2026-10-04	
脱碳层	tuo'tan'ceng	term	2026-10-04	
自给式	zi'ji'shi	term	2026-10-04	
舔唇	tian'chun	word	2026-10-04	
苏木素	su'mu'su	term	2026-10-04	
荧光微球	ying'guang'wei'qiu	term	2026-10-04	
菲谢尔	fei'xie'er	name	2026-10-04	
萧媚	xiao'mei	name	2026-10-04	
虎妖	hu'yao	word	2026-10-04	
褪绿	tui'lv	term	2026-10-04	
语义引擎	yu'yi'yin'qing	term	2026-10-04	
豆芽仔	dou'ya'zai	name	2026-10-04	
贮存柜	zhu'cun'gui	word	2026-10-04	
轻嗅	qing'xiu	word	2026-10-04	
运动康养	yun'dong'kang'yang	term	2026-10-04	
运输延误	yun'shu'yan'wu	word	2026-10-04	
远瞳	yuan'tong	name	2026-10-04	
铅衣	qian'yi	term	2026-10-04	
铸铁泵	zhu'tie'beng	term	2026-10-04	
锯割	ju'ge	word	2026-10-04	
长痣	zhang'zhi	word	2026-10-04	
防雨措施	fang'yu'cuo'shi	word	2026-10-04	
阻燃胶	zu'ran'jiao	term	2026-10-04	
阿嘉莎	a'jia'sha	name	2026-10-04	
阿帕他胺	a'pa'ta'an	term	2026-10-04	
陶瓦	tao'wa	word	2026-10-04	
项飚	xiang'biao	name	2026-10-04	
预制食品	yu'zhi'shi'pin	word	2026-10-04	
预算失控	yu'suan'shi'kong	word	2026-10-04	
预算适中	yu'suan'shi'zhong	word	2026-10-04	
飞灰处理	fei'hui'chu'li	term	2026-10-04	
马浚伟	ma'jun'wei	name	2026-10-04	
髌腱	bin'jian	term	2026-10-04	
黑果花楸	hei'guo'hua'qiu	term	2026-10-04	
鼎泰高科	ding'tai'gao'ke	name	2026-10-04	
齐格飞	qi'ge'fei	name	2026-10-04	
伍咏薇	wu'yong'wei	name	2026-10-04	
作出回答	zuo'chu'hui'da	word	2026-10-04	
作出表率	zuo'chu'biao'shuai	word	2026-10-04	
做功德	zuo'gong'de	word	2026-10-04	
光伏焊带	guang'fu'han'dai	term	2026-10-04	
净值公告	jing'zhi'gong'gao	term	2026-10-04	
创客贴	chuang'ke'tie	name	2026-10-04	
初禅	chu'chan	term	2026-10-04	
包覆成型	bao'fu'cheng'xing	term	2026-10-04	
医防协同	yi'fang'xie'tong	term	2026-10-04	
单胞菌属	dan'bao'jun'shu	term	2026-10-04	
卖家反馈	mai'jia'fan'kui	word	2026-10-04	
卡拉威	ka'la'wei	name	2026-10-04	
吹皱	chui'zhou	word	2026-10-04	
咒杀	zhou'sha	word	2026-10-04	
哈里特	ha'li'te	name	2026-10-04	
喷氨	pen'an	term	2026-10-04	
夏允彝	xia'yun'yi	name	2026-10-04	
大国粮仓	da'guo'liang'cang	word	2026-10-04	
大昌华嘉	da'chang'hua'jia	name	2026-10-04	
学业帮扶	xue'ye'bang'fu	word	2026-10-04	
孵育时间	fu'yu'shi'jian	term	2026-10-04	
射精时间	she'jing'shi'jian	term	2026-10-04	
层流床	ceng'liu'chuang	term	2026-10-04	
差压表	cha'ya'biao	term	2026-10-04	
帝舵腕表	di'duo'wan'biao	name	2026-10-04	
弗洛伦丝	fu'luo'lun'si	name	2026-10-04	
快装式	kuai'zhuang'shi	term	2026-10-04	
慕夏	mu'xia	name	2026-10-04	
扣积分	kou'ji'fen	word	2026-10-04	
排他锁	pai'ta'suo	term	2026-10-04	
摇奶器	yao'nai'qi	word	2026-10-04	
数字画像	shu'zi'hua'xiang	term	2026-10-04	
易梦玲	yi'meng'ling	name	2026-10-04	
普那布林	pu'na'bu'lin	term	2026-10-04	
智慧芽	zhi'hui'ya	name	2026-10-04	
智能育种	zhi'neng'yu'zhong	term	2026-10-04	
李宏毅	li'hong'yi	name	2026-10-04	
杜占元	du'zhan'yuan	name	2026-10-04	
林震南	lin'zhen'nan	name	2026-10-04	
椿萱茂	chun'xuan'mao	name	2026-10-04	
氟碳化物	fu'tan'hua'wu	term	2026-10-04	
水口料	shui'kou'liao	term	2026-10-04	
济颠僧	ji'dian'seng	name	2026-10-04	
消息路由	xiao'xi'lu'you	term	2026-10-04	
清名桥	qing'ming'qiao	name	2026-10-04	
滞销库存	zhi'xiao'ku'cun	word	2026-10-04	
热铆	re'mao	term	2026-10-04	
焊瘤	han'liu	term	2026-10-04	
燕窝果	yan'wo'guo	word	2026-10-04	
特种兵式	te'zhong'bing'shi	slang	2026-10-04	
直流桩	zhi'liu'zhuang	term	2026-10-04	
督察报告	du'cha'bao'gao	word	2026-10-04	
瞬时压力	shun'shi'ya'li	term	2026-10-04	
硅胶膜	gui'jiao'mo	word	2026-10-04	
磁吸底座	ci'xi'di'zuo	word	2026-10-04	
磁粉芯	ci'fen'xin	term	2026-10-04	
精制碳水	jing'zhi'tan'shui	term	2026-10-04	
纳呆	na'dai	term	2026-10-04	
线性位移	xian'xing'wei'yi	term	2026-10-04	
耐折度	nai'zhe'du	term	2026-10-04	
芸苔素	yun'tai'su	term	2026-10-04	
蒸气压力	zheng'qi'ya'li	term	2026-10-04	
蟳埔	xun'pu	name	2026-10-04	
蟹膏	xie'gao	word	2026-10-04	
解除授权	jie'chu'shou'quan	word	2026-10-04	
试验舱	shi'yan'cang	term	2026-10-04	
语义向量	yu'yi'xiang'liang	term	2026-10-04	
语义空间	yu'yi'kong'jian	term	2026-10-04	
谷饲	gu'si	term	2026-10-04	
跌价潮	die'jia'chao	word	2026-10-04	
躺平式	tang'ping'shi	slang	2026-10-04	
轻烃	qing'ting	term	2026-10-04	
达沃市	da'wo'shi	name	2026-10-04	
适老产品	shi'lao'chan'pin	word	2026-10-04	
透水率	tou'shui'lv	term	2026-10-04	
量程切换	liang'cheng'qie'huan	term	2026-10-04	
金属护角	jin'shu'hu'jiao	term	2026-10-04	
金融信创	jin'rong'xin'chuang	term	2026-10-04	
錾刻	zan'ke	word	2026-10-04	
阿历克斯	a'li'ke'si	name	2026-10-04	
陶泥	tao'ni	word	2026-10-04	
雾眉	wu'mei	word	2026-10-04	
霍尔电压	huo'er'dian'ya	term	2026-10-04	
高阻计	gao'zu'ji	term	2026-10-04	
鸿蒙智选	hong'meng'zhi'xuan	name	2026-10-04	
龟苗	gui'miao	word	2026-10-04	
上机实践	shang'ji'shi'jian	word	2026-10-04	
中港车	zhong'gang'che	word	2026-10-04	
主食罐头	zhu'shi'guan'tou	word	2026-10-04	
云梦山	yun'meng'shan	name	2026-10-04	
五毒教	wu'du'jiao	name	2026-10-04	
交互组件	jiao'hu'zu'jian	term	2026-10-04	
交易滑点	jiao'yi'hua'dian	term	2026-10-04	
俞白眉	yu'bai'mei	name	2026-10-04	
做出判决	zuo'chu'pan'jue	word	2026-10-04	
储酒罐	chu'jiu'guan	word	2026-10-04	
光晶格	guang'jing'ge	term	2026-10-04	
冻堵	dong'du	term	2026-10-04	
减振系统	jian'zhen'xi'tong	term	2026-10-04	
凯尔西	kai'er'xi	name	2026-10-04	
刷新记录	shua'xin'ji'lu	word	2026-10-04	
剥虾	bo'xia	word	2026-10-04	
十三邀	shi'san'yao	name	2026-10-04	
单位正职	dan'wei'zheng'zhi	term	2026-10-04	
占位图	zhan'wei'tu	term	2026-10-04	
反井钻机	fan'jing'zuan'ji	term	2026-10-04	
响应指令	xiang'ying'zhi'ling	word	2026-10-04	
哪个校区	na'ge'xiao'qu	word	2026-10-04	
固晶机	gu'jing'ji	term	2026-10-04	
圆极化	yuan'ji'hua	term	2026-10-04	
复合磨床	fu'he'mo'chuang	term	2026-10-04	
复审调查	fu'shen'diao'cha	term	2026-10-04	
多次装夹	duo'ci'zhuang'jia	term	2026-10-04	
大鱼号	da'yu'hao	name	2026-10-04	
天然海砂	tian'ran'hai'sha	term	2026-10-04	
奇数号码	ji'shu'hao'ma	word	2026-10-04	
实地督查	shi'di'du'cha	word	2026-10-04	
实践支队	shi'jian'zhi'dui	word	2026-10-04	
宽负荷	kuan'fu'he	term	2026-10-04	
寄回去	ji'hui'qu	word	2026-10-04	
小中甸	xiao'zhong'dian	name	2026-10-04	
小快轻准	xiao'kuai'qing'zhun	word	2026-10-04	
已知集合	yi'zhi'ji'he	term	2026-10-04	
废墨垫	fei'mo'dian	term	2026-10-04	
异动提醒	yi'dong'ti'xing	word	2026-10-04	
张孝全	zhang'xiao'quan	name	2026-10-04	
微生态学	wei'sheng'tai'xue	term	2026-10-04	
惠特妮	hui'te'ni	name	2026-10-04	
托管实例	tuo'guan'shi'li	term	2026-10-04	
执法案例	zhi'fa'an'li	word	2026-10-04	
技术工签	ji'shu'gong'qian	term	2026-10-04	
支撑垫	zhi'cheng'dian	term	2026-10-04	
数智员工	shu'zhi'yuan'gong	word	2026-10-04	
文体旅商	wen'ti'lv'shang	word	2026-10-04	
断相保护	duan'xiang'bao'hu	term	2026-10-04	
昕诺飞	xin'nuo'fei	name	2026-10-04	
智造中心	zhi'zao'zhong'xin	word	2026-10-04	
李彩桦	li'cai'hua	name	2026-10-04	
林草系统	lin'cao'xi'tong	word	2026-10-04	
柳智敏	liu'zhi'min	name	2026-10-04	
模考题库	mo'kao'ti'ku	word	2026-10-04	
氢能储运	qing'neng'chu'yun	term	2026-10-04	
氯己定	lv'ji'ding	term	2026-10-04	
氯氰菊酯	lv'qing'ju'zhi	term	2026-10-04	
液态物料	ye'tai'wu'liao	term	2026-10-04	
烟气湿度	yan'qi'shi'du	term	2026-10-04	
熔覆层	rong'fu'ceng	term	2026-10-04	
燃弧	ran'hu	term	2026-10-04	
玄慈	xuan'ci	name	2026-10-04	
生成私钥	sheng'cheng'si'yao	word	2026-10-04	
电子束焊	dian'zi'shu'han	term	2026-10-04	
电工公式	dian'gong'gong'shi	word	2026-10-04	
白度仪	bai'du'yi	term	2026-10-04	
百亿参数	bai'yi'can'shu	word	2026-10-04	
百余米	bai'yu'mi	word	2026-10-04	
盛合晶微	sheng'he'jing'wei	name	2026-10-04	
盲袋	mang'dai	slang	2026-10-04	
真空清洗	zhen'kong'qing'xi	term	2026-10-04	
矩鞍环	ju'an'huan	term	2026-10-04	
短临预警	duan'lin'yu'jing	term	2026-10-04	
科尔维特	ke'er'wei'te	name	2026-10-04	
窄屏	zhai'ping	word	2026-10-04	
粘合材料	nian'he'cai'liao	term	2026-10-04	
羌绣	qiang'xiu	term	2026-10-04	
美术教室	mei'shu'jiao'shi	word	2026-10-04	
葛饰北斋	ge'shi'bei'zhai	name	2026-10-04	
蟹脚	xie'jiao	word	2026-10-04	
触点氧化	chu'dian'yang'hua	term	2026-10-04	
计费逻辑	ji'fei'luo'ji	term	2026-10-04	
语料数据	yu'liao'shu'ju	term	2026-10-04	
请求标头	qing'qiu'biao'tou	term	2026-10-04	
贝雷片	bei'lei'pian	term	2026-10-04	
超买状态	chao'mai'zhuang'tai	term	2026-10-04	
超温断电	chao'wen'duan'dian	term	2026-10-04	
身价不菲	shen'jia'bu'fei	word	2026-10-04	
连通孔	lian'tong'kong	term	2026-10-04	
迪亚哥	di'ya'ge	name	2026-10-04	
通专融合	tong'zhuan'rong'he	term	2026-10-04	
金属桶	jin'shu'tong	word	2026-10-04	
钾钠	jia'na	term	2026-10-04	
铲齿	chan'chi	term	2026-10-04	
镐子	gao'zi	word	2026-10-04	
门内板	men'nei'ban	term	2026-10-04	
防爆试验	fang'bao'shi'yan	term	2026-10-04	
陆树铭	lu'shu'ming	name	2026-10-04	
震动模式	zhen'dong'mo'shi	word	2026-10-04	
露营椅	lu'ying'yi	word	2026-10-04	
青年旅社	qing'nian'lv'she	word	2026-10-04	
飞翼车	fei'yi'che	term	2026-10-04	
食物快检	shi'wu'kuai'jian	term	2026-10-04	
马约特岛	ma'yue'te'dao	name	2026-10-04	
一字板	yi'zi'ban	term	2026-10-04	
万斛	wan'hu	word	2026-10-04	
专题会商	zhuan'ti'hui'shang	word	2026-10-04	
中管高校	zhong'guan'gao'xiao	word	2026-10-04	
临邛	lin'qiong	name	2026-10-04	
乌鲁鲁	wu'lu'lu	name	2026-10-04	
乙酰丙酮	yi'xian'bing'tong	term	2026-10-04	
二次注塑	er'ci'zhu'su	term	2026-10-04	
交期延误	jiao'qi'yan'wu	word	2026-10-04	
交能融合	jiao'neng'rong'he	term	2026-10-04	
人造土壤	ren'zao'tu'rang	term	2026-10-04	
低空气象	di'kong'qi'xiang	term	2026-10-04	
佩通坦	pei'tong'tan	name	2026-10-04	
修补漆	xiu'bu'qi	term	2026-10-04	
假名媛	jia'ming'yuan	slang	2026-10-04	
冲孔模	chong'kong'mo	term	2026-10-04	
出厂校准	chu'chang'jiao'zhun	term	2026-10-04	
剂量仪	ji'liang'yi	term	2026-10-04	
华为问界	hua'wei'wen'jie	name	2026-10-04	
单人墓	dan'ren'mu	word	2026-10-04	
县辖区	xian'xia'qu	word	2026-10-04	
双梁行吊	shuang'liang'xing'diao	term	2026-10-04	
叻沙	le'sha	word	2026-10-04	
器皿柜	qi'min'gui	word	2026-10-04	
回路电缆	hui'lu'dian'lan	term	2026-10-04	
培养试剂	pei'yang'shi'ji	term	2026-10-04	
基奥仑赛	ji'ao'lun'sai	term	2026-10-04	
塞利尼索	sai'li'ni'suo	term	2026-10-04	
声光警示	sheng'guang'jing'shi	term	2026-10-04	
姚班	yao'ban	name	2026-10-04	
媚男	mei'nan	slang	2026-10-04	
存放箱	cun'fang'xiang	word	2026-10-04	
宽楦	kuan'xuan	term	2026-10-04	
开渔季	kai'yu'ji	word	2026-10-04	
微针贴剂	wei'zhen'tie'ji	term	2026-10-04	
恒张力	heng'zhang'li	term	2026-10-04	
扶正器	fu'zheng'qi	term	2026-10-04	
摘戴	zhai'dai	word	2026-10-04	
整机集成	zheng'ji'ji'cheng	term	2026-10-04	
斯维尼	si'wei'ni	name	2026-10-04	
早安语录	zao'an'yu'lu	word	2026-10-04	
昇腾算力	sheng'teng'suan'li	term	2026-10-04	
朱志鑫	zhu'zhi'xin	name	2026-10-04	
李承铉	li'cheng'xuan	name	2026-10-04	
柔性灯	rou'xing'deng	term	2026-10-04	
柱帽	zhu'mao	term	2026-10-04	
楚河汉街	chu'he'han'jie	name	2026-10-04	
气体纯化	qi'ti'chun'hua	term	2026-10-04	
浓碱	nong'jian	term	2026-10-04	
溶出量	rong'chu'liang	term	2026-10-04	
炭化层	tan'hua'ceng	term	2026-10-04	
狄金森	di'jin'sen	name	2026-10-04	
猜得到	cai'de'dao	word	2026-10-04	
王小卤	wang'xiao'lu	name	2026-10-04	
王煊	wang'xuan	name	2026-10-04	
痣相	zhi'xiang	word	2026-10-04	
碳盘查	tan'pan'cha	term	2026-10-04	
立体光刻	li'ti'guang'ke	term	2026-10-04	
笛箫	di'xiao	word	2026-10-04	
糕点师	gao'dian'shi	word	2026-10-04	
絮凝反应	xu'ning'fan'ying	term	2026-10-04	
纹波噪声	wen'bo'zao'sheng	term	2026-10-04	
绿电直供	lv'dian'zhi'gong	term	2026-10-04	
群雁	qun'yan	word	2026-10-04	
脉冲计数	mai'chong'ji'shu	term	2026-10-04	
脑虎科技	nao'hu'ke'ji	name	2026-10-04	
苍洱	cang'er	name	2026-10-04	
英仕派	ying'shi'pai	name	2026-10-04	
荒井	huang'jing	name	2026-10-04	
虎仔	hu'zai	word	2026-10-04	
输液室	shu'ye'shi	word	2026-10-04	
通信制式	tong'xin'zhi'shi	term	2026-10-04	
邓飞	deng'fei	name	2026-10-04	
郭槐	guo'huai	name	2026-10-04	
重复试验	chong'fu'shi'yan	term	2026-10-04	
钒酸	fan'suan	term	2026-10-04	
钙塑板	gai'su'ban	term	2026-10-04	
链上指标	lian'shang'zhi'biao	term	2026-10-04	
陆维钊	lu'wei'zhao	name	2026-10-04	
隔震建筑	ge'zhen'jian'zhu	term	2026-10-04	
顾昀	gu'yun	name	2026-10-04	
香卤	xiang'lu	word	2026-10-04	
鱼粪	yu'fen	word	2026-10-04	
业余卫星	ye'yu'wei'xing	term	2026-10-04	
丫蛋	ya'dan	slang	2026-10-04	
产业援疆	chan'ye'yuan'jiang	term	2026-10-04	
产能去化	chan'neng'qu'hua	term	2026-10-04	
人工目检	ren'gong'mu'jian	term	2026-10-04	
信越化学	xin'yue'hua'xue	name	2026-10-04	
具身交互	ju'shen'jiao'hu	term	2026-10-04	
冶金炉	ye'jin'lu	term	2026-10-04	
出厂报告	chu'chang'bao'gao	term	2026-10-04	
分红转增	fen'hong'zhuan'zeng	term	2026-10-04	
勐仑	meng'lun	name	2026-10-04	
反町隆史	fan'ting'long'shi	name	2026-10-04	
口肌训练	kou'ji'xun'lian	term	2026-10-04	
吹扫气	chui'sao'qi	term	2026-10-04	
嗨吃	hai'chi	slang	2026-10-04	
固定夹具	gu'ding'jia'ju	term	2026-10-04	
基里安	ji'li'an	name	2026-10-04	
夏彦	xia'yan	name	2026-10-04	
大洋世家	da'yang'shi'jia	name	2026-10-04	
娇嗲	jiao'dia	word	2026-10-04	
定子铁心	ding'zi'tie'xin	term	2026-10-04	
巨量百应	ju'liang'bai'ying	name	2026-10-04	
希岛爱里	xi'dao'ai'li	name	2026-10-04	
应力检测	ying'li'jian'ce	term	2026-10-04	
志贺菌	zhi'he'jun	term	2026-10-04	
打钉机	da'ding'ji	word	2026-10-04	
托育师	tuo'yu'shi	word	2026-10-04	
拟任人选	ni'ren'ren'xuan	word	2026-10-04	
摩尔纹	mo'er'wen	term	2026-10-04	
政行企校	zheng'xing'qi'xiao	term	2026-10-04	
无法言语	wu'fa'yan'yu	word	2026-10-04	
暮归	mu'gui	word	2026-10-04	
杂卦传	za'gua'zhuan	name	2026-10-04	
极石汽车	ji'shi'qi'che	name	2026-10-04	
极速通道	ji'su'tong'dao	word	2026-10-04	
果冻杯	guo'dong'bei	word	2026-10-04	
柳德米拉	liu'de'mi'la	name	2026-10-04	
梓童	zi'tong	word	2026-10-04	
樊长玉	fan'chang'yu	name	2026-10-04	
气凝胶毡	qi'ning'jiao'zhan	term	2026-10-04	
油烟罩	you'yan'zhao	word	2026-10-04	
治霾	zhi'mai	word	2026-10-04	
液氩	ye'ya	term	2026-10-04	
渝黔	yu'qian	word	2026-10-04	
灌注胶	guan'zhu'jiao	term	2026-10-04	
灰豚数据	hui'tun'shu'ju	name	2026-10-04	
炬光科技	ju'guang'ke'ji	name	2026-10-04	
牲畜秤	sheng'chu'cheng	term	2026-10-04	
特氟隆	te'fu'long	term	2026-10-04	
王赫野	wang'he'ye	name	2026-10-04	
电脑音响	dian'nao'yin'xiang	word	2026-10-04	
病程管理	bing'cheng'guan'li	term	2026-10-04	
盗圣	dao'sheng	word	2026-10-04	
碗沿	wan'yan	word	2026-10-04	
磁混凝	ci'hun'ning	term	2026-10-04	
秦王府	qin'wang'fu	name	2026-10-04	
立轴式	li'zhou'shi	term	2026-10-04	
继国缘一	ji'guo'yuan'yi	name	2026-10-04	
老有所医	lao'you'suo'yi	word	2026-10-04	
考籍管理	kao'ji'guan'li	term	2026-10-04	
胡尔卡奇	hu'er'ka'qi	name	2026-10-04	
艾德蒙	ai'de'meng	name	2026-10-04	
莎伦	sha'lun	name	2026-10-04	
菱湖	ling'hu	name	2026-10-04	
菲沙河	fei'sha'he	name	2026-10-04	
蔚来能源	wei'lai'neng'yuan	name	2026-10-04	
蜂糖李	feng'tang'li	word	2026-10-04	
蜇伤	zhe'shang	word	2026-10-04	
装炉量	zhuang'lu'liang	term	2026-10-04	
诚信榜	cheng'xin'bang	word	2026-10-04	
躺姿	tang'zi	word	2026-10-04	
遮光率	zhe'guang'lv	term	2026-10-04	
镇痛管理	zhen'tong'guan'li	term	2026-10-04	
阿什莉	a'shi'li	name	2026-10-04	
陈江河	chen'jiang'he	name	2026-10-04	
隐性门槛	yin'xing'men'kan	word	2026-10-04	
隔振垫	ge'zhen'dian	term	2026-10-04	
雌畜	ci'chu	word	2026-10-04	
雍王	yong'wang	name	2026-10-04	
风淋门	feng'lin'men	term	2026-10-04	
鳄鱼剪	e'yu'jian	word	2026-10-04	
丁基内胎	ding'ji'nei'tai	term	2026-10-04	
临用前	lin'yong'qian	word	2026-10-04	
仰焊	yang'han	term	2026-10-04	
价格异动	jia'ge'yi'dong	word	2026-10-04	
仿真试验	fang'zhen'shi'yan	word	2026-10-04	
何晟铭	he'cheng'ming	name	2026-10-04	
假山石	jia'shan'shi	word	2026-10-04	
光纤中继	guang'xian'zhong'ji	term	2026-10-04	
共同奏响	gong'tong'zou'xiang	word	2026-10-04	
出行痛点	chu'xing'tong'dian	word	2026-10-04	
剔除异常	ti'chu'yi'chang	word	2026-10-04	
剩一半	sheng'yi'ban	word	2026-10-04	
功能阉割	gong'neng'yan'ge	word	2026-10-04	
包屁衣	bao'pi'yi	word	2026-10-04	
升降丝杆	sheng'jiang'si'gan	term	2026-10-04	
单节电池	dan'jie'dian'chi	word	2026-10-04	
南亚裔	nan'ya'yi	word	2026-10-04	
即时兑换	ji'shi'dui'huan	word	2026-10-04	
压着嗓子	ya'zhe'sang'zi	word	2026-10-04	
原位表征	yuan'wei'biao'zheng	term	2026-10-04	
原装部件	yuan'zhuang'bu'jian	word	2026-10-04	
吃粥	chi'zhou	word	2026-10-04	
吵过架	chao'guo'jia	word	2026-10-04	
呆在这里	dai'zai'zhe'li	word	2026-10-04	
呼吸监测	hu'xi'jian'ce	term	2026-10-04	
咕卡	gu'ka	slang	2026-10-04	
咕啾咕啾	gu'jiu'gu'jiu	word	2026-10-04	
回乡后	hui'xiang'hou	word	2026-10-04	
坏运气	huai'yun'qi	word	2026-10-04	
堆一堆	dui'yi'dui	word	2026-10-04	
多边协作	duo'bian'xie'zuo	word	2026-10-04	
失事客机	shi'shi'ke'ji	word	2026-10-04	
妈生感	ma'sheng'gan	slang	2026-10-04	
存内计算	cun'nei'ji'suan	term	2026-10-04	
孤立现象	gu'li'xian'xiang	word	2026-10-04	
安妮斯顿	an'ni'si'dun	name	2026-10-04	
实时巡检	shi'shi'xun'jian	word	2026-10-04	
宫宴上	gong'yan'shang	word	2026-10-04	
家庭影像	jia'ting'ying'xiang	word	2026-10-04	
导论课	dao'lun'ke	word	2026-10-04	
尤长靖	you'zhang'jing	name	2026-10-04	
屏蔽线缆	ping'bi'xian'lan	term	2026-10-04	
巴尔通体	ba'er'tong'ti	term	2026-10-04	
带式浓缩	dai'shi'nong'suo	term	2026-10-04	
忠实再现	zhong'shi'zai'xian	word	2026-10-04	
总保底	zong'bao'di	word	2026-10-04	
惠及患者	hui'ji'huan'zhe	word	2026-10-04	
成材率	cheng'cai'lv	term	2026-10-04	
打桩臂	da'zhuang'bi	term	2026-10-04	
承继人	cheng'ji'ren	word	2026-10-04	
抚了抚	fu'le'fu	word	2026-10-04	
挂渣	gua'zha	term	2026-10-04	
挤出发泡	ji'chu'fa'pao	term	2026-10-04	
振动送料	zhen'dong'song'liao	term	2026-10-04	
掉电存储	diao'dian'cun'chu	term	2026-10-04	
排出阀	pai'chu'fa	term	2026-10-04	
接收指令	jie'shou'zhi'ling	word	2026-10-04	
放空管	fang'kong'guan	term	2026-10-04	
新奥能源	xin'ao'neng'yuan	name	2026-10-04	
施加高压	shi'jia'gao'ya	word	2026-10-04	
智驾辅助	zhi'jia'fu'zhu	word	2026-10-04	
月度经营	yue'du'jing'ying	word	2026-10-04	
权利边界	quan'li'bian'jie	word	2026-10-04	
林草生态	lin'cao'sheng'tai	word	2026-10-04	
栈帧	zhan'zhen	term	2026-10-04	
椰子鞋	ye'zi'xie	word	2026-10-04	
槽铣刀	cao'xi'dao	term	2026-10-04	
止盈策略	zhi'ying'ce'lve	term	2026-10-04	
正月廿	zheng'yue'nian	word	2026-10-04	
毛絮	mao'xu	word	2026-10-04	
沉了沉	chen'le'chen	word	2026-10-04	
沉塘	chen'tang	word	2026-10-04	
深层链接	shen'ceng'lian'jie	word	2026-10-04	
清纯甜妹	qing'chun'tian'mei	word	2026-10-04	
溶出率	rong'chu'lv	term	2026-10-04	
灾毁	zai'hui	term	2026-10-04	
燥邪	zao'xie	term	2026-10-04	
电驱总成	dian'qu'zong'cheng	term	2026-10-04	
皮爷咖啡	pi'ye'ka'fei	name	2026-10-04	
皮秒级	pi'miao'ji	word	2026-10-04	
硫铵	liu'an	term	2026-10-04	
硬涂层	ying'tu'ceng	term	2026-10-04	
称重单元	cheng'zhong'dan'yuan	term	2026-10-04	
稳压阀	wen'ya'fa	term	2026-10-04	
精准刻画	jing'zhun'ke'hua	word	2026-10-04	
纳米研磨	na'mi'yan'mo	term	2026-10-04	
线性传动	xian'xing'chuan'dong	term	2026-10-04	
羊卓雍错	yang'zhuo'yong'cuo	name	2026-10-04	
翻转架	fan'zhuan'jia	term	2026-10-04	
苏州湾	su'zhou'wan	name	2026-10-04	
补能焦虑	bu'neng'jiao'lv	word	2026-10-04	
触变剂	chu'bian'ji	term	2026-10-04	
课诵	ke'song	word	2026-10-04	
贪图低价	tan'tu'di'jia	word	2026-10-04	
超细晶	chao'xi'jing	term	2026-10-04	
转会纪录	zhuan'hui'ji'lu	word	2026-10-04	
轮椅秤	lun'yi'cheng	term	2026-10-04	
轻量模型	qing'liang'mo'xing	word	2026-10-04	
轿顶	jiao'ding	term	2026-10-04	
进线柜	jin'xian'gui	term	2026-10-04	
退信率	tui'xin'lv	term	2026-10-04	
邦定粉	bang'ding'fen	term	2026-10-04	
邻苯二酚	lin'ben'er'fen	term	2026-10-04	
钛宝石	tai'bao'shi	term	2026-10-04	
钛盘管	tai'pan'guan	term	2026-10-04	
钥匙盒	yao'shi'he	word	2026-10-04	
铝管母线	lv'guan'mu'xian	term	2026-10-04	
链上合约	lian'shang'he'yue	term	2026-10-04	
锡铅	xi'qian	term	2026-10-04	
防守落位	fang'shou'luo'wei	term	2026-10-04	
附图所示	fu'tu'suo'shi	word	2026-10-04	
随机延迟	sui'ji'yan'chi	term	2026-10-04	
韩语字幕	han'yu'zi'mu	word	2026-10-04	
高速点胶	gao'su'dian'jiao	term	2026-10-04	
鹅肠	e'chang	word	2026-10-04	
龙门剪	long'men'jian	term	2026-10-04	
一颗行星	yi'ke'xing'xing	word	2026-10-04	
七大维度	qi'da'wei'du	word	2026-10-04	
三轴水刀	san'zhou'shui'dao	term	2026-10-04	
中葡论坛	zhong'pu'lun'tan	name	2026-10-04	
二乙醇胺	er'yi'chun'an	term	2026-10-04	
二谛	er'di	term	2026-10-04	
互不相同	hu'bu'xiang'tong	word	2026-10-04	
亟需建立	ji'xu'jian'li	word	2026-10-04	
介质膜	jie'zhi'mo	term	2026-10-04	
伞柄	san'bing	word	2026-10-04	
传控配合	chuan'kong'pei'he	term	2026-10-04	
传智教育	chuan'zhi'jiao'yu	name	2026-10-04	
低杂散光	di'za'san'guang	term	2026-10-04	
低温存储	di'wen'cun'chu	word	2026-10-04	
先开后停	xian'kai'hou'ting	term	2026-10-04	
全氟醚	quan'fu'mi	term	2026-10-04	
农民收益	nong'min'shou'yi	word	2026-10-04	
出行办事	chu'xing'ban'shi	word	2026-10-04	
划格法	hua'ge'fa	term	2026-10-04	
初始剂量	chu'shi'ji'liang	word	2026-10-04	
初步疗效	chu'bu'liao'xiao	word	2026-10-04	
利佩茨克	li'pei'ci'ke	name	2026-10-04	
医药康养	yi'yao'kang'yang	word	2026-10-04	
卧式液压	wo'shi'ye'ya	term	2026-10-04	
原子类型	yuan'zi'lei'xing	word	2026-10-04	
去乙酰化	qu'yi'xian'hua	term	2026-10-04	
受限场景	shou'xian'chang'jing	word	2026-10-04	
合规事务	he'gui'shi'wu	word	2026-10-04	
呈褐色	cheng'he'se	word	2026-10-04	
响应时延	xiang'ying'shi'yan	term	2026-10-04	
喜剧表演	xi'ju'biao'yan	word	2026-10-04	
回字形	hui'zi'xing	word	2026-10-04	
回程路由	hui'cheng'lu'you	term	2026-10-04	
团队常驻	tuan'dui'chang'zhu	word	2026-10-04	
外套筒	wai'tao'tong	term	2026-10-04	
学工动态	xue'gong'dong'tai	word	2026-10-04	
安防巡检	an'fang'xun'jian	term	2026-10-04	
完全消弭	wan'quan'xiao'mi	word	2026-10-04	
实践研修	shi'jian'yan'xiu	word	2026-10-04	
寡夫	gua'fu	word	2026-10-04	
小龙鱼	xiao'long'yu	word	2026-10-04	
工时成本	gong'shi'cheng'ben	word	2026-10-04	
已经累积	yi'jing'lei'ji	word	2026-10-04	
带式运输	dai'shi'yun'shu	term	2026-10-04	
归化政策	gui'hua'zheng'ce	word	2026-10-04	
当前实例	dang'qian'shi'li	term	2026-10-04	
微纳电子	wei'na'dian'zi	term	2026-10-04	
情感疏离	qing'gan'shu'li	word	2026-10-04	
批量卸载	pi'liang'xie'zai	word	2026-10-04	
搞得自己	gao'de'zi'ji	word	2026-10-04	
数商兴农	shu'shang'xing'nong	term	2026-10-04	
文旅街区	wen'lv'jie'qu	word	2026-10-04	
新奥集团	xin'ao'ji'tuan	name	2026-10-04	
显式标识	xian'shi'biao'shi	term	2026-10-04	
晚樱	wan'ying	word	2026-10-04	
智能电驱	zhi'neng'dian'qu	term	2026-10-04	
校友之家	xiao'you'zhi'jia	word	2026-10-04	
格科微	ge'ke'wei	name	2026-10-04	
榛蘑	zhen'mo	word	2026-10-04	
氯盐	lv'yan	term	2026-10-04	
沥青麻丝	li'qing'ma'si	term	2026-10-04	
油气工程	you'qi'gong'cheng	term	2026-10-04	
浮式风电	fu'shi'feng'dian	term	2026-10-04	
玉米秆	yu'mi'gan	word	2026-10-04	
甜粽	tian'zong	word	2026-10-04	
电源纹波	dian'yuan'wen'bo	term	2026-10-04	
病案室	bing'an'shi	word	2026-10-04	
石原夏织	shi'yuan'xia'zhi	name	2026-10-04	
石碾	shi'nian	word	2026-10-04	
称重秤	cheng'zhong'cheng	word	2026-10-04	
童话镇	tong'hua'zhen	name	2026-10-04	
红柚	hong'you	word	2026-10-04	
聚脲防水	ju'niao'fang'shui	term	2026-10-04	
规则校验	gui'ze'jiao'yan	term	2026-10-04	
赫迪拉	he'di'la	name	2026-10-04	
跨境大卖	kua'jing'da'mai	slang	2026-10-04	
车规认证	che'gui'ren'zheng	term	2026-10-04	
酯类物质	zhi'lei'wu'zhi	term	2026-10-04	
铅坠	qian'zhui	word	2026-10-04	
防护舱	fang'hu'cang	word	2026-10-04	
靳埭强	jin'dai'qiang	name	2026-10-04	
黄河安澜	huang'he'an'lan	word	2026-10-04	
黎燕珊	li'yan'shan	name	2026-10-04	
一具具	yi'ju'ju	word	2026-10-04	
一喷多促	yi'pen'duo'cu	term	2026-10-04	
一键跟单	yi'jian'gen'dan	word	2026-10-04	
三玻两腔	san'bo'liang'qiang	term	2026-10-04	
中式九球	zhong'shi'jiu'qiu	term	2026-10-04	
临刑前	lin'xing'qian	word	2026-10-04	
云絮	yun'xu	word	2026-10-04	
兆瓦闪充	zhao'wa'shan'chong	term	2026-10-04	
养老助餐	yang'lao'zhu'can	word	2026-10-04	
冗余存储	rong'yu'cun'chu	term	2026-10-04	
函数组件	han'shu'zu'jian	term	2026-10-04	
割稻	ge'dao	word	2026-10-04	
双速电机	shuang'su'dian'ji	term	2026-10-04	
喷雾抑尘	pen'wu'yi'chen	term	2026-10-04	
嗨唱	hai'chang	slang	2026-10-04	
园本教研	yuan'ben'jiao'yan	term	2026-10-04	
失能护理	shi'neng'hu'li	term	2026-10-04	
家庭煮夫	jia'ting'zhu'fu	slang	2026-10-04	
小西服	xiao'xi'fu	word	2026-10-04	
工程识图	gong'cheng'shi'tu	term	2026-10-04	
布克奖	bu'ke'jiang	name	2026-10-04	
弥雾机	mi'wu'ji	term	2026-10-04	
往复丝杆	wang'fu'si'gan	term	2026-10-04	
掉电记忆	diao'dian'ji'yi	term	2026-10-04	
数智底座	shu'zhi'di'zuo	term	2026-10-04	
无镉	wu'ge	term	2026-10-04	
枚举项	mei'ju'xiang	term	2026-10-04	
栅格分析	shan'ge'fen'xi	term	2026-10-04	
槽型钢	cao'xing'gang	term	2026-10-04	
毒蜂	du'feng	word	2026-10-04	
淮山药	huai'shan'yao	word	2026-10-04	
瓶坯	ping'pi	term	2026-10-04	
甄妮	zhen'ni	name	2026-10-04	
盐雾侵蚀	yan'wu'qin'shi	term	2026-10-04	
笨鸡	ben'ji	word	2026-10-04	
篦冷机	bi'leng'ji	term	2026-10-04	
中原农谷	zhong'yuan'nong'gu	name	2026-10-04	
乐泰胶	le'tai'jiao	name	2026-10-04	
事件合约	shi'jian'he'yue	term	2026-10-04	
伊姆兰	yi'mu'lan	name	2026-10-04	
充制冷剂	chong'zhi'leng'ji	word	2026-10-04	
冰冠堡垒	bing'guan'bao'lei	name	2026-10-04	
刀刺网	dao'ci'wang	term	2026-10-04	
切向流	qie'xiang'liu	term	2026-10-04	
务实派	wu'shi'pai	word	2026-10-04	
古道尔	gu'dao'er	name	2026-10-04	
呆滞料	dai'zhi'liao	term	2026-10-04	
呆滞物料	dai'zhi'wu'liao	term	2026-10-04	
宝诗龙	bao'shi'long	name	2026-10-04	
实时演示	shi'shi'yan'shi	word	2026-10-04	
抽认卡	chou'ren'ka	word	2026-10-04	
易腐货物	yi'fu'huo'wu	term	2026-10-04	
槽满率	cao'man'lv	term	2026-10-04	
橡胶挤出	xiang'jiao'ji'chu	term	2026-10-04	
止损限价	zhi'sun'xian'jia	term	2026-10-04	
炼大模型	lian'da'mo'xing	word	2026-10-04	
爱校荣校	ai'xiao'rong'xiao	word	2026-10-04	
盘扣架	pan'kou'jia	term	2026-10-04	
硫酸氢钠	liu'suan'qing'na	term	2026-10-04	
立式桨板	li'shi'jiang'ban	term	2026-10-04	
粉末粒径	fen'mo'li'jing	term	2026-10-04	
紧密咬合	jin'mi'yao'he	word	2026-10-04	
纪念逝者	ji'nian'shi'zhe	word	2026-10-04	
自然腔道	zi'ran'qiang'dao	term	2026-10-04	
节点冗余	jie'dian'rong'yu	term	2026-10-04	
质押池	zhi'ya'chi	term	2026-10-04	
质量保函	zhi'liang'bao'han	term	2026-10-04	
轻徒步	qing'tu'bu	word	2026-10-04	
返沪	fan'hu	word	2026-10-04	
违反校纪	wei'fan'xiao'ji	word	2026-10-04	
述职会议	shu'zhi'hui'yi	word	2026-10-04	
邱礼涛	qiu'li'tao	name	2026-10-04	
重传率	chong'chuan'lv	term	2026-10-04	
钟万仇	zhong'wan'chou	name	2026-10-04	
防静电椅	fang'jing'dian'yi	term	2026-10-04	
专线直连	zhuan'xian'zhi'lian	term	2026-10-04	
东方淮竹	dong'fang'huai'zhu	name	2026-10-04	
丝柯克	si'ke'ke	name	2026-10-04	
云母纸	yun'mu'zhi	term	2026-10-04	
低检出限	di'jian'chu'xian	term	2026-10-04	
偏倚风险	pian'yi'feng'xian	term	2026-10-04	
全程帮办	quan'cheng'bang'ban	word	2026-10-04	
到账时效	dao'zhang'shi'xiao	word	2026-10-04	
加企微	jia'qi'wei	slang	2026-10-04	
名称预核	ming'cheng'yu'he	term	2026-10-04	
回款进度	hui'kuan'jin'du	word	2026-10-04	
国语音轨	guo'yu'yin'gui	term	2026-10-04	
圆铜线	yuan'tong'xian	term	2026-10-04	
埃米莉亚	ai'mi'li'ya	name	2026-10-04	
塌陷区	ta'xian'qu	term	2026-10-04	
复合盐雾	fu'he'yan'wu	term	2026-10-04	
多源融合	duo'yuan'rong'he	term	2026-10-04	
多维筛选	duo'wei'shai'xuan	word	2026-10-04	
好嗑	hao'ke	slang	2026-10-04	
婚生女	hun'sheng'nv	word	2026-10-04	
宋韵文化	song'yun'wen'hua	word	2026-10-04	
实木托盘	shi'mu'tuo'pan	word	2026-10-04	
导出日志	dao'chu'ri'zhi	word	2026-10-04	
小肠经	xiao'chang'jing	term	2026-10-04	
小艺帮	xiao'yi'bang	name	2026-10-04	
巴切莱特	ba'qie'lai'te	name	2026-10-04	
帐户名称	zhang'hu'ming'cheng	word	2026-10-04	
底线击球	di'xian'ji'qiu	term	2026-10-04	
廉洁承诺	lian'jie'cheng'nuo	word	2026-10-04	
张紧轮	zhang'jin'lun	term	2026-10-04	
抢鲜看	qiang'xian'kan	word	2026-10-04	
抽放瓦斯	chou'fang'wa'si	term	2026-10-04	
挤包绝缘	ji'bao'jue'yuan	term	2026-10-04	
朱迪思	zhu'di'si	name	2026-10-04	
朱鹤新	zhu'he'xin	name	2026-10-04	
析氧反应	xi'yang'fan'ying	term	2026-10-04	
欠曝	qian'bao	term	2026-10-04	
气密检测	qi'mi'jian'ce	term	2026-10-04	
气密门	qi'mi'men	term	2026-10-04	
氮化碳	dan'hua'tan	term	2026-10-04	
水泥沙浆	shui'ni'sha'jiang	term	2026-10-04	
汾江	fen'jiang	name	2026-10-04	
沿淮	yan'huai	word	2026-10-04	
爱集微	ai'ji'wei	name	2026-10-04	
电子装联	dian'zi'zhuang'lian	term	2026-10-04	
皮奥里亚	pi'ao'li'ya	name	2026-10-04	
直接起动	zhi'jie'qi'dong	term	2026-10-04	
直线滑轨	zhi'xian'hua'gui	term	2026-10-04	
短临预报	duan'lin'yu'bao	term	2026-10-04	
紫光云	zi'guang'yun	name	2026-10-04	
纬丝	wei'si	term	2026-10-04	
绞合导体	jiao'he'dao'ti	term	2026-10-04	
网络互连	wang'luo'hu'lian	term	2026-10-04	
耐涝	nai'lao	word	2026-10-04	
腐蚀坑	fu'shi'keng	term	2026-10-04	
英富曼	ying'fu'man	name	2026-10-04	
补能设施	bu'neng'she'shi	term	2026-10-04	
补锅匠	bu'guo'jiang	word	2026-10-04	
负压室	fu'ya'shi	term	2026-10-04	
轩窗	xuan'chuang	word	2026-10-04	
近眼显示	jin'yan'xian'shi	term	2026-10-04	
逆市上涨	ni'shi'shang'zhang	word	2026-10-04	
钒电池	fan'dian'chi	term	2026-10-04	
长和集团	chang'he'ji'tuan	name	2026-10-04	
阿斯蒂	a'si'di	name	2026-10-04	
陶慧敏	tao'hui'min	name	2026-10-04	
集群对讲	ji'qun'dui'jiang	term	2026-10-04	
韩聪	han'cong	name	2026-10-04	
马尔济斯	ma'er'ji'si	name	2026-10-04	
驻渝	zhu'yu	word	2026-10-04	
魏茨曼	wei'ci'man	name	2026-10-04	
黛青	dai'qing	word	2026-10-04	
二级文献	er'ji'wen'xian	term	2026-10-04	
伏黑惠	fu'hei'hui	name	2026-10-04	
信号中继	xin'hao'zhong'ji	term	2026-10-04	
健身椅	jian'shen'yi	word	2026-10-04	
光频梳	guang'pin'shu	term	2026-10-04	
凸焊机	tu'han'ji	term	2026-10-04	
原位固化	yuan'wei'gu'hua	term	2026-10-04	
原子掺杂	yuan'zi'chan'za	term	2026-10-04	
及时回防	ji'shi'hui'fang	term	2026-10-04	
吹淋室	chui'lin'shi	term	2026-10-04	
周受资	zhou'shou'zi	name	2026-10-04	
多晶型	duo'jing'xing	term	2026-10-04	
奇闻轶事	qi'wen'yi'shi	word	2026-10-04	
干洗剂	gan'xi'ji	term	2026-10-04	
微美全息	wei'mei'quan'xi	name	2026-10-04	
抗硫化	kang'liu'hua	term	2026-10-04	
报税季	bao'shui'ji	word	2026-10-04	
持币地址	chi'bi'di'zhi	term	2026-10-04	
挥桨	hui'jiang	word	2026-10-04	
挥袖	hui'xiu	word	2026-10-04	
捎上	shao'shang	word	2026-10-04	
捣固机	dao'gu'ji	term	2026-10-04	
掌跖脓疱	zhang'zhi'nong'pao	term	2026-10-04	
排风柜	pai'feng'gui	term	2026-10-04	
接口鉴权	jie'kou'jian'quan	term	2026-10-04	
掳来	lu'lai	word	2026-10-04	
攻击向量	gong'ji'xiang'liang	term	2026-10-04	
整理遗物	zheng'li'yi'wu	word	2026-10-04	
无铁芯	wu'tie'xin	term	2026-10-04	
时延敏感	shi'yan'min'gan	term	2026-10-04	
昆廷	kun'ting	name	2026-10-04	
智能排程	zhi'neng'pai'cheng	term	2026-10-04	
朝鲜蓟	chao'xian'ji	term	2026-10-04	
木制包装	mu'zhi'bao'zhuang	word	2026-10-04	
桃花园	tao'hua'yuan	word	2026-10-04	
榊原良子	shen'yuan'liang'zi	name	2026-10-04	
武宫正树	wu'gong'zheng'shu	name	2026-10-04	
汤沟酒业	tang'gou'jiu'ye	name	2026-10-04	
沙箱隔离	sha'xiang'ge'li	term	2026-10-04	
波纹钢板	bo'wen'gang'ban	term	2026-10-04	
浮体结构	fu'ti'jie'gou	term	2026-10-04	
海南华铁	hai'nan'hua'tie	name	2026-10-04	
涂塑管	tu'su'guan	term	2026-10-04	
液压切刀	ye'ya'qie'dao	term	2026-10-04	
液氨泵	ye'an'beng	term	2026-10-04	
淤浆	yu'jiang	term	2026-10-04	
淬火池	cui'huo'chi	term	2026-10-04	
深海科考	shen'hai'ke'kao	word	2026-10-04	
点云配准	dian'yun'pei'zhun	term	2026-10-04	
熔盐泵	rong'yan'beng	term	2026-10-04	
牲畜运输	sheng'chu'yun'shu	word	2026-10-04	
瓮福	weng'fu	name	2026-10-04	
瓷盘子	ci'pan'zi	word	2026-10-04	
甄志丙	zhen'zhi'bing	name	2026-10-04	
用人经理	yong'ren'jing'li	term	2026-10-04	
甲基咪唑	jia'ji'mi'zuo	term	2026-10-04	
畅逛	chang'guang	word	2026-10-04	
监管边界	jian'guan'bian'jie	word	2026-10-04	
直筒版型	zhi'tong'ban'xing	word	2026-10-04	
真实路况	zhen'shi'lu'kuang	word	2026-10-04	
矿奴	kuang'nu	slang	2026-10-04	
砸脸	za'lian	slang	2026-10-04	
硫腐蚀	liu'fu'shi	term	2026-10-04	
硬垢	ying'gou	term	2026-10-04	
社交场域	she'jiao'chang'yu	term	2026-10-04	
离子残留	li'zi'can'liu	term	2026-10-04	
科德宝	ke'de'bao	name	2026-10-04	
稀宇科技	xi'yu'ke'ji	name	2026-10-04	
空客公司	kong'ke'gong'si	name	2026-10-04	
穿孔网板	chuan'kong'wang'ban	term	2026-10-04	
立即作出	li'ji'zuo'chu	word	2026-10-04	
竞争烈度	jing'zheng'lie'du	term	2026-10-04	
竹篙	zhu'gao	word	2026-10-04	
精密电机	jing'mi'dian'ji	term	2026-10-04	
精确称量	jing'que'cheng'liang	word	2026-10-04	
精简冗余	jing'jian'rong'yu	word	2026-10-04	
紧密相联	jin'mi'xiang'lian	word	2026-10-04	
纯享合集	chun'xiang'he'ji	word	2026-10-04	
胡传魁	hu'chuan'kui	name	2026-10-04	
舞茸	wu'rong	term	2026-10-04	
色谱泵	se'pu'beng	term	2026-10-04	
艾为电子	ai'wei'dian'zi	name	2026-10-04	
英集芯	ying'ji'xin	name	2026-10-04	
茶寮	cha'liao	word	2026-10-04	
葛力姆乔	ge'li'mu'qiao	name	2026-10-04	
蒸炖	zheng'dun	word	2026-10-04	
虻虫	meng'chong	term	2026-10-04	
蜜豆	mi'dou	word	2026-10-04	
语义重构	yu'yi'chong'gou	term	2026-10-04	
质子束	zhi'zi'shu	term	2026-10-04	
贴牌商	tie'pai'shang	word	2026-10-04	
跑狙	pao'ju	slang	2026-10-04	
跨科室	kua'ke'shi	word	2026-10-04	
达摩盘	da'mo'pan	name	2026-10-04	
进液口	jin'ye'kou	term	2026-10-04	
通关时长	tong'guan'shi'chang	word	2026-10-04	
通勤妆	tong'qin'zhuang	word	2026-10-04	
釉烧	you'shao	term	2026-10-04	
钛保温杯	tai'bao'wen'bei	word	2026-10-04	
钻石般	zuan'shi'ban	word	2026-10-04	
铂铑丝	bo'lao'si	term	2026-10-04	
铰接座	jiao'jie'zuo	term	2026-10-04	
锁栓	suo'shuan	term	2026-10-04	
锚固剂	mao'gu'ji	term	2026-10-04	
长得很快	zhang'de'hen'kuai	word	2026-10-04	
闪充线	shan'chong'xian	word	2026-10-04	
间接挪用	jian'jie'nuo'yong	term	2026-10-04	
防录屏	fang'lu'ping	word	2026-10-04	
防护壳	fang'hu'ke	word	2026-10-04	
防蛀牙膏	fang'zhu'ya'gao	word	2026-10-04	
阻燃橡胶	zu'ran'xiang'jiao	term	2026-10-04	
阿基琉斯	a'ji'liu'si	name	2026-10-04	
隐性损失	yin'xing'sun'shi	word	2026-10-04	
隐私泄漏	yin'si'xie'lou	word	2026-10-04	
食用牛	shi'yong'niu	word	2026-10-04	
香农芯创	xiang'nong'xin'chuang	name	2026-10-04	
马蹄链	ma'ti'lian	term	2026-10-04	
高压角阀	gao'ya'jiao'fa	term	2026-10-04	
鱼窝	yu'wo	word	2026-10-04	
龙狙	long'ju	slang	2026-10-04	
下压轮	xia'ya'lun	term	2026-10-04	
专利预审	zhuan'li'yu'shen	term	2026-10-04	
中国仓鼠	zhong'guo'cang'shu	term	2026-10-04	
中国房协	zhong'guo'fang'xie	name	2026-10-04	
中央新影	zhong'yang'xin'ying	name	2026-10-04	
中自科技	zhong'zi'ke'ji	name	2026-10-04	
乎哉	hu'zai	word	2026-10-04	
亚精胺	ya'jing'an	term	2026-10-04	
伦敦金现	lun'dun'jin'xian	term	2026-10-04	
供应瓶颈	gong'ying'ping'jing	word	2026-10-04	
信源权重	xin'yuan'quan'zhong	term	2026-10-04	
储料框	chu'liao'kuang	term	2026-10-04	
冷水箱	leng'shui'xiang	word	2026-10-04	
净吸纳量	jing'xi'na'liang	term	2026-10-04	
净零目标	jing'ling'mu'biao	term	2026-10-04	
刃牙	ren'ya	name	2026-10-04	
分蘖数	fen'nie'shu	term	2026-10-04	
剩余股份	sheng'yu'gu'fen	word	2026-10-04	
医用贴剂	yi'yong'tie'ji	term	2026-10-04	
单次续航	dan'ci'xu'hang	word	2026-10-04	
即时回放	ji'shi'hui'fang	term	2026-10-04	
压褶	ya'zhe	term	2026-10-04	
原厂备件	yuan'chang'bei'jian	word	2026-10-04	
去呗	qu'bei	slang	2026-10-04	
县林草局	xian'lin'cao'ju	word	2026-10-04	
售前阶段	shou'qian'jie'duan	word	2026-10-04	
嘶啦	si'la	word	2026-10-04	
域外汉籍	yu'wai'han'ji	term	2026-10-04	
塘下镇	tang'xia'zhen	name	2026-10-04	
声波时差	sheng'bo'shi'cha	term	2026-10-04	
壹万元	yi'wan'yuan	word	2026-10-04	
多方比价	duo'fang'bi'jia	word	2026-10-04	
大族数控	da'zu'shu'kong	name	2026-10-04	
威派格	wei'pai'ge	name	2026-10-04	
字段命名	zi'duan'ming'ming	term	2026-10-04	
安监站	an'jian'zhan	word	2026-10-04	
实得率	shi'de'lv	term	2026-10-04	
宫本侑芽	gong'ben'you'ya	name	2026-10-04	
小小蚁国	xiao'xiao'yi'guo	name	2026-10-04	
小心烫	xiao'xin'tang	word	2026-10-04	
岩缝	yan'feng	word	2026-10-04	
川普币	chuan'pu'bi	name	2026-10-04	
干湿一体	gan'shi'yi'ti	word	2026-10-04	
幽燕	you'yan	name	2026-10-04	
废气检测	fei'qi'jian'ce	word	2026-10-04	
异形曲面	yi'xing'qu'mian	term	2026-10-04	
弹性带宽	tan'xing'dai'kuan	term	2026-10-04	
微渗漏	wei'shen'lou	term	2026-10-04	
德丽莎	de'li'sha	name	2026-10-04	
成蟜	cheng'jiao	name	2026-10-04	
抑瘤	yi'liu	term	2026-10-04	
护牙龈	hu'ya'yin	word	2026-10-04	
拔叉	ba'cha	term	2026-10-04	
振打装置	zhen'da'zhuang'zhi	term	2026-10-04	
换乘节点	huan'cheng'jie'dian	term	2026-10-04	
换着来	huan'zhe'lai	word	2026-10-04	
授权日期	shou'quan'ri'qi	word	2026-10-04	
撩起来	liao'qi'lai	word	2026-10-04	
攻关工程	gong'guan'gong'cheng	term	2026-10-04	
放线机	fang'xian'ji	term	2026-10-04	
文旅夜游	wen'lv'ye'you	word	2026-10-04	
新界东	xin'jie'dong	name	2026-10-04	
无杆腔	wu'gan'qiang	term	2026-10-04	
普惠可及	pu'hui'ke'ji	word	2026-10-04	
晶硅组件	jing'gui'zu'jian	term	2026-10-04	
木质托盘	mu'zhi'tuo'pan	word	2026-10-04	
林若甫	lin'ruo'fu	name	2026-10-04	
枣酒	zao'jiu	word	2026-10-04	
欧冠之夜	ou'guan'zhi'ye	word	2026-10-04	
步距角	bu'ju'jiao	term	2026-10-04	
民银证券	min'yin'zheng'quan	name	2026-10-04	
气瓶压力	qi'ping'ya'li	term	2026-10-04	
泄漏预警	xie'lou'yu'jing	term	2026-10-04	
浅槽	qian'cao	term	2026-10-04	
海信小墨	hai'xin'xiao'mo	name	2026-10-04	
灰罐	hui'guan	word	2026-10-04	
炎症通路	yan'zheng'tong'lu	term	2026-10-04	
热电分离	re'dian'fen'li	term	2026-10-04	
热门新片	re'men'xin'pian	word	2026-10-04	
焊缝区域	han'feng'qu'yu	term	2026-10-04	
焕新需求	huan'xin'xu'qiu	term	2026-10-04	
物理截留	wu'li'jie'liu	term	2026-10-04	
特定用例	te'ding'yong'li	term	2026-10-04	
狂扇	kuang'shan	word	2026-10-04	
猫抓柱	mao'zhua'zhu	word	2026-10-04	
玛格达	ma'ge'da	name	2026-10-04	
瓦缸	wa'gang	word	2026-10-04	
电压尖峰	dian'ya'jian'feng	term	2026-10-04	
百格测试	bai'ge'ce'shi	term	2026-10-04	
皓衣行	hao'yi'xing	name	2026-10-04	
盯牢	ding'lao	word	2026-10-04	
真炁	zhen'qi	term	2026-10-04	
硅巷	gui'xiang	term	2026-10-04	
礼品纸	li'pin'zhi	word	2026-10-04	
离型力	li'xing'li	term	2026-10-04	
空置期	kong'zhi'qi	word	2026-10-04	
窗前明月	chuang'qian'ming'yue	word	2026-10-04	
竞风流	jing'feng'liu	word	2026-10-04	
粘壁现象	nian'bi'xian'xiang	term	2026-10-04	
素笺	su'jian	word	2026-10-04	
紫霞功	zi'xia'gong	name	2026-10-04	
结石分析	jie'shi'fen'xi	term	2026-10-04	
绕组温升	rao'zu'wen'sheng	term	2026-10-04	
统信软件	tong'xin'ruan'jian	name	2026-10-04	
绳缆	sheng'lan	word	2026-10-04	
网前截击	wang'qian'jie'ji	term	2026-10-04	
罗博特科	luo'bo'te'ke	name	2026-10-04	
肌电信号	ji'dian'xin'hao	term	2026-10-04	
苯并三唑	ben'bing'san'zuo	term	2026-10-04	
莫辞	mo'ci	word	2026-10-04	
萨迪奥	sa'di'ao	name	2026-10-04	
薄底鞋	bao'di'xie	word	2026-10-04	
观天象	guan'tian'xiang	word	2026-10-04	
解密失败	jie'mi'shi'bai	word	2026-10-04	
误杀率	wu'sha'lv	term	2026-10-04	
调整阈值	tiao'zheng'yu'zhi	word	2026-10-04	
超细粉磨	chao'xi'fen'mo	term	2026-10-04	
踢出来	ti'chu'lai	word	2026-10-04	
辣卤	la'lu	word	2026-10-04	
邦普循环	bang'pu'xun'huan	name	2026-10-04	
重弩	zhong'nu	word	2026-10-04	
镂雕	lou'diao	word	2026-10-04	
防渗渠	fang'shen'qu	term	2026-10-04	
防草布	fang'cao'bu	word	2026-10-04	
陈一新	chen'yi'xin	name	2026-10-04	
限价交易	xian'jia'jiao'yi	term	2026-10-04	
陶寺	tao'si	name	2026-10-04	
隔离围栏	ge'li'wei'lan	word	2026-10-04	
集运欧线	ji'yun'ou'xian	term	2026-10-04	
零延误	ling'yan'wu	word	2026-10-04	
非遗舞蹈	fei'yi'wu'dao	word	2026-10-04	
韦国清	wei'guo'qing	name	2026-10-04	
马拉尼昂	ma'la'ni'ang	name	2026-10-04	
骚臭	sao'chou	word	2026-10-04	
高氯酸盐	gao'lv'suan'yan	term	2026-10-04	
魏如萱	wei'ru'xuan	name	2026-10-04	
鲜藕	xian'ou	word	2026-10-04	
齐喊	qi'han	word	2026-10-04	
一下呗	yi'xia'bei	slang	2026-10-04	
一支箭	yi'zhi'jian	word	2026-10-04	
三本账	san'ben'zhang	word	2026-10-04	
三焦经	san'jiao'jing	term	2026-10-04	
上声电子	shang'sheng'dian'zi	name	2026-10-04	
上皮屏障	shang'pi'ping'zhang	term	2026-10-04	
中财大	zhong'cai'da	name	2026-10-04	
书面质疑	shu'mian'zhi'yi	term	2026-10-04	
互动时长	hu'dong'shi'chang	word	2026-10-04	
井字梁	jing'zi'liang	term	2026-10-04	
亦谓	yi'wei	word	2026-10-04	
仇保兴	chou'bao'xing	name	2026-10-04	
仔蝎	zai'xie	term	2026-10-04	
仙狐	xian'hu	word	2026-10-04	
仿古石	fang'gu'shi	word	2026-10-04	
低轨星座	di'gui'xing'zuo	term	2026-10-04	
余华英	yu'hua'ying	name	2026-10-04	
侍坐	shi'zuo	word	2026-10-04	
侧凹	ce'ao	term	2026-10-04	
修整器	xiu'zheng'qi	term	2026-10-04	
倚楼	yi'lou	word	2026-10-04	
假奶粉	jia'nai'fen	word	2026-10-04	
储能集成	chu'neng'ji'cheng	term	2026-10-04	
光伏组串	guang'fu'zu'chuan	term	2026-10-04	
党史课	dang'shi'ke	word	2026-10-04	
八幡平	ba'fan'ping	name	2026-10-04	
内容中台	nei'rong'zhong'tai	term	2026-10-04	
军雌	jun'ci	slang	2026-10-04	
冰糖烤梨	bing'tang'kao'li	word	2026-10-04	
冷媒泄漏	leng'mei'xie'lou	word	2026-10-04	
功能控件	gong'neng'kong'jian	term	2026-10-04	
单集时长	dan'ji'shi'chang	word	2026-10-04	
叠片式	die'pian'shi	term	2026-10-04	
古篆	gu'zhuan	word	2026-10-04	
吉安卡罗	ji'an'ka'luo	name	2026-10-04	
吉罗纳	ji'luo'na	name	2026-10-04	
吸排气	xi'pai'qi	term	2026-10-04	
吸顶屏	xi'ding'ping	term	2026-10-04	
命令示例	ming'ling'shi'li	word	2026-10-04	
四柱式	si'zhu'shi	term	2026-10-04	
回呛	hui'qiang	word	2026-10-04	
团辅活动	tuan'fu'huo'dong	term	2026-10-04	
坐标偏移	zuo'biao'pian'yi	term	2026-10-04	
型材截面	xing'cai'jie'mian	term	2026-10-04	
宅猪	zhai'zhu	slang	2026-10-04	
官方直连	guan'fang'zhi'lian	word	2026-10-04	
宠物洗护	chong'wu'xi'hu	word	2026-10-04	
密态计算	mi'tai'ji'suan	term	2026-10-04	
导电海绵	dao'dian'hai'mian	term	2026-10-04	
小室圭	xiao'shi'gui	name	2026-10-04	
小岳岳	xiao'yue'yue	name	2026-10-04	
岩矿石	yan'kuang'shi	term	2026-10-04	
崖柏根	ya'bo'gen	word	2026-10-04	
工业之母	gong'ye'zhi'mu	word	2026-10-04	
巴贝奇	ba'bei'qi	name	2026-10-04	
布里奇曼	bu'li'qi'man	name	2026-10-04	
帧每秒	zhen'mei'miao	term	2026-10-04	
开普云	kai'pu'yun	name	2026-10-04	
彗差	hui'cha	term	2026-10-04	
微孔分析	wei'kong'fen'xi	term	2026-10-04	
恒流稳压	heng'liu'wen'ya	term	2026-10-04	
情景体验	qing'jing'ti'yan	word	2026-10-04	
惯导系统	guan'dao'xi'tong	term	2026-10-04	
成株期	cheng'zhu'qi	term	2026-10-04	
成都华微	cheng'du'hua'wei	name	2026-10-04	
振弦式	zhen'xian'shi	term	2026-10-04	
推力头	tui'li'tou	term	2026-10-04	
提现通道	ti'xian'tong'dao	word	2026-10-04	
插件依赖	cha'jian'yi'lai	term	2026-10-04	
援疆教师	yuan'jiang'jiao'shi	word	2026-10-04	
支承点	zhi'cheng'dian	term	2026-10-04	
攻防切换	gong'fang'qie'huan	word	2026-10-04	
断屑槽	duan'xie'cao	term	2026-10-04	
断电断网	duan'dian'duan'wang	word	2026-10-04	
旗舰同款	qi'jian'tong'kuan	word	2026-10-04	
旺季备货	wang'ji'bei'huo	word	2026-10-04	
普世性	pu'shi'xing	word	2026-10-04	
智能分仓	zhi'neng'fen'cang	term	2026-10-04	
智造转型	zhi'zao'zhuan'xing	word	2026-10-04	
木楞	mu'leng	term	2026-10-04	
李谷一	li'gu'yi	name	2026-10-04	
母蟹	mu'xie	word	2026-10-04	
毛藻	mao'zao	term	2026-10-04	
水位指示	shui'wei'zhi'shi	term	2026-10-04	
水滴型	shui'di'xing	word	2026-10-04	
水立管	shui'li'guan	term	2026-10-04	
泄爆屋顶	xie'bao'wu'ding	term	2026-10-04	
混合罐	hun'he'guan	term	2026-10-04	
溪岸	xi'an	word	2026-10-04	
滑板底盘	hua'ban'di'pan	term	2026-10-04	
滚柱轴承	gun'zhu'zhou'cheng	term	2026-10-04	
漂移补偿	piao'yi'bu'chang	term	2026-10-04	
漫天繁星	man'tian'fan'xing	word	2026-10-04	
澹台烬	tan'tai'jin	name	2026-10-04	
激光点云	ji'guang'dian'yun	term	2026-10-04	
火力十足	huo'li'shi'zu	word	2026-10-04	
火火火	huo'huo'huo	slang	2026-10-04	
烂叶	lan'ye	word	2026-10-04	
烧痕	shao'hen	word	2026-10-04	
煮浆	zhu'jiang	term	2026-10-04	
物理阻隔	wu'li'zu'ge	term	2026-10-04	
猫跳台	mao'tiao'tai	word	2026-10-04	
王适娴	wang'shi'xian	name	2026-10-04	
玛丽安娜	ma'li'an'na	name	2026-10-04	
现场考查	xian'chang'kao'cha	word	2026-10-04	
现金回赠	xian'jin'hui'zeng	word	2026-10-04	
玻璃白板	bo'li'bai'ban	word	2026-10-04	
电机刹车	dian'ji'sha'che	term	2026-10-04	
电机齿轮	dian'ji'chi'lun	term	2026-10-04	
电解质膜	dian'jie'zhi'mo	term	2026-10-04	
痒起来	yang'qi'lai	word	2026-10-04	
白牌厂家	bai'pai'chang'jia	word	2026-10-04	
省呗	sheng'bei	name	2026-10-04	
督查整改	du'cha'zheng'gai	word	2026-10-04	
矿镐	kuang'hao	word	2026-10-04	
硅中介层	gui'zhong'jie'ceng	term	2026-10-04	
硅胶基质	gui'jiao'ji'zhi	term	2026-10-04	
祛黑	qu'hei	word	2026-10-04	
离心腔	li'xin'qiang	term	2026-10-04	
窄带隙	zhai'dai'xi	term	2026-10-04	
第十四季	di'shi'si'ji	word	2026-10-04	
管式膜	guan'shi'mo	term	2026-10-04	
管材切割	guan'cai'qie'ge	term	2026-10-04	
纸业公司	zhi'ye'gong'si	word	2026-10-04	
细糠	xi'kang	word	2026-10-04	
经营网点	jing'ying'wang'dian	word	2026-10-04	
绮良良	qi'liang'liang	name	2026-10-04	
网上预定	wang'shang'yu'ding	word	2026-10-04	
网关实例	wang'guan'shi'li	term	2026-10-04	
羊火锅	yang'huo'guo	word	2026-10-04	
翅尖	chi'jian	word	2026-10-04	
职务名称	zhi'wu'ming'cheng	word	2026-10-04	
胖橘	pang'ju	slang	2026-10-04	
胶水代码	jiao'shui'dai'ma	term	2026-10-04	
膝痛	xi'tong	word	2026-10-04	
芙丝	fu'si	name	2026-10-04	
花粉季	hua'fen'ji	word	2026-10-04	
莱娅	lai'ya	name	2026-10-04	
蒋玉菡	jiang'yu'han	name	2026-10-04	
蓝宝石膜	lan'bao'shi'mo	word	2026-10-04	
蛋白印迹	dan'bai'yin'ji	term	2026-10-04	
螺丝锁付	luo'si'suo'fu	term	2026-10-04	
螺旋缝	luo'xuan'feng	term	2026-10-04	
表面锈蚀	biao'mian'xiu'shi	word	2026-10-04	
西奥电梯	xi'ao'dian'ti	name	2026-10-04	
计量秤	ji'liang'cheng	term	2026-10-04	
账面亏损	zhang'mian'kui'sun	term	2026-10-04	
贺娇龙	he'jiao'long	name	2026-10-04	
资源争用	zi'yuan'zheng'yong	term	2026-10-04	
起始端	qi'shi'duan	word	2026-10-04	
转场预设	zhuan'chang'yu'she	term	2026-10-04	
轻享版	qing'xiang'ban	word	2026-10-04	
运维脚本	yun'wei'jiao'ben	term	2026-10-04	
远程实习	yuan'cheng'shi'xi	word	2026-10-04	
逆相序	ni'xiang'xu	term	2026-10-04	
遮阳设施	zhe'yang'she'shi	word	2026-10-04	
酶底物	mei'di'wu	term	2026-10-04	
金标认证	jin'biao'ren'zheng	word	2026-10-04	
铅锭	qian'ding	term	2026-10-04	
锦纶面料	jin'lun'mian'liao	word	2026-10-04	
闪蒸烘干	shan'zheng'hong'gan	term	2026-10-04	
问效于民	wen'xiao'yu'min	word	2026-10-04	
闸墩	zha'dun	term	2026-10-04	
阀前压力	fa'qian'ya'li	term	2026-10-04	
陈宥维	chen'you'wei	name	2026-10-04	
隐形支出	yin'xing'zhi'chu	word	2026-10-04	
静电损伤	jing'dian'sun'shang	term	2026-10-04	
靳尚谊	jin'shang'yi	name	2026-10-04	
韩素熙	han'su'xi	name	2026-10-04	
顶装式	ding'zhuang'shi	term	2026-10-04	
预变性	yu'bian'xing	term	2026-10-04	
马尼拉湾	ma'ni'la'wan	name	2026-10-04	
鲜活易腐	xian'huo'yi'fu	word	2026-10-04	
鸣虫	ming'chong	word	2026-10-04	
丁元英	ding'yuan'ying	name	2026-10-04	
下进上出	xia'jin'shang'chu	term	2026-10-04	
专享服务	zhuan'xiang'fu'wu	word	2026-10-04	
专利菌株	zhuan'li'jun'zhu	term	2026-10-04	
事件标记	shi'jian'biao'ji	term	2026-10-04	
云堇	yun'jin	name	2026-10-04	
代表提案	dai'biao'ti'an	word	2026-10-04	
任务视图	ren'wu'shi'tu	term	2026-10-04	
低内毒素	di'nei'du'su	term	2026-10-04	
依次检查	yi'ci'jian'cha	word	2026-10-04	
保湿作用	bao'shi'zuo'yong	word	2026-10-04	
偶次谐波	ou'ci'xie'bo	term	2026-10-04	
光圈片	guang'quan'pian	term	2026-10-04	
全盘账务	quan'pan'zhang'wu	term	2026-10-04	
关键靶点	guan'jian'ba'dian	term	2026-10-04	
内机挂板	nei'ji'gua'ban	term	2026-10-04	
冷切飞锯	leng'qie'fei'ju	term	2026-10-04	
切角机	qie'jiao'ji	term	2026-10-04	
刮墨	gua'mo	term	2026-10-04	
制氮系统	zhi'dan'xi'tong	term	2026-10-04	
刻章费	ke'zhang'fei	word	2026-10-04	
动力辊筒	dong'li'gun'tong	term	2026-10-04	
区域调压	qu'yu'tiao'ya	term	2026-10-04	
单药组	dan'yao'zu	term	2026-10-04	
卡思数据	ka'si'shu'ju	name	2026-10-04	
卡纳达语	ka'na'da'yu	name	2026-10-04	
卤锅	lu'guo	word	2026-10-04	
卫生奶泵	wei'sheng'nai'beng	term	2026-10-04	
印字轮	yin'zi'lun	term	2026-10-04	
厚绒	hou'rong	word	2026-10-04	
反馈表单	fan'kui'biao'dan	word	2026-10-04	
变频多联	bian'pin'duo'lian	term	2026-10-04	
古雷石化	gu'lei'shi'hua	name	2026-10-04	
史依弘	shi'yi'hong	name	2026-10-04	
后支腿	hou'zhi'tui	term	2026-10-04	
命贱	ming'jian	word	2026-10-04	
唯怡	wei'yi	name	2026-10-04	
商机阶段	shang'ji'jie'duan	term	2026-10-04	
嗜赌	shi'du	word	2026-10-04	
噗嗤一笑	pu'chi'yi'xiao	word	2026-10-04	
回油路	hui'you'lu	term	2026-10-04	
圆瞪	yuan'deng	word	2026-10-04	
填充绳	tian'chong'sheng	term	2026-10-04	
夏橙	xia'cheng	word	2026-10-04	
天气后报	tian'qi'hou'bao	term	2026-10-04	
孙骁骁	sun'xiao'xiao	name	2026-10-04	
宁波阪急	ning'bo'ban'ji	name	2026-10-04	
安责险	an'ze'xian	term	2026-10-04	
完读率	wan'du'lv	term	2026-10-04	
实验挂箱	shi'yan'gua'xiang	term	2026-10-04	
宠物电商	chong'wu'dian'shang	word	2026-10-04	
容污能力	rong'wu'neng'li	term	2026-10-04	
导出表格	dao'chu'biao'ge	word	2026-10-04	
履职清单	lv'zhi'qing'dan	word	2026-10-04	
岩巷	yan'xiang	term	2026-10-04	
带外管理	dai'wai'guan'li	term	2026-10-04	
库位管理	ku'wei'guan'li	term	2026-10-04	
开学仪式	kai'xue'yi'shi	word	2026-10-04	
怕辣	pa'la	word	2026-10-04	
恒流模式	heng'liu'mo'shi	term	2026-10-04	
惊鲵	jing'ni	name	2026-10-04	
意图词	yi'tu'ci	term	2026-10-04	
成冬青	cheng'dong'qing	name	2026-10-04	
抗乳化	kang'ru'hua	term	2026-10-04	
抽沙机	chou'sha'ji	term	2026-10-04	
拟合数据	ni'he'shu'ju	term	2026-10-04	
数据去重	shu'ju'qu'chong	term	2026-10-04	
斩仙台	zhan'xian'tai	name	2026-10-04	
新帝豪	xin'di'hao	name	2026-10-04	
方向滑阀	fang'xiang'hua'fa	term	2026-10-04	
旅居客	lv'ju'ke	word	2026-10-04	
明坂聪美	ming'ban'cong'mei	name	2026-10-04	
本级财力	ben'ji'cai'li	term	2026-10-04	
机智灵活	ji'zhi'ling'huo	word	2026-10-04	
杏眸	xing'mou	word	2026-10-04	
校企共育	xiao'qi'gong'yu	word	2026-10-04	
检测阈值	jian'ce'yu'zhi	term	2026-10-04	
检重设备	jian'zhong'she'bei	term	2026-10-04	
楼底商	lou'di'shang	word	2026-10-04	
气动打磨	qi'dong'da'mo	term	2026-10-04	
气动法兰	qi'dong'fa'lan	term	2026-10-04	
氧化锆珠	yang'hua'gao'zhu	term	2026-10-04	
水泥毯	shui'ni'tan	term	2026-10-04	
沉井封底	chen'jing'feng'di	term	2026-10-04	
涌水量	yong'shui'liang	term	2026-10-04	
混音带	hun'yin'dai	word	2026-10-04	
热泵洗烘	re'beng'xi'hong	term	2026-10-04	
热浸塑	re'jin'su	term	2026-10-04	
烯丙孕素	xi'bing'yun'su	term	2026-10-04	
焚诀	fen'jue	name	2026-10-04	
照护计划	zhao'hu'ji'hua	word	2026-10-04	
熏艾	xun'ai	word	2026-10-04	
燃烧筒	ran'shao'tong	term	2026-10-04	
物理扇区	wu'li'shan'qu	term	2026-10-04	
珑骧	long'xiang	name	2026-10-04	
琅琅书声	lang'lang'shu'sheng	word	2026-10-04	
电子哨兵	dian'zi'shao'bing	word	2026-10-04	
电子晶振	dian'zi'jing'zhen	term	2026-10-04	
画线工具	hua'xian'gong'ju	word	2026-10-04	
疏水涂层	shu'shui'tu'ceng	term	2026-10-04	
百米栏	bai'mi'lan	term	2026-10-04	
直驱技术	zhi'qu'ji'shu	term	2026-10-04	
相坂优歌	xiang'ban'you'ge	name	2026-10-04	
碘元素	dian'yuan'su	word	2026-10-04	
磕伤	ke'shang	word	2026-10-04	
私有端点	si'you'duan'dian	term	2026-10-04	
窍穴	qiao'xue	term	2026-10-04	
竹蝗	zhu'huang	term	2026-10-04	
等速采样	deng'su'cai'yang	term	2026-10-04	
管注浆	guan'zhu'jiang	term	2026-10-04	
索诺玛	suo'nuo'ma	name	2026-10-04	
绿氢产业	lv'qing'chan'ye	word	2026-10-04	
网红街区	wang'hong'jie'qu	word	2026-10-04	
脚弓推射	jiao'gong'tui'she	term	2026-10-04	
舒梅切尔	shu'mei'qie'er	name	2026-10-04	
苇叶	wei'ye	word	2026-10-04	
薄抹灰	bo'mo'hui	term	2026-10-04	
虎皮椒	hu'pi'jiao	word	2026-10-04	
蚀斑	shi'ban	term	2026-10-04	
行车吊	hang'che'diao	term	2026-10-04	
警银联动	jing'yin'lian'dong	word	2026-10-04	
计量阀	ji'liang'fa	term	2026-10-04	
语义连贯	yu'yi'lian'guan	term	2026-10-04	
贺麟	he'lin	name	2026-10-04	
贾科梅蒂	jia'ke'mei'di	name	2026-10-04	
赴华签证	fu'hua'qian'zheng	word	2026-10-04	
超塑成形	chao'su'cheng'xing	term	2026-10-04	
超警洪水	chao'jing'hong'shui	term	2026-10-04	
趴睡	pa'shui	word	2026-10-04	
转关过境	zhuan'guan'guo'jing	term	2026-10-04	
轴总成	zhou'zong'cheng	term	2026-10-04	
遭小人	zao'xiao'ren	word	2026-10-04	
重新拉取	chong'xin'la'qu	word	2026-10-04	
金属栅	jin'shu'zha	term	2026-10-04	
铁斧	tie'fu	word	2026-10-04	
阎解成	yan'jie'cheng	name	2026-10-04	
阿格莱雅	a'ge'lai'ya	name	2026-10-04	
雇主工签	gu'zhu'gong'qian	word	2026-10-04	
青春挺膺	qing'chun'ting'ying	word	2026-10-04	
顺品郎	shun'pin'lang	name	2026-10-04	
颌位重建	he'wei'chong'jian	term	2026-10-04	
魄罗	po'luo	name	2026-10-04	
三乙胺	san'yi'an	term	2026-10-04	
丙氧基	bing'yang'ji	term	2026-10-04	
价值对齐	jia'zhi'dui'qi	term	2026-10-04	
佐菲	zuo'fei	name	2026-10-04	
体形系数	ti'xing'xi'shu	term	2026-10-04	
何卫东	he'wei'dong	name	2026-10-04	
作出让步	zuo'chu'rang'bu	word	2026-10-04	
倾角计	qing'jiao'ji	term	2026-10-04	
凋亡率	diao'wang'lv	term	2026-10-04	
减负松绑	jian'fu'song'bang	word	2026-10-04	
凡躯	fan'qu	word	2026-10-04	
出水堰	chu'shui'yan	term	2026-10-04	
动力刀座	dong'li'dao'zuo	term	2026-10-04	
升降气缸	sheng'jiang'qi'gang	term	2026-10-04	
压接端子	ya'jie'duan'zi	term	2026-10-04	
县乡级	xian'xiang'ji	word	2026-10-04	
发奋学习	fa'fen'xue'xi	word	2026-10-04	
吉博力	ji'bo'li	name	2026-10-04	
吉奥瓦尼	ji'ao'wa'ni	name	2026-10-04	
呼斯楞	hu'si'leng	name	2026-10-04	
哑膜	ya'mo	term	2026-10-04	
唉唷	ai'yo	word	2026-10-04	
嗑糖	ke'tang	slang	2026-10-04	
圆柱摆闸	yuan'zhu'bai'zha	term	2026-10-04	
夺帅	duo'shuai	word	2026-10-04	
尼斯塔	ni'si'ta	name	2026-10-04	
巴赫金	ba'he'jin	name	2026-10-04	
延链强链	yan'lian'qiang'lian	word	2026-10-04	
异质集成	yi'zhi'ji'cheng	term	2026-10-04	
彼得兔	bi'de'tu	name	2026-10-04	
徐汇西岸	xu'hui'xi'an	name	2026-10-04	
德国籍	de'guo'ji	word	2026-10-04	
拉勾招聘	la'gou'zhao'pin	name	2026-10-04	
挡土砖	dang'tu'zhuan	term	2026-10-04	
捏捏乐	nie'nie'le	word	2026-10-04	
掀帘	xian'lian	word	2026-10-04	
揉肩	rou'jian	word	2026-10-04	
教高函	jiao'gao'han	term	2026-10-04	
日间照顾	ri'jian'zhao'gu	word	2026-10-04	
暖棕	nuan'zong	word	2026-10-04	
暴鲤龙	bao'li'long	name	2026-10-04	
曹缘	cao'yuan	name	2026-10-04	
杂牌子	za'pai'zi	word	2026-10-04	
枝芽	zhi'ya	word	2026-10-04	
柔光砖	rou'guang'zhuan	term	2026-10-04	
根除率	gen'chu'lv	term	2026-10-04	
梁孝王	liang'xiao'wang	name	2026-10-04	
棉花堡	mian'hua'bao	name	2026-10-04	
氮掺杂碳	dan'chan'za'tan	term	2026-10-04	
氯苯胺	lv'ben'an	term	2026-10-04	
水富市	shui'fu'shi	name	2026-10-04	
水洗石	shui'xi'shi	term	2026-10-04	
沙糖桔	sha'tang'ju	word	2026-10-04	
泡沫夹芯	pao'mo'jia'xin	term	2026-10-04	
涉渔	she'yu	term	2026-10-04	
淀粉肠	dian'fen'chang	word	2026-10-04	
湿热循环	shi're'xun'huan	term	2026-10-04	
灯检机	deng'jian'ji	term	2026-10-04	
焊把线	han'ba'xian	term	2026-10-04	
猫薄荷球	mao'bo'he'qiu	word	2026-10-04	
甩脂	shuai'zhi	slang	2026-10-04	
监利市	jian'li'shi	name	2026-10-04	
直热式	zhi're'shi	term	2026-10-04	
相位板	xiang'wei'ban	term	2026-10-04	
真空压铸	zhen'kong'ya'zhu	term	2026-10-04	
硕转博	shuo'zhuan'bo	word	2026-10-04	
礁湖	jiao'hu	word	2026-10-04	
管缝锚杆	guan'feng'mao'gan	term	2026-10-04	
索氏抽提	suo'shi'chou'ti	term	2026-10-04	
纯恨	chun'hen	slang	2026-10-04	
绒毛毯	rong'mao'tan	word	2026-10-04	
罪轻辩护	zui'qing'bian'hu	term	2026-10-04	
聊天补全	liao'tian'bu'quan	term	2026-10-04	
肌肉直男	ji'rou'zhi'nan	slang	2026-10-04	
茅威涛	mao'wei'tao	name	2026-10-04	
萘酚	nai'fen	term	2026-10-04	
蒸发瓶	zheng'fa'ping	term	2026-10-04	
螭龙	chi'long	term	2026-10-04	
螺纹丝套	luo'wen'si'tao	term	2026-10-04	
记室参军	ji'shi'can'jun	term	2026-10-04	
讲不通	jiang'bu'tong	word	2026-10-04	
词元数	ci'yuan'shu	term	2026-10-04	
负压吸附	fu'ya'xi'fu	term	2026-10-04	
赫拉利	he'la'li	name	2026-10-04	
跑一跑	pao'yi'pao	word	2026-10-04	
远红光	yuan'hong'guang	term	2026-10-04	
避瘟	bi'wen	word	2026-10-04	
醋缸	cu'gang	word	2026-10-04	
重入攻击	chong'ru'gong'ji	term	2026-10-04	
钜献	ju'xian	word	2026-10-04	
铸丰碑	zhu'feng'bei	word	2026-10-04	
铸忠魂	zhu'zhong'hun	word	2026-10-04	
链上借贷	lian'shang'jie'dai	term	2026-10-04	
锁仓期	suo'cang'qi	term	2026-10-04	
锚钉	mao'ding	term	2026-10-04	
锥阀	zhui'fa	term	2026-10-04	
键鼠映射	jian'shu'ying'she	term	2026-10-04	
锰铜	meng'tong	term	2026-10-04	
长江海事	chang'jiang'hai'shi	name	2026-10-04	
阀芯结构	fa'xin'jie'gou	term	2026-10-04	
防截屏	fang'jie'ping	word	2026-10-04	
阿尔梅勒	a'er'mei'le	name	2026-10-04	
陆水湖	lu'shui'hu	name	2026-10-04	
降本方案	jiang'ben'fang'an	word	2026-10-04	
除湿效率	chu'shi'xiao'lv	word	2026-10-04	
隔两个月	ge'liang'ge'yue	word	2026-10-04	
集体提案	ji'ti'ti'an	word	2026-10-04	
集成光子	ji'cheng'guang'zi	term	2026-10-04	
集萃药康	ji'cui'yao'kang	name	2026-10-04	
集运指数	ji'yun'zhi'shu	term	2026-10-04	
雍城	yong'cheng	name	2026-10-04	
雪克来提	xue'ke'lai'ti	name	2026-10-04	
非流式	fei'liu'shi	term	2026-10-04	
非遗传习	fei'yi'chuan'xi	word	2026-10-04	
音尾琢真	yin'wei'zhuo'zhen	name	2026-10-04	
顾辞远	gu'ci'yuan	name	2026-10-04	
预充式	yu'chong'shi	term	2026-10-04	
驱动变革	qu'dong'bian'ge	word	2026-10-04	
驻点监管	zhu'dian'jian'guan	word	2026-10-04	
高端医美	gao'duan'yi'mei	word	2026-10-04	
黄仁伟	huang'ren'wei	name	2026-10-04	
鼠类防治	shu'lei'fang'zhi	word	2026-10-04	
鼻畸形	bi'ji'xing	term	2026-10-04	
一经发觉	yi'jing'fa'jue	word	2026-10-04	
上链存证	shang'lian'cun'zheng	term	2026-10-04	
东方钽业	dong'fang'tan'ye	name	2026-10-04	
中铁科工	zhong'tie'ke'gong	name	2026-10-04	
丰山集团	feng'shan'ji'tuan	name	2026-10-04	
乙支路	yi'zhi'lu	name	2026-10-04	
五力模型	wu'li'mo'xing	term	2026-10-04	
产品彩页	chan'pin'cai'ye	word	2026-10-04	
代建模式	dai'jian'mo'shi	term	2026-10-04	
伟世通	wei'shi'tong	name	2026-10-04	
传导加热	chuan'dao'jia're	term	2026-10-04	
伯胺	bo'an	term	2026-10-04	
佐渡	zuo'du	name	2026-10-04	
体积栅格	ti'ji'shan'ge	term	2026-10-04	
保安员证	bao'an'yuan'zheng	word	2026-10-04	
傣味	dai'wei	word	2026-10-04	
储罐液位	chu'guan'ye'wei	term	2026-10-04	
光源组件	guang'yuan'zu'jian	term	2026-10-04	
全鱼宴	quan'yu'yan	word	2026-10-04	
共启新篇	gong'qi'xin'pian	word	2026-10-04	
关海山	guan'hai'shan	name	2026-10-04	
冀少版	ji'shao'ban	name	2026-10-04	
农渔产品	nong'yu'chan'pin	word	2026-10-04	
减负提质	jian'fu'ti'zhi	word	2026-10-04	
出料细度	chu'liao'xi'du	term	2026-10-04	
切实守牢	qie'shi'shou'lao	word	2026-10-04	
制备条件	zhi'bei'tiao'jian	term	2026-10-04	
制度宣贯	zhi'du'xuan'guan	word	2026-10-04	
剑脊	jian'ji	term	2026-10-04	
加固筋	jia'gu'jin	term	2026-10-04	
劣势学科	lie'shi'xue'ke	word	2026-10-04	
劫灰	jie'hui	word	2026-10-04	
包装热封	bao'zhuang're'feng	term	2026-10-04	
十大券商	shi'da'quan'shang	word	2026-10-04	
半结晶	ban'jie'jing	term	2026-10-04	
华润酒业	hua'run'jiu'ye	name	2026-10-04	
单页模式	dan'ye'mo'shi	term	2026-10-04	
卡阻现象	ka'zu'xian'xiang	term	2026-10-04	
发射峰	fa'she'feng	term	2026-10-04	
发泡片材	fa'pao'pian'cai	term	2026-10-04	
只读副本	zhi'du'fu'ben	term	2026-10-04	
台州府城	tai'zhou'fu'cheng	name	2026-10-04	
叶浅予	ye'qian'yu	name	2026-10-04	
同传服务	tong'chuan'fu'wu	word	2026-10-04	
同塔省	tong'ta'sheng	name	2026-10-04	
同级监督	tong'ji'jian'du	term	2026-10-04	
吼出来	hou'chu'lai	word	2026-10-04	
周转桶	zhou'zhuan'tong	term	2026-10-04	
哈妮克孜	ha'ni'ke'zi	name	2026-10-04	
喷油螺杆	pen'you'luo'gan	term	2026-10-04	
国控站	guo'kong'zhan	term	2026-10-04	
坪山街道	ping'shan'jie'dao	name	2026-10-04	
基尔代尔	ji'er'dai'er	name	2026-10-04	
基本蜗杆	ji'ben'wo'gan	term	2026-10-04	
多明戈斯	duo'ming'ge'si	name	2026-10-04	
天龙三号	tian'long'san'hao	name	2026-10-04	
夹治具	jia'zhi'ju	term	2026-10-04	
娜维娅	na'wei'ya	name	2026-10-04	
字幕文本	zi'mu'wen'ben	word	2026-10-04	
存案登记	cun'an'deng'ji	word	2026-10-04	
宕机风险	dang'ji'feng'xian	word	2026-10-04	
宗字头	zong'zi'tou	word	2026-10-04	
定价锚	ding'jia'mao	term	2026-10-04	
实时对账	shi'shi'dui'zhang	word	2026-10-04	
客户送样	ke'hu'song'yang	word	2026-10-04	
宽压供电	kuan'ya'gong'dian	term	2026-10-04	
寄件方	ji'jian'fang	word	2026-10-04	
寄回来	ji'hui'lai	word	2026-10-04	
导热胶泥	dao're'jiao'ni	term	2026-10-04	
封孔剂	feng'kong'ji	term	2026-10-04	
居丧守制	ju'sang'shou'zhi	word	2026-10-04	
履职答卷	lv'zhi'da'juan	word	2026-10-04	
岛村侑	dao'cun'you	name	2026-10-04	
崇廉尚洁	chong'lian'shang'jie	word	2026-10-04	
工业兴国	gong'ye'xing'guo	word	2026-10-04	
工件夹持	gong'jian'jia'chi	term	2026-10-04	
巨鲨	ju'sha	word	2026-10-04	
已佚	yi'yi	word	2026-10-04	
帕赛市	pa'sai'shi	name	2026-10-04	
带宽共享	dai'kuan'gong'xiang	term	2026-10-04	
席夫碱	xi'fu'jian	term	2026-10-04	
年年有鱼	nian'nian'you'yu	word	2026-10-04	
广东建工	guang'dong'jian'gong	name	2026-10-04	
开始正视	kai'shi'zheng'shi	word	2026-10-04	
张量并行	zhang'liang'bing'xing	term	2026-10-04	
彩云小译	cai'yun'xiao'yi	name	2026-10-04	
性能冗余	xing'neng'rong'yu	term	2026-10-04	
意向导师	yi'xiang'dao'shi	word	2026-10-04	
意向父母	yi'xiang'fu'mu	word	2026-10-04	
截面结构	jie'mian'jie'gou	term	2026-10-04	
扁线绕组	bian'xian'rao'zu	term	2026-10-04	
执剑者	zhi'jian'zhe	word	2026-10-04	
扬料板	yang'liao'ban	term	2026-10-04	
扯烂	che'lan	word	2026-10-04	
抵沪	di'hu	word	2026-10-04	
拉僵尸粉	la'jiang'shi'fen	slang	2026-10-04	
拢住	long'zhu	word	2026-10-04	
挂载数据	gua'zai'shu'ju	term	2026-10-04	
挪瓦咖啡	nuo'wa'ka'fei	name	2026-10-04	
排水抢险	pai'shui'qiang'xian	word	2026-10-04	
数据可携	shu'ju'ke'xie	term	2026-10-04	
数据投毒	shu'ju'tou'du	term	2026-10-04	
数据汇交	shu'ju'hui'jiao	term	2026-10-04	
文韵墨香	wen'yun'mo'xiang	word	2026-10-04	
斜探头	xie'tan'tou	term	2026-10-04	
斜楔	xie'xie	term	2026-10-04	
新援首秀	xin'yuan'shou'xiu	word	2026-10-04	
旧房焕新	jiu'fang'huan'xin	word	2026-10-04	
旱碱麦	han'jian'mai	term	2026-10-04	
晚不晚	wan'bu'wan	word	2026-10-04	
智能表计	zhi'neng'biao'ji	term	2026-10-04	
月底对账	yue'di'dui'zhang	word	2026-10-04	
朝戈金	chao'ge'jin	name	2026-10-04	
未实缴	wei'shi'jiao	word	2026-10-04	
朴炯植	piao'jiong'zhi	name	2026-10-04	
柔肝	rou'gan	term	2026-10-04	
校社联动	xiao'she'lian'dong	word	2026-10-04	
格罗西	ge'luo'xi	name	2026-10-04	
检定方法	jian'ding'fang'fa	term	2026-10-04	
正交实验	zheng'jiao'shi'yan	term	2026-10-04	
水乳剂	shui'ru'ji	term	2026-10-04	
水系滤膜	shui'xi'lv'mo	term	2026-10-04	
汀江	ting'jiang	name	2026-10-04	
江铃福顺	jiang'ling'fu'shun	name	2026-10-04	
沪滇协作	hu'dian'xie'zuo	word	2026-10-04	
洗之朗	xi'zhi'lang	name	2026-10-04	
洪晃	hong'huang	name	2026-10-04	
活板门	huo'ban'men	word	2026-10-04	
流道结构	liu'dao'jie'gou	term	2026-10-04	
澳弘电子	ao'hong'dian'zi	name	2026-10-04	
点浇口	dian'jiao'kou	term	2026-10-04	
烟风道	yan'feng'dao	term	2026-10-04	
猪猪字幕	zhu'zhu'zi'mu	name	2026-10-04	
猪胆	zhu'dan	word	2026-10-04	
环氧灌封	huan'yang'guan'feng	term	2026-10-04	
环氧薄涂	huan'yang'bao'tu	term	2026-10-04	
甜不腻	tian'bu'ni	word	2026-10-04	
生态木板	sheng'tai'mu'ban	term	2026-10-04	
用户分群	yong'hu'fen'qun	term	2026-10-04	
码上办	ma'shang'ban	word	2026-10-04	
硬母线	ying'mu'xian	term	2026-10-04	
祛湿药	qu'shi'yao	word	2026-10-04	
离合词	li'he'ci	term	2026-10-04	
离岸架构	li'an'jia'gou	term	2026-10-04	
私域获客	si'yu'huo'ke	term	2026-10-04	
秒出图	miao'chu'tu	word	2026-10-04	
箫鼓	xiao'gu	word	2026-10-04	
粤贸全球	yue'mao'quan'qiu	name	2026-10-04	
糖肽	tang'tai	term	2026-10-04	
细胞黏附	xi'bao'nian'fu	term	2026-10-04	
结核治疗	jie'he'zhi'liao	term	2026-10-04	
绳扣	sheng'kou	word	2026-10-04	
绿毯	lv'tan	word	2026-10-04	
罗福莉	luo'fu'li	name	2026-10-04	
美职联赛	mei'zhi'lian'sai	name	2026-10-04	
翘曲度	qiao'qu'du	term	2026-10-04	
老旧楼宇	lao'jiu'lou'yu	word	2026-10-04	
胡忠雄	hu'zhong'xiong	name	2026-10-04	
脱汞	tuo'gong	term	2026-10-04	
致欧科技	zhi'ou'ke'ji	name	2026-10-04	
舒沃替尼	shu'wo'ti'ni	term	2026-10-04	
芯片大厂	xin'pian'da'chang	word	2026-10-04	
芳疗师	fang'liao'shi	word	2026-10-04	
茶花苗	cha'hua'miao	word	2026-10-04	
萝卜刀	luo'bo'dao	slang	2026-10-04	
血液瘤	xue'ye'liu	term	2026-10-04	
西延线	xi'yan'xian	name	2026-10-04	
谢怜	xie'lian	name	2026-10-04	
谢盈萱	xie'ying'xuan	name	2026-10-04	
贤婿	xian'xu	word	2026-10-04	
费多罗夫	fei'duo'luo'fu	name	2026-10-04	
费控管理	fei'kong'guan'li	term	2026-10-04	
转子振动	zhuan'zi'zhen'dong	term	2026-10-04	
遮罩图	zhe'zhao'tu	term	2026-10-04	
醇沉罐	chun'chen'guan	term	2026-10-04	
钙卫蛋白	gai'wei'dan'bai	term	2026-10-04	
钣金制作	ban'jin'zhi'zuo	word	2026-10-04	
镀膜剂	du'mo'ji	term	2026-10-04	
镶拼	xiang'pin	word	2026-10-04	
长坡厚雪	chang'po'hou'xue	word	2026-10-04	
亮亮视野	liang'liang'shi'ye	name	2026-10-04	second look: LLVision, an AR glasses maker
岩山科技	yan'shan'ke'ji	name	2026-10-04	second look: a listed company (brain-computer interfaces)
经济重心	jing'ji'zhong'xin	word	2026-10-04	
绩效分级	ji'xiao'fen'ji	word	2026-10-04	
绿电消费	lv'dian'xiao'fei	term	2026-10-04	
罗森伯格	luo'sen'bo'ge	name	2026-10-04	
置换房	zhi'huan'fang	word	2026-10-04	
美化图片	mei'hua'tu'pian	word	2026-10-04	
耐侵蚀性	nai'qin'shi'xing	term	2026-10-04	
耐穿刺性	nai'chuan'ci'xing	term	2026-10-04	
联想天禧	lian'xiang'tian'xi	name	2026-10-04	
联机协作	lian'ji'xie'zuo	word	2026-10-04	
脸萌	lian'meng	name	2026-10-04	
范可新	fan'ke'xin	name	2026-10-04	
菜粥	cai'zhou	word	2026-10-04	
萧景琰	xiao'jing'yan	name	2026-10-04	
落料口	luo'liao'kou	term	2026-10-04	
董竹君	dong'zhu'jun	name	2026-10-04	
行政礼遇	xing'zheng'li'yu	word	2026-10-04	
裁板锯	cai'ban'ju	term	2026-10-04	
贴缝带	tie'feng'dai	term	2026-10-04	
输送辊	shu'song'gun	term	2026-10-04	
运维巡检	yun'wei'xun'jian	term	2026-10-04	
近岸外包	jin'an'wai'bao	term	2026-10-04	
违规外联	wei'gui'wai'lian	term	2026-10-04	
通量测定	tong'liang'ce'ding	term	2026-10-04	
郑银高铁	zheng'yin'gao'tie	name	2026-10-04	
醛酮	quan'tong	term	2026-10-04	
金融宣教	jin'rong'xuan'jiao	term	2026-10-04	
钴盐	gu'yan	term	2026-10-04	
钻屑	zuan'xie	term	2026-10-04	
镀铝层	du'lv'ceng	term	2026-10-04	
镦粗	dun'cu	term	2026-10-04	
阮梅	ruan'mei	name	2026-10-04	
降解菌	jiang'jie'jun	term	2026-10-04	
陶瓷表圈	tao'ci'biao'quan	term	2026-10-04	
集装桶	ji'zhuang'tong	word	2026-10-04	
音色克隆	yin'se'ke'long	term	2026-10-04	
馏出液	liu'chu'ye	term	2026-10-04	
龙南市	long'nan'shi	name	2026-10-04	
伏马菌素	fu'ma'jun'su	term	2026-10-04	
做恶梦	zuo'e'meng	word	2026-10-04	
停了停	ting'le'ting	word	2026-10-04	
光学模组	guang'xue'mo'zu	term	2026-10-04	
光电模组	guang'dian'mo'zu	term	2026-10-04	
内涝监测	nei'lao'jian'ce	term	2026-10-04	
冰棺	bing'guan	word	2026-10-04	
出液口	chu'ye'kou	term	2026-10-04	
凿墙	zao'qiang	word	2026-10-04	
剂量监测	ji'liang'jian'ce	term	2026-10-04	
功放模块	gong'fang'mo'kuai	term	2026-10-04	
即时奖励	ji'shi'jiang'li	term	2026-10-04	
口溶膜	kou'rong'mo	term	2026-10-04	
古棺	gu'guan	word	2026-10-04	
后台登陆	hou'tai'deng'lu	word	2026-10-04	
含砂量	han'sha'liang	term	2026-10-04	
启动预案	qi'dong'yu'an	word	2026-10-04	
吴越王	wu'yue'wang	name	2026-10-04	
味醂	wei'lin	term	2026-10-04	
喷泉泵	pen'quan'beng	term	2026-10-04	
坎迪斯	kan'di'si	name	2026-10-04	
堆栈信息	dui'zhan'xin'xi	term	2026-10-04	
塑料基材	su'liao'ji'cai	term	2026-10-04	
多联式	duo'lian'shi	term	2026-10-04	
安东尼娅	an'dong'ni'ya	name	2026-10-04	
实心轴	shi'xin'zhou	term	2026-10-04	
导视标牌	dao'shi'biao'pai	term	2026-10-04	
小狸花	xiao'li'hua	word	2026-10-04	
尖锥	jian'zhui	word	2026-10-04	
局放检测	ju'fang'jian'ce	term	2026-10-04	
岩溶碳汇	yan'rong'tan'hui	term	2026-10-04	
带宽冗余	dai'kuan'rong'yu	term	2026-10-04	
库存明细	ku'cun'ming'xi	word	2026-10-04	
废婿	fei'xu	slang	2026-10-04	
异构设备	yi'gou'she'bei	term	2026-10-04	
异步回调	yi'bu'hui'diao	term	2026-10-04	
彭清华	peng'qing'hua	name	2026-10-04	
快速成形	kuai'su'cheng'xing	term	2026-10-04	
意尔康	yi'er'kang	name	2026-10-04	
戈梅利	ge'mei'li	name	2026-10-04	
挪德卡莱	nuo'de'ka'lai	name	2026-10-04	
捕蚊	bu'wen	word	2026-10-04	
摘穗	zhai'sui	word	2026-10-04	
支出上限	zhi'chu'shang'xian	word	2026-10-04	
智能环卫	zhi'neng'huan'wei	term	2026-10-04	
本地网关	ben'di'wang'guan	term	2026-10-04	
榫接	sun'jie	term	2026-10-04	
正手抢攻	zheng'shou'qiang'gong	term	2026-10-04	
氟原子	fu'yuan'zi	term	2026-10-04	
沾附	zhan'fu	word	2026-10-04	
浇筑成型	jiao'zhu'cheng'xing	term	2026-10-04	
涉诈资金	she'zha'zi'jin	term	2026-10-04	
温子仁	wen'zi'ren	name	2026-10-04	
湿电除尘	shi'dian'chu'chen	term	2026-10-04	
溴氰菊酯	xiu'qing'ju'zhi	term	2026-10-04	
焖菜	men'cai	word	2026-10-04	
煲剧	bao'ju	slang	2026-10-04	
爱蜜莉雅	ai'mi'li'ya	name	2026-10-04	
特种泵	te'zhong'beng	term	2026-10-04	
王立平	wang'li'ping	name	2026-10-04	
甲基苯胺	jia'ji'ben'an	term	2026-10-04	
监区警察	jian'qu'jing'cha	term	2026-10-04	
盼愿	pan'yuan	word	2026-10-04	
眩光值	xuan'guang'zhi	term	2026-10-04	
硝基苯酚	xiao'ji'ben'fen	term	2026-10-04	
碳铵	tan'an	term	2026-10-04	
磁场重联	ci'chang'chong'lian	term	2026-10-04	
离网型	li'wang'xing	term	2026-10-04	
秋意浓	qiu'yi'nong	word	2026-10-04	
称量斗	cheng'liang'dou	term	2026-10-04	
空投代币	kong'tou'dai'bi	term	2026-10-04	
签章页	qian'zhang'ye	term	2026-10-04	
管井降水	guan'jing'jiang'shui	term	2026-10-04	
绿色智算	lv'se'zhi'suan	term	2026-10-04	
自燃温度	zi'ran'wen'du	term	2026-10-04	
节流口	jie'liu'kou	term	2026-10-04	
蓄水槽	xu'shui'cao	word	2026-10-04	
谁成想	shei'cheng'xiang	word	2026-10-04	
负极片	fu'ji'pian	term	2026-10-04	
走线槽	zou'xian'cao	term	2026-10-04	
赴疆	fu'jiang	word	2026-10-04	
连气儿	lian'qi'er	word	2026-10-04	
退避重试	tui'bi'chong'shi	term	2026-10-04	
透传消息	tou'chuan'xiao'xi	term	2026-10-04	
锡箔片	xi'bo'pian	word	2026-10-04	
长洲岛	chang'zhou'dao	name	2026-10-04	
间位芳纶	jian'wei'fang'lun	term	2026-10-04	
鸡白痢	ji'bai'li	term	2026-10-04	
黑体炉	hei'ti'lu	term	2026-10-04	
龟蛇	gui'she	word	2026-10-04	
阿朗新科	a'lang'xin'ke	name	2026-10-04	
集料斗	ji'liao'dou	term	2026-10-04	
零误报	ling'wu'bao	word	2026-10-04	
霸菱	ba'ling	name	2026-10-04	
顺应时节	shun'ying'shi'jie	word	2026-10-04	
风光火储	feng'guang'huo'chu	term	2026-10-04	
风格漂移	feng'ge'piao'yi	term	2026-10-04	
风险自查	feng'xian'zi'cha	word	2026-10-04	
饮品制作	yin'pin'zhi'zuo	word	2026-10-04	
首销期	shou'xiao'qi	word	2026-10-04	
马德雷山	ma'de'lei'shan	name	2026-10-04	
高校人事	gao'xiao'ren'shi	word	2026-10-04	
鹅膏	e'gao	term	2026-10-04	
一键报修	yi'jian'bao'xiu	word	2026-10-04	
东山街道	dong'shan'jie'dao	name	2026-10-04	
丝藻	si'zao	term	2026-10-04	
中医义诊	zhong'yi'yi'zhen	word	2026-10-04	
中国车谷	zhong'guo'che'gu	name	2026-10-04	
乙酰氧基	yi'xian'yang'ji	term	2026-10-04	
伊冯娜	yi'feng'na	name	2026-10-04	
伤亡事件	shang'wang'shi'jian	word	2026-10-04	
保压测试	bao'ya'ce'shi	term	2026-10-04	
保持原意	bao'chi'yuan'yi	word	2026-10-04	
值得试试	zhi'de'shi'shi	word	2026-10-04	
傅菁	fu'jing	name	2026-10-04	
光皮桦	guang'pi'hua	term	2026-10-04	
全球变局	quan'qiu'bian'ju	word	2026-10-04	
共振拉曼	gong'zhen'la'man	term	2026-10-04	
养蝎子	yang'xie'zi	word	2026-10-04	
内河航标	nei'he'hang'biao	term	2026-10-04	
凤囚凰	feng'qiu'huang	name	2026-10-04	
制程设备	zhi'cheng'she'bei	term	2026-10-04	
动态避障	dong'tai'bi'zhang	term	2026-10-04	
勿怪	wu'guai	word	2026-10-04	
医政医管	yi'zheng'yi'guan	term	2026-10-04	
单一币种	dan'yi'bi'zhong	term	2026-10-04	
卢日尼基	lu'ri'ni'ji	name	2026-10-04	
反爬系统	fan'pa'xi'tong	term	2026-10-04	
发过誓	fa'guo'shi	word	2026-10-04	
受众细分	shou'zhong'xi'fen	term	2026-10-04	
受话人	shou'hua'ren	term	2026-10-04	
叶面积仪	ye'mian'ji'yi	term	2026-10-04	
吉伦特	ji'lun'te	name	2026-10-04	
吸砂泵	xi'sha'beng	term	2026-10-04	
嗤了一声	chi'le'yi'sheng	word	2026-10-04	
回款金额	hui'kuan'jin'e	term	2026-10-04	
土建成本	tu'jian'cheng'ben	term	2026-10-04	
埋地柜	mai'di'gui	term	2026-10-04	
基差风险	ji'cha'feng'xian	term	2026-10-04	
塑胶漆	su'jiao'qi	term	2026-10-04	
境内主体	jing'nei'zhu'ti	term	2026-10-04	
声学检测	sheng'xue'jian'ce	term	2026-10-04	
央企重组	yang'qi'chong'zu	word	2026-10-04	
夹具仿真	jia'ju'fang'zhen	term	2026-10-04	
女工委员	nv'gong'wei'yuan	word	2026-10-04	
密封阀座	mi'feng'fa'zuo	term	2026-10-04	
射线束	she'xian'shu	term	2026-10-04	
层间剥离	ceng'jian'bo'li	term	2026-10-04	
岩藻黄素	yan'zao'huang'su	term	2026-10-04	
左操作数	zuo'cao'zuo'shu	term	2026-10-04	
巨星效应	ju'xing'xiao'ying	word	2026-10-04	
布袋过滤	bu'dai'guo'lv	term	2026-10-04	
庄荣文	zhuang'rong'wen	name	2026-10-04	
微小信号	wei'xiao'xin'hao	term	2026-10-04	
微波部件	wei'bo'bu'jian	term	2026-10-04	
怕涝	pa'lao	word	2026-10-04	
慢病调理	man'bing'tiao'li	word	2026-10-04	
戈雷茨卡	ge'lei'ci'ka	name	2026-10-04	
截图留证	jie'tu'liu'zheng	word	2026-10-04	
房托基金	fang'tuo'ji'jin	term	2026-10-04	
打几折	da'ji'zhe	word	2026-10-04	
扫描振镜	sao'miao'zhen'jing	term	2026-10-04	
拉断力	la'duan'li	term	2026-10-04	
排风罩	pai'feng'zhao	term	2026-10-04	
攥了攥	zuan'le'zuan	word	2026-10-04	
支承件	zhi'cheng'jian	term	2026-10-04	
放到哪里	fang'dao'na'li	word	2026-10-04	
数据打架	shu'ju'da'jia	slang	2026-10-04	
数据权属	shu'ju'quan'shu	term	2026-10-04	
斜孔	xie'kong	term	2026-10-04	
无尘注塑	wu'chen'zhu'su	term	2026-10-04	
无铬钝化	wu'ge'dun'hua	term	2026-10-04	
替西帕肽	ti'xi'pa'tai	term	2026-10-04	
柒牌	qi'pai	name	2026-10-04	
样品夹	yang'pin'jia	term	2026-10-04	
核心三电	he'xin'san'dian	term	2026-10-04	
核心靶点	he'xin'ba'dian	term	2026-10-04	
格雷码	ge'lei'ma	term	2026-10-04	
棘细胞	ji'xi'bao	term	2026-10-04	
植食性	zhi'shi'xing	term	2026-10-04	
气镇阀	qi'zhen'fa	term	2026-10-04	
消偏器	xiao'pian'qi	term	2026-10-04	
深圳河套	shen'zhen'he'tao	name	2026-10-04	
渗进去	shen'jin'qu	word	2026-10-04	
温柔陷阱	wen'rou'xian'jing	word	2026-10-04	
源站带宽	yuan'zhan'dai'kuan	term	2026-10-04	
潍柴雷沃	wei'chai'lei'wo	name	2026-10-04	
照一照	zhao'yi'zhao	word	2026-10-04	
版本迁移	ban'ben'qian'yi	term	2026-10-04	
猫主粮	mao'zhu'liang	word	2026-10-04	
玄牝	xuan'pin	term	2026-10-04	
甜枣	tian'zao	word	2026-10-04	
田长制	tian'zhang'zhi	term	2026-10-04	
电控阀	dian'kong'fa	term	2026-10-04	
电源模组	dian'yuan'mo'zu	term	2026-10-04	
瘀毒	yu'du	term	2026-10-04	
盖世双谐	gai'shi'shuang'xie	name	2026-10-04	
直冷式	zhi'leng'shi	term	2026-10-04	
研磨筒	yan'mo'tong	term	2026-10-04	
硬件运维	ying'jian'yun'wei	term	2026-10-04	
碎米率	sui'mi'lv	term	2026-10-04	
社银合作	she'yin'he'zuo	term	2026-10-04	
稳压稳流	wen'ya'wen'liu	term	2026-10-04	
窝瓜	wo'gua	word	2026-10-04	
管线迁改	guan'xian'qian'gai	term	2026-10-04	
管网液位	guan'wang'ye'wei	term	2026-10-04	
粘附物	nian'fu'wu	term	2026-10-04	
粤闽	yue'min	word	2026-10-04	
线上估价	xian'shang'gu'jia	word	2026-10-04	
结项评审	jie'xiang'ping'shen	term	2026-10-04	
绕包层	rao'bao'ceng	term	2026-10-04	
缴学费	jiao'xue'fei	word	2026-10-04	
置业群体	zhi'ye'qun'ti	term	2026-10-04	
老将压阵	lao'jiang'ya'zhen	word	2026-10-04	
联合演训	lian'he'yan'xun	term	2026-10-04	
聚醚类	ju'mi'lei	term	2026-10-04	
肩肘	jian'zhou	word	2026-10-04	
胶塞铝盖	jiao'sai'lv'gai	term	2026-10-04	
胶结料	jiao'jie'liao	term	2026-10-04	
脐窝	qi'wo	term	2026-10-04	
脱磁器	tuo'ci'qi	term	2026-10-04	
腊梅花	la'mei'hua	word	2026-10-04	
自我边界	zi'wo'bian'jie	word	2026-10-04	
臭氧试验	chou'yang'shi'yan	term	2026-10-04	
芯碁微装	xin'qi'wei'zhuang	name	2026-10-04	
苏木精	su'mu'jing	term	2026-10-04	
萧燕燕	xiao'yan'yan	name	2026-10-04	
螺栓联接	luo'shuan'lian'jie	term	2026-10-04	
计算几何	ji'suan'ji'he	term	2026-10-04	
认亲宴	ren'qin'yan	word	2026-10-04	
谢必安	xie'bi'an	name	2026-10-04	
账面浮盈	zhang'mian'fu'ying	term	2026-10-04	
质构仪	zhi'gou'yi	term	2026-10-04	
退换货率	tui'huan'huo'lv	term	2026-10-04	
郑重宣示	zheng'zhong'xuan'shi	word	2026-10-04	
金伯莉	jin'bo'li	name	2026-10-04	
钟表师	zhong'biao'shi	word	2026-10-04	
铜催化	tong'cui'hua	term	2026-10-04	
镍丝	nie'si	term	2026-10-04	
阻力矩	zu'li'ju	term	2026-10-04	
阻焊层	zu'han'ceng	term	2026-10-04	
静态称重	jing'tai'cheng'zhong	term	2026-10-04	
高压闪络	gao'ya'shan'luo	term	2026-10-04	
一声一声	yi'sheng'yi'sheng	word	2026-10-04	
上料架	shang'liao'jia	term	2026-10-04	
乡梓	xiang'zi	word	2026-10-04	
书目记录	shu'mu'ji'lu	term	2026-10-04	
低温消毒	di'wen'xiao'du	word	2026-10-04	
倒棱	dao'leng	term	2026-10-04	
光纤互联	guang'xian'hu'lian	term	2026-10-04	
全屋清洁	quan'wu'qing'jie	word	2026-10-04	
冷凝泵	leng'ning'beng	term	2026-10-04	
冷灌装	leng'guan'zhuang	term	2026-10-04	
制程能力	zhi'cheng'neng'li	term	2026-10-04	
协议网关	xie'yi'wang'guan	term	2026-10-04	
南繁硅谷	nan'fan'gui'gu	name	2026-10-04	
双刀双掷	shuang'dao'shuang'zhi	term	2026-10-04	
唐禹哲	tang'yu'zhe	name	2026-10-04	
商汤绝影	shang'tang'jue'ying	name	2026-10-04	
场景复用	chang'jing'fu'yong	term	2026-10-04	
埃尼集团	ai'ni'ji'tuan	name	2026-10-04	
堆存费	dui'cun'fei	term	2026-10-04	
天干乙木	tian'gan'yi'mu	term	2026-10-04	
奶啤	nai'pi	word	2026-10-04	
妻夫木聪	qi'fu'mu'cong	name	2026-10-04	
姑侄	gu'zhi	word	2026-10-04	
家居板材	jia'ju'ban'cai	term	2026-10-04	
屎山	shi'shan	slang	2026-10-04	
应用包名	ying'yong'bao'ming	term	2026-10-04	
开卷校平	kai'juan'jiao'ping	term	2026-10-04	
情境分析	qing'jing'fen'xi	term	2026-10-04	
慢煎	man'jian	word	2026-10-04	
执法犯法	zhi'fa'fan'fa	word	2026-10-04	
抑泡剂	yi'pao'ji	term	2026-10-04	
护脊书包	hu'ji'shu'bao	term	2026-10-04	
挂载磁盘	gua'zai'ci'pan	term	2026-10-04	
挑来挑去	tiao'lai'tiao'qu	word	2026-10-04	
据他所知	ju'ta'suo'zhi	word	2026-10-04	
接缝强度	jie'feng'qiang'du	term	2026-10-04	
攻防演习	gong'fang'yan'xi	word	2026-10-04	
政策条文	zheng'ce'tiao'wen	word	2026-10-04	
数据留痕	shu'ju'liu'hen	term	2026-10-04	
断指再植	duan'zhi'zai'zhi	term	2026-10-04	
新乡贤	xin'xiang'xian	term	2026-10-04	
日立能源	ri'li'neng'yuan	name	2026-10-04	
春耕春管	chun'geng'chun'guan	word	2026-10-04	
智能对讲	zhi'neng'dui'jiang	term	2026-10-04	
本地生鲜	ben'di'sheng'xian	word	2026-10-04	
柴堆	chai'dui	word	2026-10-04	
检漏测试	jian'lou'ce'shi	term	2026-10-04	
法语字幕	fa'yu'zi'mu	word	2026-10-04	
洗浴足疗	xi'yu'zu'liao	word	2026-10-04	
海水制氢	hai'shui'zhi'qing	term	2026-10-04	
混种犬	hun'zhong'quan	word	2026-10-04	
炎症小体	yan'zheng'xiao'ti	term	2026-10-04	
烫印箔	tang'yin'bo	term	2026-10-04	
热导性	re'dao'xing	term	2026-10-04	
版画展	ban'hua'zhan	word	2026-10-04	
牟取利益	mou'qu'li'yi	word	2026-10-04	
特种膜	te'zhong'mo	term	2026-10-04	
独身人士	du'shen'ren'shi	word	2026-10-04	
甲供材料	jia'gong'cai'liao	term	2026-10-04	
电混系统	dian'hun'xi'tong	term	2026-10-04	
盒马邻里	he'ma'lin'li	name	2026-10-04	
砷含量	shen'han'liang	term	2026-10-04	
碳汇监测	tan'hui'jian'ce	term	2026-10-04	
离子电极	li'zi'dian'ji	term	2026-10-04	
移载机	yi'zai'ji	term	2026-10-04	
空预器	kong'yu'qi	term	2026-10-04	
立式磨机	li'shi'mo'ji	term	2026-10-04	
箭羽	jian'yu	word	2026-10-04	
粤超联赛	yue'chao'lian'sai	name	2026-10-04	
红专并进	hong'zhuan'bing'jin	word	2026-10-04	
线性加速	xian'xing'jia'su	term	2026-10-04	
维护工单	wei'hu'gong'dan	term	2026-10-04	
综合网格	zong'he'wang'ge	term	2026-10-04	
缺碘	que'dian	word	2026-10-04	
聊天会话	liao'tian'hui'hua	term	2026-10-04	
脂肽	zhi'tai	term	2026-10-04	
膦酸钠	lin'suan'na	term	2026-10-04	
臼井仪人	jiu'jing'yi'ren	name	2026-10-04	
薪火赓续	xin'huo'geng'xu	word	2026-10-04	
蜗杆加工	wo'gan'jia'gong	term	2026-10-04	
蟹塘	xie'tang	word	2026-10-04	
装配公差	zhuang'pei'gong'cha	term	2026-10-04	
装配工位	zhuang'pei'gong'wei	term	2026-10-04	
语义标注	yu'yi'biao'zhu	term	2026-10-04	
贾妃	jia'fei	name	2026-10-04	
赛飞儿	sai'fei'er	name	2026-10-04	
超时重试	chao'shi'chong'shi	term	2026-10-04	
跨链网关	kua'lian'wang'guan	term	2026-10-04	
运维审计	yun'wei'shen'ji	term	2026-10-04	
进给率	jin'ji'lv	term	2026-10-04	
迦南诗歌	jia'nan'shi'ge	name	2026-10-04	
适老版	shi'lao'ban	word	2026-10-04	
选品上架	xuan'pin'shang'jia	word	2026-10-04	
重物搬运	zhong'wu'ban'yun	word	2026-10-04	
重载设备	zhong'zai'she'bei	term	2026-10-04	
钴镍	gu'nie	term	2026-10-04	
铝坩埚	lv'gan'guo	term	2026-10-04	
银联单标	yin'lian'dan'biao	term	2026-10-04	
键合设备	jian'he'she'bei	term	2026-10-04	
镜像制作	jing'xiang'zhi'zuo	word	2026-10-04	
阀内件	fa'nei'jian	term	2026-10-04	
阈值范围	yu'zhi'fan'wei	word	2026-10-04	
阵营羁绊	zhen'ying'ji'ban	term	2026-10-04	
阿莫斯	a'mo'si	name	2026-10-04	
降重指令	jiang'chong'zhi'ling	word	2026-10-04	
陶壶	tao'hu	word	2026-10-04	
隔震系统	ge'zhen'xi'tong	term	2026-10-04	
非交联	fei'jiao'lian	term	2026-10-04	
音频指纹	yin'pin'zhi'wen	term	2026-10-04	
韶钢	shao'gang	name	2026-10-04	
风正豪	feng'zheng'hao	name	2026-10-04	
饥饿值	ji'e'zhi	word	2026-10-04	
饲粮	si'liang	term	2026-10-04	
馀事勿取	yu'shi'wu'qu	word	2026-10-04	
马兰戈尼	ma'lan'ge'ni	name	2026-10-04	
高阶策略	gao'jie'ce'lve	word	2026-10-04	
高频震荡	gao'pin'zhen'dang	word	2026-10-04	
一届届	yi'jie'jie	word	2026-10-04	
专有模型	zhuan'you'mo'xing	word	2026-10-04	
专项台账	zhuan'xiang'tai'zhang	term	2026-10-04	
丝网填料	si'wang'tian'liao	term	2026-10-04	
中国再保	zhong'guo'zai'bao	name	2026-10-04	
中心对齐	zhong'xin'dui'qi	term	2026-10-04	
中秋游园	zhong'qiu'you'yuan	word	2026-10-04	
书签文件	shu'qian'wen'jian	word	2026-10-04	
乳化分散	ru'hua'fen'san	term	2026-10-04	
事件追溯	shi'jian'zhui'su	word	2026-10-04	
伤官配印	shang'guan'pei'yin	term	2026-10-04	
伺服定位	si'fu'ding'wei	term	2026-10-04	
余玠	yu'jie	name	2026-10-04	
停机清洗	ting'ji'qing'xi	word	2026-10-04	
停气作业	ting'qi'zuo'ye	term	2026-10-04	
停电事件	ting'dian'shi'jian	word	2026-10-04	
偷税案件	tou'shui'an'jian	word	2026-10-04	
光固化胶	guang'gu'hua'jiao	term	2026-10-04	
六级笔试	liu'ji'bi'shi	word	2026-10-04	
养殖工船	yang'zhi'gong'chuan	term	2026-10-04	
凉霸	liang'ba	word	2026-10-04	
减排降碳	jian'pai'jiang'tan	word	2026-10-04	
分划板	fen'hua'ban	term	2026-10-04	
剩者为王	sheng'zhe'wei'wang	slang	2026-10-04	
剪钳	jian'qian	word	2026-10-04	
助管岗位	zhu'guan'gang'wei	word	2026-10-04	
北京京牌	bei'jing'jing'pai	word	2026-10-04	
北虹桥	bei'hong'qiao	name	2026-10-04	
华为坤灵	hua'wei'kun'ling	name	2026-10-04	
卡博特	ka'bo'te	name	2026-10-04	
卤味市场	lu'wei'shi'chang	word	2026-10-04	
原生眉	yuan'sheng'mei	word	2026-10-04	
双锥形	shuang'zhui'xing	term	2026-10-04	
双频信号	shuang'pin'xin'hao	term	2026-10-04	
受试样品	shou'shi'yang'pin	term	2026-10-04	
同职级	tong'zhi'ji	word	2026-10-04	
含硒量	han'xi'liang	term	2026-10-04	
吸入阀	xi'ru'fa	term	2026-10-04	
吸脱附	xi'tuo'fu	term	2026-10-04	
商米科技	shang'mi'ke'ji	name	2026-10-04	
噎食	ye'shi	word	2026-10-04	
土压平衡	tu'ya'ping'heng	term	2026-10-04	
堆码测试	dui'ma'ce'shi	term	2026-10-04	
塌孔	ta'kong	term	2026-10-04	
声学装饰	sheng'xue'zhuang'shi	term	2026-10-04	
声迅股份	sheng'xun'gu'fen	name	2026-10-04	
备件储备	bei'jian'chu'bei	word	2026-10-04	
大斗师	da'dou'shi	name	2026-10-04	
头程专线	tou'cheng'zhuan'xian	term	2026-10-04	
夹臂	jia'bi	term	2026-10-04	
存量焕新	cun'liang'huan'xin	term	2026-10-04	
实勘人员	shi'kan'ren'yuan	word	2026-10-04	
实时回放	shi'shi'hui'fang	word	2026-10-04	
实时校准	shi'shi'jiao'zhun	word	2026-10-04	
导电碳	dao'dian'tan	term	2026-10-04	
封控管理	feng'kong'guan'li	word	2026-10-04	
小悦悦	xiao'yue'yue	name	2026-10-04	
履职用权	lv'zhi'yong'quan	word	2026-10-04	
广告触达	guang'gao'chu'da	term	2026-10-04	
开漏输出	kai'lou'shu'chu	term	2026-10-04	
弹簧加载	tan'huang'jia'zai	term	2026-10-04	
径向磁通	jing'xiang'ci'tong	term	2026-10-04	
待检样品	dai'jian'yang'pin	word	2026-10-04	
律新社	lv'xin'she	name	2026-10-04	
微燃机	wei'ran'ji	term	2026-10-04	
微纳器件	wei'na'qi'jian	term	2026-10-04	
成瘾迁移	cheng'yin'qian'yi	term	2026-10-04	
手作工坊	shou'zuo'gong'fang	word	2026-10-04	
扭力值	niu'li'zhi	word	2026-10-04	
扰邻	rao'lin	word	2026-10-04	
抗菌粉	kang'jun'fen	word	2026-10-04	
抚远市	fu'yuan'shi	name	2026-10-04	
拉载电流	la'zai'dian'liu	term	2026-10-04	
拒付率	ju'fu'lv	term	2026-10-04	
振荡混匀	zhen'dang'hun'yun	term	2026-10-04	
捋捋	lv'lv	word	2026-10-04	
捻转	nian'zhuan	word	2026-10-04	
控糖人群	kong'tang'ren'qun	word	2026-10-04	
搞啥	gao'sha	slang	2026-10-04	
收运车	shou'yun'che	word	2026-10-04	
斧刃	fu'ren	word	2026-10-04	
无关词	wu'guan'ci	word	2026-10-04	
无名杀	wu'ming'sha	name	2026-10-04	
无源晶体	wu'yuan'jing'ti	term	2026-10-04	
春节申遗	chun'jie'shen'yi	word	2026-10-04	
智慧助老	zhi'hui'zhu'lao	word	2026-10-04	
智能鉴黄	zhi'neng'jian'huang	word	2026-10-04	
曲久辉	qu'jiu'hui	name	2026-10-04	
期中答卷	qi'zhong'da'juan	word	2026-10-04	
权利转移	quan'li'zhuan'yi	word	2026-10-04	
极化趋势	ji'hua'qu'shi	word	2026-10-04	
极简交互	ji'jian'jiao'hu	word	2026-10-04	
析氢反应	xi'qing'fan'ying	term	2026-10-04	
林草湿荒	lin'cao'shi'huang	term	2026-10-04	
梁万年	liang'wan'nian	name	2026-10-04	
楼宇烈	lou'yu'lie	name	2026-10-04	
正负极板	zheng'fu'ji'ban	term	2026-10-04	
武卒	wu'zu	term	2026-10-04	
氦气检漏	hai'qi'jian'lou	term	2026-10-04	
水利防汛	shui'li'fang'xun	word	2026-10-04	
水浸探头	shui'jin'tan'tou	term	2026-10-04	
池水循环	chi'shui'xun'huan	word	2026-10-04	
汤沛	tang'pei	name	2026-10-04	
汤煲	tang'bao	word	2026-10-04	
汪滔	wang'tao	name	2026-10-04	
沉降室	chen'jiang'shi	term	2026-10-04	
油脂食品	you'zhi'shi'pin	word	2026-10-04	
治理范式	zhi'li'fan'shi	term	2026-10-04	
沾锡	zhan'xi	term	2026-10-04	
泼彩	po'cai	term	2026-10-04	
活度浓度	huo'du'nong'du	term	2026-10-04	
测量爪	ce'liang'zhua	term	2026-10-04	
涉密会议	she'mi'hui'yi	word	2026-10-04	
涤尘	di'chen	word	2026-10-04	
液氮泵	ye'dan'beng	term	2026-10-04	
溢乳	yi'ru	word	2026-10-04	
滤油车	lv'you'che	term	2026-10-04	
漂白鸡爪	piao'bai'ji'zhua	word	2026-10-04	
爪哇猫	zhao'wa'mao	word	2026-10-04	
犯胃	fan'wei	word	2026-10-04	
生防菌	sheng'fang'jun	term	2026-10-04	
瘀堵	yu'du	word	2026-10-04	
百连抽	bai'lian'chou	slang	2026-10-04	
盐穴储氢	yan'xue'chu'qing	term	2026-10-04	
直驱马达	zhi'qu'ma'da	term	2026-10-04	
省长杯	sheng'zhang'bei	word	2026-10-04	
眉间纹	mei'jian'wen	word	2026-10-04	
瞧不出	qiao'bu'chu	word	2026-10-04	
知识缺口	zhi'shi'que'kou	word	2026-10-04	
石守信	shi'shou'xin	name	2026-10-04	
破损补发	po'sun'bu'fa	word	2026-10-04	
硅烷化	gui'wan'hua	term	2026-10-04	
碳氮化	tan'dan'hua	term	2026-10-04	
磁吸结构	ci'xi'jie'gou	term	2026-10-04	
税务核查	shui'wu'he'cha	word	2026-10-04	
空洞率	kong'dong'lv	term	2026-10-04	
窨制	xun'zhi	term	2026-10-04	
竞猜玩法	jing'cai'wan'fa	word	2026-10-04	
管道测漏	guan'dao'ce'lou	term	2026-10-04	
粘箱机	nian'xiang'ji	term	2026-10-04	
精准育种	jing'zhun'yu'zhong	term	2026-10-04	
精密计时	jing'mi'ji'shi	word	2026-10-04	
精益体系	jing'yi'ti'xi	term	2026-10-04	
索磷布韦	suo'lin'bu'wei	term	2026-10-04	
累计授信	lei'ji'shou'xin	term	2026-10-04	
纳凉点	na'liang'dian	word	2026-10-04	
线下转账	xian'xia'zhuan'zhang	word	2026-10-04	
终止审核	zhong'zhi'shen'he	word	2026-10-04	
结项材料	jie'xiang'cai'liao	word	2026-10-04	
维保业务	wei'bao'ye'wu	word	2026-10-04	
绿萼	lv'e	word	2026-10-04	
美人芜姜	mei'ren'wu'jiang	name	2026-10-04	
美学正畸	mei'xue'zheng'ji	term	2026-10-04	
胁肋	xie'lei	term	2026-10-04	
脉弦滑	mai'xian'hua	term	2026-10-04	
膜反射	mo'fan'she	term	2026-10-04	
自动换档	zi'dong'huan'dang	word	2026-10-04	
船用雾钟	chuan'yong'wu'zhong	term	2026-10-04	
色彩调校	se'cai'diao'xiao	term	2026-10-04	
芯擎科技	xin'qing'ke'ji	name	2026-10-04	
芯讯通	xin'xun'tong	name	2026-10-04	
虹桥街道	hong'qiao'jie'dao	name	2026-10-04	
螨类	man'lei	word	2026-10-04	
补风系统	bu'feng'xi'tong	term	2026-10-04	
褒曼	bao'man	name	2026-10-04	
计量插座	ji'liang'cha'zuo	term	2026-10-04	
计量溯源	ji'liang'su'yuan	term	2026-10-04	
订阅事件	ding'yue'shi'jian	term	2026-10-04	
详戳	xiang'chuo	slang	2026-10-04	
语义资产	yu'yi'zi'chan	term	2026-10-04	
请享用	qing'xiang'yong	word	2026-10-04	
调蓄水池	diao'xu'shui'chi	term	2026-10-04	
谋取暴利	mou'qu'bao'li	word	2026-10-04	
质保失效	zhi'bao'shi'xiao	word	2026-10-04	
贫铁矿	pin'tie'kuang	term	2026-10-04	
资规局	zi'gui'ju	word	2026-10-04	
资费透明	zi'fei'tou'ming	word	2026-10-04	
赏桃花	shang'tao'hua	word	2026-10-04	
赛维时代	sai'wei'shi'dai	name	2026-10-04	
赢单率	ying'dan'lv	term	2026-10-04	
超强钢	chao'qiang'gang	term	2026-10-04	
软排线	ruan'pai'xian	term	2026-10-04	
辊缝	gun'feng	term	2026-10-04	
逐渐消逝	zhu'jian'xiao'shi	word	2026-10-04	
逐笔成交	zhu'bi'cheng'jiao	term	2026-10-04	
酯交换	zhi'jiao'huan	term	2026-10-04	
醉虾	zui'xia	word	2026-10-04	
重新赋值	chong'xin'fu'zhi	term	2026-10-04	
金属钴	jin'shu'gu	term	2026-10-04	
铬鞣	ge'rou	term	2026-10-04	
闭店率	bi'dian'lv	word	2026-10-04	
闲置算力	xian'zhi'suan'li	word	2026-10-04	
闸坡	zha'po	name	2026-10-04	
防滑外底	fang'hua'wai'di	word	2026-10-04	
阿伦黛尔	a'lun'dai'er	name	2026-10-04	
陈嘉映	chen'jia'ying	name	2026-10-04	
陶土砖	tao'tu'zhuan	term	2026-10-04	
雨滴谱仪	yu'di'pu'yi	term	2026-10-04	
靶点验证	ba'dian'yan'zheng	term	2026-10-04	
预膜剂	yu'mo'ji	term	2026-10-04	
高压电极	gao'ya'dian'ji	term	2026-10-04	
黄胄	huang'zhou	name	2026-10-04	
一区期刊	yi'qu'qi'kan	term	2026-10-04	
一小堆	yi'xiao'dui	word	2026-10-04	
三相电网	san'xiang'dian'wang	term	2026-10-04	
下沉县域	xia'chen'xian'yu	word	2026-10-04	
丝帛	si'bo	word	2026-10-04	
五笔拆分	wu'bi'chai'fen	term	2026-10-04	
交叉链接	jiao'cha'lian'jie	word	2026-10-04	
亲叔侄	qin'shu'zhi	word	2026-10-04	
代理购电	dai'li'gou'dian	term	2026-10-04	
低温仓储	di'wen'cang'chu	word	2026-10-04	
体外试验	ti'wai'shi'yan	term	2026-10-04	
供需波动	gong'xu'bo'dong	word	2026-10-04	
促生长剂	cu'sheng'zhang'ji	term	2026-10-04	
倒钩绝杀	dao'gou'jue'sha	word	2026-10-04	
免税渠道	mian'shui'qu'dao	word	2026-10-04	
公域获客	gong'yu'huo'ke	term	2026-10-04	
农信联社	nong'xin'lian'she	name	2026-10-04	
减少误触	jian'shao'wu'chu	word	2026-10-04	
分散研磨	fen'san'yan'mo	term	2026-10-04	
分料盘	fen'liao'pan	term	2026-10-04	
创设情景	chuang'she'qing'jing	word	2026-10-04	
判定越位	pan'ding'yue'wei	word	2026-10-04	
制订计划	zhi'ding'ji'hua	word	2026-10-04	
剖分式	pou'fen'shi	term	2026-10-04	
割胶技术	ge'jiao'ji'shu	term	2026-10-04	
化妆品盒	hua'zhuang'pin'he	word	2026-10-04	
化肥供应	hua'fei'gong'ying	word	2026-10-04	
北苑街道	bei'yuan'jie'dao	name	2026-10-04	
医院陪诊	yi'yuan'pei'zhen	word	2026-10-04	
十万斤	shi'wan'jin	word	2026-10-04	
危机关头	wei'ji'guan'tou	word	2026-10-04	
去除划痕	qu'chu'hua'hen	word	2026-10-04	
反面警示	fan'mian'jing'shi	word	2026-10-04	
取样袋	qu'yang'dai	term	2026-10-04	
变量施肥	bian'liang'shi'fei	term	2026-10-04	
后道加工	hou'dao'jia'gong	term	2026-10-04	
启示作用	qi'shi'zuo'yong	word	2026-10-04	
吸塑外壳	xi'su'wai'ke	term	2026-10-04	
咚漫	dong'man	name	2026-10-04	
哈啰单车	ha'luo'dan'che	name	2026-10-04	
唱一曲	chang'yi'qu	word	2026-10-04	
商业奇迹	shang'ye'qi'ji	word	2026-10-04	
噘着嘴	jue'zhe'zui	word	2026-10-04	
国情考察	guo'qing'kao'cha	word	2026-10-04	
国资审计	guo'zi'shen'ji	term	2026-10-04	
国资管控	guo'zi'guan'kong	term	2026-10-04	
垂虹	chui'hong	name	2026-10-04	
基站电源	ji'zhan'dian'yuan	term	2026-10-04	
复用机制	fu'yong'ji'zhi	term	2026-10-04	
多歧管	duo'qi'guan	term	2026-10-04	
多维探索	duo'wei'tan'suo	word	2026-10-04	
妫水	gui'shui	name	2026-10-04	
存储模组	cun'chu'mo'zu	term	2026-10-04	
季度新高	ji'du'xin'gao	word	2026-10-04	
学分豁免	xue'fen'huo'mian	term	2026-10-04	
安防巡逻	an'fang'xun'luo	word	2026-10-04	
实时聚合	shi'shi'ju'he	term	2026-10-04	
实证支撑	shi'zheng'zhi'cheng	word	2026-10-04	
实践场域	shi'jian'chang'yu	term	2026-10-04	
审批时长	shen'pi'shi'chang	word	2026-10-04	
客户回款	ke'hu'hui'kuan	word	2026-10-04	
小牙医	xiao'ya'yi	word	2026-10-04	
屏蔽机制	ping'bi'ji'zhi	word	2026-10-04	
展览篷房	zhan'lan'peng'fang	term	2026-10-04	
工时制度	gong'shi'zhi'du	word	2026-10-04	
广东农信	guang'dong'nong'xin	name	2026-10-04	
应届高考	ying'jie'gao'kao	word	2026-10-04	
应接尽接	ying'jie'jin'jie	word	2026-10-04	
应邀莅临	ying'yao'li'lin	word	2026-10-04	
底本出处	di'ben'chu'chu	term	2026-10-04	
开槽螺母	kai'cao'luo'mu	term	2026-10-04	
弹簧柱	tan'huang'zhu	term	2026-10-04	
德国赢创	de'guo'ying'chuang	name	2026-10-04	
快检仪器	kuai'jian'yi'qi	term	2026-10-04	
恒星坍缩	heng'xing'tan'suo	term	2026-10-04	
慢发酵	man'fa'jiao	term	2026-10-04	
成扇形	cheng'shan'xing	word	2026-10-04	
报事报修	bao'shi'bao'xiu	word	2026-10-04	
拉新玩法	la'xin'wan'fa	word	2026-10-04	
招金黄金	zhao'jin'huang'jin	name	2026-10-04	
按头计价	an'tou'ji'jia	word	2026-10-04	
按月计息	an'yue'ji'xi	word	2026-10-04	
挺阔	ting'kuo	word	2026-10-04	
排除体外	pai'chu'ti'wai	word	2026-10-04	
携手共渡	xie'shou'gong'du	word	2026-10-04	
收入破亿	shou'ru'po'yi	word	2026-10-04	
收支账	shou'zhi'zhang	word	2026-10-04	
数据湖仓	shu'ju'hu'cang	term	2026-10-04	
数智鸿沟	shu'zhi'hong'gou	term	2026-10-04	
斥候营	chi'hou'ying	word	2026-10-04	
昊华科技	hao'hua'ke'ji	name	2026-10-04	
朗肯循环	lang'ken'xun'huan	term	2026-10-04	
未报备	wei'bao'bei	word	2026-10-04	
杉菜	shan'cai	name	2026-10-04	
条形秤	tiao'xing'cheng	term	2026-10-04	
松茸饭	song'rong'fan	word	2026-10-04	
校级一流	xiao'ji'yi'liu	word	2026-10-04	
樽酒	zun'jiu	word	2026-10-04	
橡树湾	xiang'shu'wan	name	2026-10-04	
正负样本	zheng'fu'yang'ben	term	2026-10-04	
毫安级	hao'an'ji	word	2026-10-04	
气体充装	qi'ti'chong'zhuang	term	2026-10-04	
汉服体验	han'fu'ti'yan	word	2026-10-04	
汉白玉雕	han'bai'yu'diao	word	2026-10-04	
汽缸垫	qi'gang'dian	term	2026-10-04	
注塑成形	zhu'su'cheng'xing	term	2026-10-04	
流程冗余	liu'cheng'rong'yu	word	2026-10-04	
浅痕	qian'hen	word	2026-10-04	
液体计量	ye'ti'ji'liang	term	2026-10-04	
混炼时间	hun'lian'shi'jian	term	2026-10-04	
清淤作业	qing'yu'zuo'ye	term	2026-10-04	
渣槽	zha'cao	term	2026-10-04	
港股午评	gang'gu'wu'ping	word	2026-10-04	
游轮公司	you'lun'gong'si	word	2026-10-04	
滑了一下	hua'le'yi'xia	word	2026-10-04	
滑倒风险	hua'dao'feng'xian	word	2026-10-04	
滑雪季	hua'xue'ji	word	2026-10-04	
滴滴青桔	di'di'qing'ju	name	2026-10-04	
潍宿高铁	wei'su'gao'tie	name	2026-10-04	
炉缸	lu'gang	term	2026-10-04	
炭粒	tan'li	word	2026-10-04	
炸药震源	zha'yao'zhen'yuan	term	2026-10-04	
烟气监测	yan'qi'jian'ce	term	2026-10-04	
烟气管道	yan'qi'guan'dao	term	2026-10-04	
热封边	re'feng'bian	term	2026-10-04	
爆款打法	bao'kuan'da'fa	word	2026-10-04	
牛转乾坤	niu'zhuan'qian'kun	word	2026-10-04	
物料分拣	wu'liao'fen'jian	term	2026-10-04	
物料追溯	wu'liao'zhui'su	term	2026-10-04	
环辊磨	huan'gun'mo	term	2026-10-04	
现金回款	xian'jin'hui'kuan	word	2026-10-04	
生物药企	sheng'wu'yao'qi	word	2026-10-04	
用例执行	yong'li'zhi'xing	term	2026-10-04	
电压档位	dian'ya'dang'wei	word	2026-10-04	
电网运维	dian'wang'yun'wei	term	2026-10-04	
目镜筒	mu'jing'tong	term	2026-10-04	
石鼓镇	shi'gu'zhen	name	2026-10-04	
税则号	shui'ze'hao	term	2026-10-04	
稳市机制	wen'shi'ji'zhi	term	2026-10-04	
空分制氮	kong'fen'zhi'dan	term	2026-10-04	
空置税	kong'zhi'shui	term	2026-10-04	
穿透核查	chuan'tou'he'cha	term	2026-10-04	
竞争吸附	jing'zheng'xi'fu	term	2026-10-04	
答辩资格	da'bian'zi'ge	word	2026-10-04	
签证资讯	qian'zheng'zi'xun	word	2026-10-04	
箱侧板	xiang'ce'ban	term	2026-10-04	
纤维介质	xian'wei'jie'zhi	term	2026-10-04	
纯铂	chun'bo	word	2026-10-04	
纵筋	zong'jin	term	2026-10-04	
线束制造	xian'shu'zhi'zao	term	2026-10-04	
终点判定	zhong'dian'pan'ding	term	2026-10-04	
绝不屈服	jue'bu'qu'fu	word	2026-10-04	
美日利差	mei'ri'li'cha	term	2026-10-04	
翻转矩阵	fan'zhuan'ju'zhen	term	2026-10-04	
肘板	zhou'ban	term	2026-10-04	
胺衍生物	an'yan'sheng'wu	term	2026-10-04	
膜过滤法	mo'guo'lv'fa	term	2026-10-04	
花簪	hua'zan	word	2026-10-04	
苦菊	ku'ju	word	2026-10-04	
茗烟	ming'yan	name	2026-10-04	
蒸虾	zheng'xia	word	2026-10-04	
蚕花	can'hua	word	2026-10-04	
蟹笼	xie'long	word	2026-10-04	
解谜任务	jie'mi'ren'wu	word	2026-10-04	
触点控制	chu'dian'kong'zhi	term	2026-10-04	
评价导则	ping'jia'dao'ze	term	2026-10-04	
试用时长	shi'yong'shi'chang	word	2026-10-04	
语义索引	yu'yi'suo'yin	term	2026-10-04	
语义适配	yu'yi'shi'pei	term	2026-10-04	
负荷监测	fu'he'jian'ce	term	2026-10-04	
货权管理	huo'quan'guan'li	term	2026-10-04	
质粒提取	zhi'li'ti'qu	term	2026-10-04	
购物帮手	gou'wu'bang'shou	word	2026-10-04	
赫克托耳	he'ke'tuo'er	name	2026-10-04	
进料段	jin'liao'duan	term	2026-10-04	
连一连	lian'yi'lian	word	2026-10-04	
逐梦启航	zhu'meng'qi'hang	word	2026-10-04	
邮轮之旅	you'lun'zhi'lv	word	2026-10-04	
配对码	pei'dui'ma	word	2026-10-04	
释磷	shi'lin	term	2026-10-04	
重悬细胞	chong'xuan'xi'bao	term	2026-10-04	
金检机	jin'jian'ji	term	2026-10-04	
钠碱	na'jian	term	2026-10-04	
铁弓	tie'gong	word	2026-10-04	
长势监测	zhang'shi'jian'ce	term	2026-10-04	
长效防控	chang'xiao'fang'kong	word	2026-10-04	
间歇运动	jian'xie'yun'dong	word	2026-10-04	
阀位反馈	fa'wei'fan'kui	term	2026-10-04	
隐性缺陷	yin'xing'que'xian	term	2026-10-04	
隔臭	ge'chou	word	2026-10-04	
集采中标	ji'cai'zhong'biao	word	2026-10-04	
需求对齐	xu'qiu'dui'qi	word	2026-10-04	
非厄米	fei'e'mi	term	2026-10-04	
预问诊	yu'wen'zhen	term	2026-10-04	
验资费	yan'zi'fei	word	2026-10-04	
鸟屎	niao'shi	word	2026-10-04	
麦克劳德	mai'ke'lao'de	name	2026-10-04	
一台一台	yi'tai'yi'tai	word	2026-10-04	
上糊机	shang'hu'ji	term	2026-10-04	
专家坐镇	zhuan'jia'zuo'zhen	word	2026-10-04	
主振弹簧	zhu'zhen'tan'huang	term	2026-10-04	
九人排球	jiu'ren'pai'qiu	term	2026-10-04	
今起实施	jin'qi'shi'shi	word	2026-10-04	
企服公司	qi'fu'gong'si	word	2026-10-04	
企石镇	qi'shi'zhen	name	2026-10-04	
伍修权	wu'xiu'quan	name	2026-10-04	
低眩光	di'xuan'guang	term	2026-10-04	
作物监测	zuo'wu'jian'ce	term	2026-10-04	
佟瑞欣	tong'rui'xin	name	2026-10-04	
储液池	chu'ye'chi	term	2026-10-04	
光纤信号	guang'xian'xin'hao	term	2026-10-04	
光纤滑环	guang'xian'hua'huan	term	2026-10-04	
冲筋找平	chong'jin'zhao'ping	term	2026-10-04	
冷成形	leng'cheng'xing	term	2026-10-04	
减肥针	jian'fei'zhen	word	2026-10-04	
凯悦臻选	kai'yue'zhen'xuan	name	2026-10-04	
出价规则	chu'jia'gui'ze	word	2026-10-04	
出站考核	chu'zhan'kao'he	term	2026-10-04	
分汽缸	fen'qi'gang	term	2026-10-04	
制沙设备	zhi'sha'she'bei	term	2026-10-04	
剪切仪	jian'qie'yi	term	2026-10-04	
加热槽	jia're'cao	term	2026-10-04	
华峰化学	hua'feng'hua'xue	name	2026-10-04	
单机射击	dan'ji'she'ji	term	2026-10-04	
卡式瓶	ka'shi'ping	term	2026-10-04	
发泡中底	fa'pao'zhong'di	term	2026-10-04	
台阶石	tai'jie'shi	word	2026-10-04	
叶螨	ye'man	term	2026-10-04	
合金齿	he'jin'chi	term	2026-10-04	
后纵梁	hou'zong'liang	term	2026-10-04	
吸排水管	xi'pai'shui'guan	term	2026-10-04	
哎哎哎	ai'ai'ai	word	2026-10-04	
国网河北	guo'wang'he'bei	name	2026-10-04	
圆葱	yuan'cong	word	2026-10-04	
堆沤	dui'ou	term	2026-10-04	
多元育人	duo'yuan'yu'ren	word	2026-10-04	
头臀长	tou'tun'chang	term	2026-10-04	
奇尔韦尔	qi'er'wei'er	name	2026-10-04	
姆贝莫	mu'bei'mo	name	2026-10-04	
委托报关	wei'tuo'bao'guan	term	2026-10-04	
子网域	zi'wang'yu	term	2026-10-04	
实务守则	shi'wu'shou'ze	term	2026-10-04	
实盘验证	shi'pan'yan'zheng	term	2026-10-04	
宽光束	kuan'guang'shu	term	2026-10-04	
富尔顿	fu'er'dun	name	2026-10-04	
寻源公告	xun'yuan'gong'gao	term	2026-10-04	
市交委	shi'jiao'wei	word	2026-10-04	
帽儿山	mao'er'shan	name	2026-10-04	
干货拉满	gan'huo'la'man	slang	2026-10-04	
平行实验	ping'xing'shi'yan	term	2026-10-04	
年中盛典	nian'zhong'sheng'dian	word	2026-10-04	
床幔	chuang'man	word	2026-10-04	
开卡礼	kai'ka'li	word	2026-10-04	
异母弟	yi'mu'di	word	2026-10-04	
张晓风	zhang'xiao'feng	name	2026-10-04	
影像美学	ying'xiang'mei'xue	term	2026-10-04	
微棱镜	wei'leng'jing	term	2026-10-04	
微球制备	wei'qiu'zhi'bei	term	2026-10-04	
微颗粒物	wei'ke'li'wu	term	2026-10-04	
手工台账	shou'gong'tai'zhang	word	2026-10-04	
手扶式	shou'fu'shi	word	2026-10-04	
手机国补	shou'ji'guo'bu	word	2026-10-04	
扑翼	pu'yi	term	2026-10-04	
抄诗	chao'shi	word	2026-10-04	
抗张指数	kang'zhang'zhi'shu	term	2026-10-04	
抗诉案件	kang'su'an'jian	term	2026-10-04	
折臂吊	zhe'bi'diao	term	2026-10-04	
拉线机	la'xian'ji	term	2026-10-04	
挣不开	zheng'bu'kai	word	2026-10-04	
捷途大圣	jie'tu'da'sheng	name	2026-10-04	
排液管	pai'ye'guan	term	2026-10-04	
提币费	ti'bi'fei	term	2026-10-04	
撒马利亚	sa'ma'li'ya	name	2026-10-04	
放在哪儿	fang'zai'na'er	word	2026-10-04	
政校企协	zheng'xiao'qi'xie	term	2026-10-04	
散热铝	san're'lv	term	2026-10-04	
数字校正	shu'zi'jiao'zheng	term	2026-10-04	
斗容积	dou'rong'ji	term	2026-10-04	
斗铠	dou'kai	name	2026-10-04	
料位测量	liao'wei'ce'liang	term	2026-10-04	
斜卧	xie'wo	word	2026-10-04	
新手买家	xin'shou'mai'jia	word	2026-10-04	
施教区	shi'jiao'qu	term	2026-10-04	
无铅锡	wu'qian'xi	term	2026-10-04	
早作准备	zao'zuo'zhun'bei	word	2026-10-04	
昇腾生态	sheng'teng'sheng'tai	term	2026-10-04	
智能审图	zhi'neng'shen'tu	term	2026-10-04	
服饰电商	fu'shi'dian'shang	word	2026-10-04	
机床电器	ji'chuang'dian'qi	term	2026-10-04	
李迅雷	li'xun'lei	name	2026-10-04	
杨培东	yang'pei'dong	name	2026-10-04	
标记二抗	biao'ji'er'kang	term	2026-10-04	
样板县	yang'ban'xian	word	2026-10-04	
核算边界	he'suan'bian'jie	term	2026-10-04	
槟榔次碱	bing'lang'ci'jian	term	2026-10-04	
毒藤	du'teng	word	2026-10-04	
水帘机	shui'lian'ji	term	2026-10-04	
水文检测	shui'wen'jian'ce	term	2026-10-04	
沙箱机制	sha'xiang'ji'zhi	term	2026-10-04	
沪教委	hu'jiao'wei	word	2026-10-04	
沾黏	zhan'nian	word	2026-10-04	
波旁种	bo'pang'zhong	term	2026-10-04	
波纹管阀	bo'wen'guan'fa	term	2026-10-04	
泰州学院	tai'zhou'xue'yuan	name	2026-10-04	
活塞筒	huo'sai'tong	term	2026-10-04	
流量套利	liu'liang'tao'li	term	2026-10-04	
液位信号	ye'wei'xin'hao	term	2026-10-04	
液压合页	ye'ya'he'ye	term	2026-10-04	
液态阳光	ye'tai'yang'guang	term	2026-10-04	
混炼造粒	hun'lian'zao'li	term	2026-10-04	
溶剂模型	rong'ji'mo'xing	term	2026-10-04	
灭活率	mie'huo'lv	term	2026-10-04	
爆沸	bao'fei	term	2026-10-04	
物料领用	wu'liao'ling'yong	term	2026-10-04	
猛士汽车	meng'shi'qi'che	name	2026-10-04	
现车出售	xian'che'chu'shou	word	2026-10-04	
甲酰化	jia'xian'hua	term	2026-10-04	
申惠善	shen'hui'shan	name	2026-10-04	
电子界桩	dian'zi'jie'zhuang	term	2026-10-04	
电极帽	dian'ji'mao	term	2026-10-04	
百天宝宝	bai'tian'bao'bao	word	2026-10-04	
直阻测试	zhi'zu'ce'shi	term	2026-10-04	
眼动数据	yan'dong'shu'ju	term	2026-10-04	
短途度假	duan'tu'du'jia	word	2026-10-04	
石纪元	shi'ji'yuan	name	2026-10-04	
硅胶护套	gui'jiao'hu'tao	term	2026-10-04	
硬核挑战	ying'he'tiao'zhan	word	2026-10-04	
磁吸灯	ci'xi'deng	word	2026-10-04	
私教服务	si'jiao'fu'wu	word	2026-10-04	
积水倒灌	ji'shui'dao'guan	word	2026-10-04	
称量室	cheng'liang'shi	term	2026-10-04	
端子模块	duan'zi'mo'kuai	term	2026-10-04	
糖煮	tang'zhu	word	2026-10-04	
纪法教育	ji'fa'jiao'yu	term	2026-10-04	
绝不罢休	jue'bu'ba'xiu	word	2026-10-04	
耦合钳	ou'he'qian	term	2026-10-04	
联锁系统	lian'suo'xi'tong	term	2026-10-04	
脑机系统	nao'ji'xi'tong	term	2026-10-04	
腰凳	yao'deng	word	2026-10-04	
臭秽	chou'hui	word	2026-10-04	
舆情预警	yu'qing'yu'jing	term	2026-10-04	
苯扎氯铵	ben'zha'lv'an	term	2026-10-04	
菌株筛选	jun'zhu'shai'xuan	term	2026-10-04	
落地摆件	luo'di'bai'jian	word	2026-10-04	
蒸梨	zheng'li	word	2026-10-04	
裴珠泫	pei'zhu'xuan	name	2026-10-04	
警保联动	jing'bao'lian'dong	term	2026-10-04	
认缴期限	ren'jiao'qi'xian	term	2026-10-04	
询盘率	xun'pan'lv	term	2026-10-04	
语义偏差	yu'yi'pian'cha	term	2026-10-04	
谢丽尔	xie'li'er	name	2026-10-04	
谭氏	tan'shi	name	2026-10-04	
费用上限	fei'yong'shang'xian	word	2026-10-04	
达人探店	da'ren'tan'dian	word	2026-10-04	
酶偶联	mei'ou'lian	term	2026-10-04	
金叶榆	jin'ye'yu	term	2026-10-04	
铃鹿央士	ling'lu'yang'shi	name	2026-10-04	
铜板纸	tong'ban'zhi	term	2026-10-04	
银包铜	yin'bao'tong	term	2026-10-04	
镜头支架	jing'tou'zhi'jia	word	2026-10-04	
阖家团聚	he'jia'tuan'ju	word	2026-10-04	
隐式标识	yin'shi'biao'shi	term	2026-10-04	
集体防御	ji'ti'fang'yu	term	2026-10-04	
震卦	zhen'gua	term	2026-10-04	
静电排斥	jing'dian'pai'chi	term	2026-10-04	
项目排期	xiang'mu'pai'qi	word	2026-10-04	
饼粕	bing'po	term	2026-10-04	
高亮标注	gao'liang'biao'zhu	word	2026-10-04	
高纪凡	gao'ji'fan	name	2026-10-04	
鲛珠	jiao'zhu	word	2026-10-04	
一丝一丝	yi'si'yi'si	word	2026-10-04	
上海援疆	shang'hai'yuan'jiang	word	2026-10-04	
上腭	shang'e	word	2026-10-04	
串串房	chuan'chuan'fang	slang	2026-10-04	
互动影像	hu'dong'ying'xiang	term	2026-10-04	
人形生物	ren'xing'sheng'wu	word	2026-10-04	
代码实例	dai'ma'shi'li	word	2026-10-04	
保留时长	bao'liu'shi'chang	word	2026-10-04	
倒角抛光	dao'jiao'pao'guang	term	2026-10-04	
催告函	cui'gao'han	term	2026-10-04	
入馔	ru'zhuan	word	2026-10-04	
全程陪诊	quan'cheng'pei'zhen	word	2026-10-04	
全程驻场	quan'cheng'zhu'chang	word	2026-10-04	
内联编辑	nei'lian'bian'ji	term	2026-10-04	
冬至阳生	dong'zhi'yang'sheng	word	2026-10-04	
利是封	li'shi'feng	word	2026-10-04	
前插助攻	qian'cha'zhu'gong	term	2026-10-04	
华设集团	hua'she'ji'tuan	name	2026-10-04	
单网口	dan'wang'kou	term	2026-10-04	
危险阈值	wei'xian'yu'zhi	term	2026-10-04	
去厨师化	qu'chu'shi'hua	slang	2026-10-04	
去油膜	qu'you'mo	word	2026-10-04	
去滓温服	qu'zi'wen'fu	term	2026-10-04	
受资助者	shou'zi'zhu'zhe	word	2026-10-04	
叶光富	ye'guang'fu	name	2026-10-04	
吴映洁	wu'ying'jie	name	2026-10-04	
咸粽	xian'zong	word	2026-10-04	
商誉损失	shang'yu'sun'shi	term	2026-10-04	
圈速纪录	quan'su'ji'lu	term	2026-10-04	
堵转保护	du'zhuan'bao'hu	term	2026-10-04	
堵转电流	du'zhuan'dian'liu	term	2026-10-04	
复古掌机	fu'gu'zhang'ji	word	2026-10-04	
外综服	wai'zong'fu	term	2026-10-04	
多码合一	duo'ma'he'yi	term	2026-10-04	
多边进程	duo'bian'jin'cheng	term	2026-10-04	
奇点时刻	qi'dian'shi'ke	word	2026-10-04	
客户背调	ke'hu'bei'diao	word	2026-10-04	
密缝铺贴	mi'feng'pu'tie	term	2026-10-04	
导示系统	dao'shi'xi'tong	term	2026-10-04	
尽在眼前	jin'zai'yan'qian	word	2026-10-04	
巨量云图	ju'liang'yun'tu	name	2026-10-04	
带班方略	dai'ban'fang'lve	term	2026-10-04	
干甚么	gan'shen'me	word	2026-10-04	
应知尽知	ying'zhi'jin'zhi	word	2026-10-04	
应统尽统	ying'tong'jin'tong	word	2026-10-04	
开放工签	kai'fang'gong'qian	term	2026-10-04	
弧焊工艺	hu'han'gong'yi	term	2026-10-04	
微胶囊化	wei'jiao'nang'hua	term	2026-10-04	
总装机量	zong'zhuang'ji'liang	word	2026-10-04	
执剑长老	zhi'jian'zhang'lao	word	2026-10-04	
抖臀	dou'tun	word	2026-10-04	
抗重力	kang'zhong'li	term	2026-10-04	
拉眼角	la'yan'jiao	word	2026-10-04	
捞汁	lao'zhi	word	2026-10-04	
捣打料	dao'da'liao	term	2026-10-04	
援沪	yuan'hu	word	2026-10-04	
搪塑	tang'su	term	2026-10-04	
撑杆跳高	cheng'gan'tiao'gao	word	2026-10-04	
擀开	gan'kai	word	2026-10-04	
收礼者	shou'li'zhe	word	2026-10-04	
效期预警	xiao'qi'yu'jing	term	2026-10-04	
数值漂移	shu'zhi'piao'yi	term	2026-10-04	
数据摄取	shu'ju'she'qu	term	2026-10-04	
施米特	shi'mi'te	name	2026-10-04	
无限机兵	wu'xian'ji'bing	name	2026-10-04	
时区转换	shi'qu'zhuan'huan	term	2026-10-04	
春蕾班	chun'lei'ban	term	2026-10-04	
显微检测	xian'wei'jian'ce	term	2026-10-04	
智能应答	zhi'neng'ying'da	term	2026-10-04	
李成儒	li'cheng'ru	name	2026-10-04	
柯里昂	ke'li'ang	name	2026-10-04	
桩基加固	zhuang'ji'jia'gu	term	2026-10-04	
梨型身材	li'xing'shen'cai	word	2026-10-04	
橘粉	ju'fen	word	2026-10-04	
欠薪治理	qian'xin'zhi'li	term	2026-10-04	
正思惟	zheng'si'wei	term	2026-10-04	
每日重置	mei'ri'chong'zhi	word	2026-10-04	
毕赣	bi'gan	name	2026-10-04	
氢基竖炉	qing'ji'shu'lu	term	2026-10-04	
永野芽郁	yong'ye'ya'yu	name	2026-10-04	
洗头盆	xi'tou'pen	word	2026-10-04	
洗浴沐足	xi'yu'mu'zu	word	2026-10-04	
深度共情	shen'du'gong'qing	word	2026-10-04	
溶出物	rong'chu'wu	term	2026-10-04	
灾后复产	zai'hou'fu'chan	word	2026-10-04	
灾备方案	zai'bei'fang'an	term	2026-10-04	
熵值法	shang'zhi'fa	term	2026-10-04	
猿编程	yuan'bian'cheng	name	2026-10-04	
环绕音箱	huan'rao'yin'xiang	word	2026-10-04	
电动车棚	dian'dong'che'peng	word	2026-10-04	
监管台账	jian'guan'tai'zhang	term	2026-10-04	
知农爱农	zhi'nong'ai'nong	word	2026-10-04	
砧座	zhen'zuo	term	2026-10-04	
确认收件	que'ren'shou'jian	word	2026-10-04	
碧芭宝贝	bi'ba'bao'bei	name	2026-10-04	
社教活动	she'jiao'huo'dong	word	2026-10-04	
福原绫香	fu'yuan'ling'xiang	name	2026-10-04	
秽浊	hui'zhuo	word	2026-10-04	
稀碱	xi'jian	term	2026-10-04	
空域安全	kong'yu'an'quan	term	2026-10-04	
糊辣	hu'la	word	2026-10-04	
绿波带	lv'bo'dai	term	2026-10-04	
缅甸玉	mian'dian'yu	word	2026-10-04	
罗斯维尔	luo'si'wei'er	name	2026-10-04	
耐冷性	nai'leng'xing	term	2026-10-04	
良渚论坛	liang'zhu'lun'tan	name	2026-10-04	
芬顿氧化	fen'dun'yang'hua	term	2026-10-04	
芳香味	fang'xiang'wei	word	2026-10-04	
草皮卷	cao'pi'juan	word	2026-10-04	
蒸压养护	zheng'ya'yang'hu	term	2026-10-04	
蓄热板	xu're'ban	term	2026-10-04	
蔡琳	cai'lin	name	2026-10-04	
薄霜	bao'shuang	word	2026-10-04	
行业禁入	hang'ye'jin'ru	word	2026-10-04	
袁贵仁	yuan'gui'ren	name	2026-10-04	
装液量	zhuang'ye'liang	term	2026-10-04	
试验夹具	shi'yan'jia'ju	term	2026-10-04	
贺建奎	he'jian'kui	name	2026-10-04	
赢利模式	ying'li'mo'shi	word	2026-10-04	
赭红色	zhe'hong'se	word	2026-10-04	
超短片	chao'duan'pian	word	2026-10-04	
跌水曝气	die'shui'pu'qi	term	2026-10-04	
透传模式	tou'chuan'mo'shi	term	2026-10-04	
邵伯	shao'bo	name	2026-10-04	
重生嫡女	chong'sheng'di'nv	slang	2026-10-04	
铝艺门	lv'yi'men	term	2026-10-04	
链上投票	lian'shang'tou'piao	term	2026-10-04	
锈垢	xiu'gou	word	2026-10-04	
镶爪	xiang'zhua	term	2026-10-04	
门联锁	men'lian'suo	term	2026-10-04	
防减救灾	fang'jian'jiu'zai	word	2026-10-04	
防爆证书	fang'bao'zheng'shu	term	2026-10-04	
防盗瓶盖	fang'dao'ping'gai	word	2026-10-04	
陈政高	chen'zheng'gao	name	2026-10-04	
集智聚力	ji'zhi'ju'li	word	2026-10-04	
零妥协	ling'tuo'xie	word	2026-10-04	
零容错	ling'rong'cuo	word	2026-10-04	
零序过流	ling'xu'guo'liu	term	2026-10-04	
非劣效	fei'lie'xiao	term	2026-10-04	
非标加工	fei'biao'jia'gong	term	2026-10-04	
鞭梢	bian'shao	word	2026-10-04	
风光储氢	feng'guang'chu'qing	term	2026-10-04	
验厂报告	yan'chang'bao'gao	term	2026-10-04	
高温滤袋	gao'wen'lv'dai	term	2026-10-04	
髹漆	xiu'qi	term	2026-10-04	
鸡平胡	ji'ping'hu	slang	2026-10-04	
齐邦媛	qi'bang'yuan	name	2026-10-04	
一剑穿心	yi'jian'chuan'xin	word	2026-10-04	
一推再推	yi'tui'zai'tui	word	2026-10-04	
三宝颜	san'bao'yan	name	2026-10-04	
三相接线	san'xiang'jie'xian	term	2026-10-04	
中型坦克	zhong'xing'tan'ke	word	2026-10-04	
中缝装订	zhong'feng'zhuang'ding	term	2026-10-04	
五蠹	wu'du	name	2026-10-04	
代驾平台	dai'jia'ping'tai	word	2026-10-04	
企微活码	qi'wei'huo'ma	term	2026-10-04	
低彩礼	di'cai'li	word	2026-10-04	
倚外谋独	yi'wai'mou'du	word	2026-10-04	
元炁	yuan'qi	term	2026-10-04	
光掩模	guang'yan'mo	term	2026-10-04	
兔狲	tu'sun	word	2026-10-04	
共用厨房	gong'yong'chu'fang	word	2026-10-04	
准直仪	zhun'zhi'yi	term	2026-10-04	
出险房企	chu'xian'fang'qi	term	2026-10-04	
刮碰	gua'peng	word	2026-10-04	
制动衬垫	zhi'dong'chen'dian	term	2026-10-04	
动态荷载	dong'tai'he'zai	term	2026-10-04	
包裹袋	bao'guo'dai	word	2026-10-04	
化工试剂	hua'gong'shi'ji	word	2026-10-04	
千瓜数据	qian'gua'shu'ju	name	2026-10-04	
半瘫	ban'tan	word	2026-10-04	
南共市	nan'gong'shi	term	2026-10-04	
卡拉羊	ka'la'yang	name	2026-10-04	
原位分析	yuan'wei'fen'xi	term	2026-10-04	
双语班	shuang'yu'ban	word	2026-10-04	
发号器	fa'hao'qi	term	2026-10-04	
台架测试	tai'jia'ce'shi	term	2026-10-04	
吃蒜	chi'suan	word	2026-10-04	
同轴光源	tong'zhou'guang'yuan	term	2026-10-04	
含药血清	han'yao'xue'qing	term	2026-10-04	
四水四定	si'shui'si'ding	word	2026-10-04	
国和一号	guo'he'yi'hao	name	2026-10-04	
夏含夷	xia'han'yi	name	2026-10-04	
多签机制	duo'qian'ji'zhi	term	2026-10-04	
大逼兜	da'bi'dou	slang	2026-10-04	
头颈鳞癌	tou'jing'lin'ai	term	2026-10-04	
奥菲莉娅	ao'fei'li'ya	name	2026-10-04	
娜塔莉娅	na'ta'li'ya	name	2026-10-04	
客户分群	ke'hu'fen'qun	term	2026-10-04	
容灾切换	rong'zai'qie'huan	term	2026-10-04	
尾钩	wei'gou	term	2026-10-04	
山西卫视	shan'xi'wei'shi	name	2026-10-04	
带电离子	dai'dian'li'zi	term	2026-10-04	
帷帽	wei'mao	word	2026-10-04	
座椅背	zuo'yi'bei	word	2026-10-04	
康斯坦斯	kang'si'tan'si	name	2026-10-04	
弗迪动力	fu'di'dong'li	name	2026-10-04	
弹性支承	tan'xing'zhi'cheng	term	2026-10-04	
形貌图	xing'mao'tu	term	2026-10-04	
快装球阀	kuai'zhuang'qiu'fa	term	2026-10-04	
急在心里	ji'zai'xin'li	word	2026-10-04	
恒山派	heng'shan'pai	name	2026-10-04	
惜哉	xi'zai	word	2026-10-04	
执棋者	zhi'qi'zhe	word	2026-10-04	
拉曼信号	la'man'xin'hao	term	2026-10-04	
指南共识	zhi'nan'gong'shi	term	2026-10-04	
振动工况	zhen'dong'gong'kuang	term	2026-10-04	
振荡模式	zhen'dang'mo'shi	term	2026-10-04	
推料杆	tui'liao'gan	term	2026-10-04	
揭开谜团	jie'kai'mi'tuan	word	2026-10-04	
数据掩蔽	shu'ju'yan'bi	term	2026-10-04	
斗轮机	dou'lun'ji	term	2026-10-04	
断路故障	duan'lu'gu'zhang	term	2026-10-04	
施氮量	shi'dan'liang	term	2026-10-04	
无刷伺服	wu'shua'si'fu	term	2026-10-04	
无励磁	wu'li'ci	term	2026-10-04	
无始劫	wu'shi'jie	term	2026-10-04	
智能备课	zhi'neng'bei'ke	word	2026-10-04	
木锯	mu'ju	word	2026-10-04	
李元浩	li'yuan'hao	name	2026-10-04	
杨妞花	yang'niu'hua	name	2026-10-04	
林占熺	lin'zhan'xi	name	2026-10-04	
果形指数	guo'xing'zhi'shu	term	2026-10-04	
枫桥夜泊	feng'qiao'ye'po	name	2026-10-04	
柳俊太郎	liu'jun'tai'lang	name	2026-10-04	
油压缸	you'ya'gang	term	2026-10-04	
法定分居	fa'ding'fen'ju	term	2026-10-04	
泰国浴	tai'guo'yu	word	2026-10-04	
活页式	huo'ye'shi	word	2026-10-04	
流量镜像	liu'liang'jing'xiang	term	2026-10-04	
海岛大亨	hai'dao'da'heng	name	2026-10-04	
消融导管	xiao'rong'dao'guan	term	2026-10-04	
涉贪	she'tan	word	2026-10-04	
淋溶	lin'rong	term	2026-10-04	
温彦博	wen'yan'bo	name	2026-10-04	
港华集团	gang'hua'ji'tuan	name	2026-10-04	
湿电极	shi'dian'ji	term	2026-10-04	
滇味	dian'wei	word	2026-10-04	
滚槽机	gun'cao'ji	term	2026-10-04	
烤虾	kao'xia	word	2026-10-04	
烬余	jin'yu	word	2026-10-04	
特殊病种	te'shu'bing'zhong	term	2026-10-04	
状卵形	zhuang'luan'xing	term	2026-10-04	
狛枝	bo'zhi	name	2026-10-04	
电切镜	dian'qie'jing	term	2026-10-04	
电极棒	dian'ji'bang	term	2026-10-04	
电池簇	dian'chi'cu	term	2026-10-04	
疏枝	shu'zhi	term	2026-10-04	
皮诺曹	pi'nuo'cao	name	2026-10-04	
矩形槽	ju'xing'cao	term	2026-10-04	
砰砰跳	peng'peng'tiao	word	2026-10-04	
硅烯	gui'xi	term	2026-10-04	
积屑瘤	ji'xie'liu	term	2026-10-04	
算法歧视	suan'fa'qi'shi	term	2026-10-04	
网约公交	wang'yue'gong'jiao	term	2026-10-04	
育种周期	yu'zhong'zhou'qi	term	2026-10-04	
肽类药物	tai'lei'yao'wu	term	2026-10-04	
菊地凛子	ju'di'lin'zi	name	2026-10-04	
蛇腹	she'fu	word	2026-10-04	
衬氟塑料	chen'fu'su'liao	term	2026-10-04	
裘千仞	qiu'qian'ren	name	2026-10-04	
谚云	yan'yun	word	2026-10-04	
负压抽滤	fu'ya'chou'lv	term	2026-10-04	
越南之声	yue'nan'zhi'sheng	name	2026-10-04	
跨境分销	kua'jing'fen'xiao	term	2026-10-04	
近净成形	jin'jing'cheng'xing	term	2026-10-04	
采选冶	cai'xuan'ye	term	2026-10-04	
镍钴锂	nie'gu'li	term	2026-10-04	
防倒灌	fang'dao'guan	term	2026-10-04	
阿龙纳斯	a'long'na'si	name	2026-10-04	
陆港枢纽	lu'gang'shu'niu	term	2026-10-04	
隽秀	juan'xiu	word	2026-10-04	
集热系统	ji're'xi'tong	term	2026-10-04	
韩德洙	han'de'zhu	name	2026-10-04	
顾雍	gu'yong	name	2026-10-04	
风电制氢	feng'dian'zhi'qing	term	2026-10-04	
风间俊介	feng'jian'jun'jie	name	2026-10-04	
饺皮	jiao'pi	word	2026-10-04	
髁突软骨	ke'tu'ruan'gu	term	2026-10-04	
高铬钢	gao'ge'gang	term	2026-10-04	
人参肽	ren'shen'tai	term	2026-10-04	
伺服闭环	si'fu'bi'huan	term	2026-10-04	
低碳园区	di'tan'yuan'qu	term	2026-10-04	
余氯仪	yu'lv'yi	term	2026-10-04	
信创替代	xin'chuang'ti'dai	term	2026-10-04	
偏振成像	pian'zhen'cheng'xiang	term	2026-10-04	
冻存细胞	dong'cun'xi'bao	term	2026-10-04	
刑冲合害	xing'chong'he'hai	term	2026-10-04	
刘奇葆	liu'qi'bao	name	2026-10-04	
单晶衬底	dan'jing'chen'di	term	2026-10-04	
卡玛拉	ka'ma'la	name	2026-10-04	
卫冕之战	wei'mian'zhi'zhan	word	2026-10-04	
去渍剂	qu'zi'ji	word	2026-10-04	
合眼缘	he'yan'yuan	slang	2026-10-04	
唾液腺癌	tuo'ye'xian'ai	term	2026-10-04	
回滚段	hui'gun'duan	term	2026-10-04	
复方青黛	fu'fang'qing'dai	term	2026-10-04	
奥什市	ao'shi'shi	name	2026-10-04	
妊娠检测	ren'shen'jian'ce	term	2026-10-04	
字幕识别	zi'mu'shi'bie	term	2026-10-04	
宠物湿巾	chong'wu'shi'jin	word	2026-10-04	
小白莲	xiao'bai'lian	slang	2026-10-04	
常陆茉子	chang'lu'mo'zi	name	2026-10-04	
庄士敦	zhuang'shi'dun	name	2026-10-04	
废料箱	fei'liao'xiang	word	2026-10-04	
德桑蒂斯	de'sang'di'si	name	2026-10-04	
打底膏	da'di'gao	word	2026-10-04	
扬花期	yang'hua'qi	term	2026-10-04	
扶养者	fu'yang'zhe	word	2026-10-04	
抗菌母粒	kang'jun'mu'li	term	2026-10-04	
拉昂错	la'ang'cuo	name	2026-10-04	
排球鞋	pai'qiu'xie	word	2026-10-04	
搭接面	da'jie'mian	term	2026-10-04	
支撑辊	zhi'cheng'gun	term	2026-10-04	
收缩痕	shou'suo'hen	term	2026-10-04	
新域新质	xin'yu'xin'zhi	word	2026-10-04	
无刷舵机	wu'shua'duo'ji	term	2026-10-04	
晶圆清洗	jing'yuan'qing'xi	term	2026-10-04	
智能分诊	zhi'neng'fen'zhen	term	2026-10-04	
智能混剪	zhi'neng'hun'jian	term	2026-10-04	
曲格列汀	qu'ge'lie'ting	term	2026-10-04	
机械台秤	ji'xie'tai'cheng	term	2026-10-04	
杖毙	zhang'bi	word	2026-10-04	
果味酒	guo'wei'jiu	word	2026-10-04	
果戈理	guo'ge'li	name	2026-10-04	
标本柜	biao'ben'gui	word	2026-10-04	
栴檀	zhan'tan	word	2026-10-04	
根因定位	gen'yin'ding'wei	term	2026-10-04	
次生风险	ci'sheng'feng'xian	term	2026-10-04	
歪马送酒	wai'ma'song'jiu	name	2026-10-04	
母带级	mu'dai'ji	word	2026-10-04	
毒蛊	du'gu	word	2026-10-04	
气动剪刀	qi'dong'jian'dao	word	2026-10-04	
氨纶混纺	an'lun'hun'fang	term	2026-10-04	
水贝黄金	shui'bei'huang'jin	name	2026-10-04	
汝矣岛	ru'yi'dao	name	2026-10-04	
汞电极	gong'dian'ji	term	2026-10-04	
汤粥	tang'zhou	word	2026-10-04	
注塑周期	zhu'su'zhou'qi	term	2026-10-04	
泪河高度	lei'he'gao'du	term	2026-10-04	
活菌量	huo'jun'liang	term	2026-10-04	
流延机	liu'yan'ji	term	2026-10-04	
清洗缸	qing'xi'gang	word	2026-10-04	
港人北上	gang'ren'bei'shang	word	2026-10-04	
湿帘墙	shi'lian'qiang	term	2026-10-04	
澜湄流域	lan'mei'liu'yu	name	2026-10-04	
灌封材料	guan'feng'cai'liao	term	2026-10-04	
灭菌室	mie'jun'shi	word	2026-10-04	
灭酶	mie'mei	term	2026-10-04	
点云处理	dian'yun'chu'li	term	2026-10-04	
热阻值	re'zu'zhi	term	2026-10-04	
焊缝打磨	han'feng'da'mo	term	2026-10-04	
焊钉	han'ding	term	2026-10-04	
猎毒人	lie'du'ren	name	2026-10-04	
瓦片图层	wa'pian'tu'ceng	term	2026-10-04	
用户凭据	yong'hu'ping'ju	term	2026-10-04	
电极贴	dian'ji'tie	word	2026-10-04	
电煤保供	dian'mei'bao'gong	term	2026-10-04	
病态依恋	bing'tai'yi'lian	word	2026-10-04	
痛哉	tong'zai	word	2026-10-04	
盂唇	yu'chun	term	2026-10-04	
盐焗乳鸽	yan'ju'ru'ge	word	2026-10-04	
眼用制剂	yan'yong'zhi'ji	term	2026-10-04	
短牌德州	duan'pai'de'zhou	term	2026-10-04	
硫酸盐化	liu'suan'yan'hua	term	2026-10-04	
碟簧	die'huang	term	2026-10-04	
碱浸	jian'jin	term	2026-10-04	
祁煜	qi'yu	name	2026-10-04	
私有镜像	si'you'jing'xiang	term	2026-10-04	
等位区	deng'wei'qu	word	2026-10-04	
管式电炉	guan'shi'dian'lu	term	2026-10-04	
粉颊	fen'jia	word	2026-10-04	
紫绶	zi'shou	word	2026-10-04	
络病理论	luo'bing'li'lun	term	2026-10-04	
网关模块	wang'guan'mo'kuai	term	2026-10-04	
背铐	bei'kao	word	2026-10-04	
腆着脸	tian'zhe'lian	word	2026-10-04	
菇棚	gu'peng	word	2026-10-04	
虚拟补丁	xu'ni'bu'ding	term	2026-10-04	
虫粪	chong'fen	word	2026-10-04	
螺纹阀	luo'wen'fa	term	2026-10-04	
蠕变测试	ru'bian'ce'shi	term	2026-10-04	
视频验厂	shi'pin'yan'chang	term	2026-10-04	
触控失灵	chu'kong'shi'ling	word	2026-10-04	
跨服攻城	kua'fu'gong'cheng	term	2026-10-04	
运营打法	yun'ying'da'fa	word	2026-10-04	
近场探头	jin'chang'tan'tou	term	2026-10-04	
进料箱	jin'liao'xiang	word	2026-10-04	
通络药	tong'luo'yao	word	2026-10-04	
郡夫人	jun'fu'ren	word	2026-10-04	
醋炙	cu'zhi	term	2026-10-04	
野庙	ye'miao	word	2026-10-04	
钢板吊钳	gang'ban'diao'qian	term	2026-10-04	
钻孔攻牙	zuan'kong'gong'ya	term	2026-10-04	
铜互连	tong'hu'lian	term	2026-10-04	
镍钛诺	nie'tai'nuo	term	2026-10-04	
间歇曝气	jian'xie'bao'qi	term	2026-10-04	
陈祥榕	chen'xiang'rong	name	2026-10-04	
隐球菌	yin'qiu'jun	term	2026-10-04	
集尘箱	ji'chen'xiang	word	2026-10-04	
雌蚊	ci'wen	word	2026-10-04	
青铜粉	qing'tong'fen	word	2026-10-04	
静音室	jing'yin'shi	word	2026-10-04	
风景怡人	feng'jing'yi'ren	word	2026-10-04	
风淋房	feng'lin'fang	term	2026-10-04	
首件确认	shou'jian'que'ren	term	2026-10-04	
香蕉插头	xiang'jiao'cha'tou	term	2026-10-04	
驻场支持	zhu'chang'zhi'chi	term	2026-10-04	
高压储氢	gao'ya'chu'qing	term	2026-10-04	
高湿气候	gao'shi'qi'hou	word	2026-10-04	
高纯碳	gao'chun'tan	term	2026-10-04	
业内首发	ye'nei'shou'fa	word	2026-10-04	
中度抑郁	zhong'du'yi'yu	word	2026-10-04	
临场心态	lin'chang'xin'tai	word	2026-10-04	
主食冻干	zhu'shi'dong'gan	term	2026-10-04	
二硫化钨	er'liu'hua'wu	term	2026-10-04	
交流访学	jiao'liu'fang'xue	word	2026-10-04	
亲油基	qin'you'ji	term	2026-10-04	
仁怀酱酒	ren'huai'jiang'jiu	word	2026-10-04	
优雅降级	you'ya'jiang'ji	term	2026-10-04	
位移补偿	wei'yi'bu'chang	term	2026-10-04	
供水阀	gong'shui'fa	word	2026-10-04	
健康画像	jian'kang'hua'xiang	term	2026-10-04	
光场调控	guang'chang'tiao'kong	term	2026-10-04	
兽吼	shou'hou	word	2026-10-04	
刀片电芯	dao'pian'dian'xin	term	2026-10-04	
分层记忆	fen'ceng'ji'yi	term	2026-10-04	
刘士余	liu'shi'yu	name	2026-10-04	
制造大省	zhi'zao'da'sheng	word	2026-10-04	
加棉加厚	jia'mian'jia'hou	word	2026-10-04	
加热回路	jia're'hui'lu	term	2026-10-04	
包案化解	bao'an'hua'jie	term	2026-10-04	
匠魂	jiang'hun	word	2026-10-04	
半浮动式	ban'fu'dong'shi	term	2026-10-04	
参观动线	can'guan'dong'xian	term	2026-10-04	
合著作者	he'zhu'zuo'zhe	word	2026-10-04	
培优计划	pei'you'ji'hua	word	2026-10-04	
堆码强度	dui'ma'qiang'du	term	2026-10-04	
墙面起皮	qiang'mian'qi'pi	word	2026-10-04	
壁厚减薄	bi'hou'jian'bao	term	2026-10-04	
大豆肽粉	da'dou'tai'fen	term	2026-10-04	
央地联动	yang'di'lian'dong	term	2026-10-04	
季克良	ji'ke'liang	name	2026-10-04	
封闭漆	feng'bi'qi	term	2026-10-04	
尼龙树脂	ni'long'shu'zhi	term	2026-10-04	
尿布桶	niao'bu'tong	word	2026-10-04	
差模干扰	cha'mo'gan'rao	term	2026-10-04	
布里吉特	bu'li'ji'te	name	2026-10-04	
希维尔	xi'wei'er	name	2026-10-04	
幼穗	you'sui	term	2026-10-04	
应急药箱	ying'ji'yao'xiang	word	2026-10-04	
开山岛	kai'shan'dao	name	2026-10-04	
异硫氰酸	yi'liu'qing'suan	term	2026-10-04	
扫查器	sao'cha'qi	term	2026-10-04	
抗反射膜	kang'fan'she'mo	term	2026-10-04	
抽洗机	chou'xi'ji	word	2026-10-04	
拉伸负荷	la'shen'fu'he	term	2026-10-04	
推拿椅	tui'na'yi	word	2026-10-04	
援藏援疆	yuan'zang'yuan'jiang	term	2026-10-04	
敢谏	gan'jian	word	2026-10-04	
数字智造	shu'zi'zhi'zao	term	2026-10-04	
数控车铣	shu'kong'che'xi	term	2026-10-04	
斫琴师	zhuo'qin'shi	term	2026-10-04	
无卤环保	wu'lu'huan'bao	term	2026-10-04	
昆仑虚	kun'lun'xu	name	2026-10-04	
易感期	yi'gan'qi	term	2026-10-04	
显式定义	xian'shi'ding'yi	term	2026-10-04	
智能组卷	zhi'neng'zu'juan	term	2026-10-04	
曹翠芬	cao'cui'fen	name	2026-10-04	
朱佑樘	zhu'you'tang	name	2026-10-04	
村上淳	cun'shang'chun	name	2026-10-04	
桔子皮	ju'zi'pi	word	2026-10-04	
梯瓦制药	ti'wa'zhi'yao	name	2026-10-04	
氩焊	ya'han	term	2026-10-04	
水膜除尘	shui'mo'chu'chen	term	2026-10-04	
汉绣	han'xiu	term	2026-10-04	
沪铅	hu'qian	term	2026-10-04	
浮选剂	fu'xuan'ji	term	2026-10-04	
深职大	shen'zhi'da	name	2026-10-04	
温儒敏	wen'ru'min	name	2026-10-04	
燃滑油	ran'hua'you	term	2026-10-04	
电器火灾	dian'qi'huo'zai	term	2026-10-04	
电子防伪	dian'zi'fang'wei	term	2026-10-04	
盖特威克	gai'te'wei'ke	name	2026-10-04	
直驱式	zhi'qu'shi	term	2026-10-04	
砂滤层	sha'lv'ceng	term	2026-10-04	
社福机构	she'fu'ji'gou	term	2026-10-04	
穰侯	rang'hou	name	2026-10-04	
穰苴	rang'ju	name	2026-10-04	
章家敦	zhang'jia'dun	name	2026-10-04	
端面铣	duan'mian'xi	term	2026-10-04	
管辂	guan'lu	name	2026-10-04	
管道补口	guan'dao'bu'kou	term	2026-10-04	
红裳	hong'shang	word	2026-10-04	
纳木错湖	na'mu'cuo'hu	name	2026-10-04	
线性投影	xian'xing'tou'ying	term	2026-10-04	
绒印花	rong'yin'hua	term	2026-10-04	
罗工柳	luo'gong'liu	name	2026-10-04	
脱脂槽	tuo'zhi'cao	term	2026-10-04	
自动换料	zi'dong'huan'liao	term	2026-10-04	
舍得老酒	she'de'lao'jiu	name	2026-10-04	
萃取釜	cui'qu'fu	term	2026-10-04	
蒸散发	zheng'san'fa	term	2026-10-04	
虫害防制	chong'hai'fang'zhi	term	2026-10-04	
补碘	bu'dian	word	2026-10-04	
角色弧光	jue'se'hu'guang	term	2026-10-04	
触手生物	chu'shou'sheng'wu	term	2026-10-04	
认证鉴权	ren'zheng'jian'quan	term	2026-10-04	
贾敬龙	jia'jing'long	name	2026-10-04	
起重吊钳	qi'zhong'diao'qian	term	2026-10-04	
进风通道	jin'feng'tong'dao	term	2026-10-04	
连锁装置	lian'suo'zhuang'zhi	term	2026-10-04	
送样检测	song'yang'jian'ce	term	2026-10-04	
逆市走强	ni'shi'zou'qiang	term	2026-10-04	
酒炙	jiu'zhi	term	2026-10-04	
采购台账	cai'gou'tai'zhang	term	2026-10-04	
里根号	li'gen'hao	name	2026-10-04	
野岛裕史	ye'dao'yu'shi	name	2026-10-04	
钒基	fan'ji	term	2026-10-04	
铃兰之剑	ling'lan'zhi'jian	name	2026-10-04	
铜芯导体	tong'xin'dao'ti	term	2026-10-04	
镀铝纸	du'lv'zhi	term	2026-10-04	
长园集团	chang'yuan'ji'tuan	name	2026-10-04	
阶梯孔	jie'ti'kong	term	2026-10-04	
限位结构	xian'wei'jie'gou	term	2026-10-04	
隔声室	ge'sheng'shi	term	2026-10-04	
非银机构	fei'yin'ji'gou	term	2026-10-04	
风语筑	feng'yu'zhu	name	2026-10-04	
风险外溢	feng'xian'wai'yi	term	2026-10-04	
馋死	chan'si	slang	2026-10-04	
鱼凫	yu'fu	name	2026-10-04	
黄宏生	huang'hong'sheng	name	2026-10-04	
黏连蛋白	nian'lian'dan'bai	term	2026-10-04	
下姜村	xia'jiang'cun	name	2026-10-04	
中国塑协	zhong'guo'su'xie	name	2026-10-04	
二间穴	er'jian'xue	term	2026-10-04	
亲子露营	qin'zi'lu'ying	term	2026-10-04	
低析出	di'xi'chu	term	2026-10-04	
侧辊	ce'gun	term	2026-10-04	
保鲜箱	bao'xian'xiang	word	2026-10-04	
储油箱	chu'you'xiang	word	2026-10-04	
光照试验	guang'zhao'shi'yan	term	2026-10-04	
冲师逆徒	chong'shi'ni'tu	slang	2026-10-04	
减振装置	jian'zhen'zhuang'zhi	term	2026-10-04	
分岔口	fen'cha'kou	word	2026-10-04	
刘益谦	liu'yi'qian	name	2026-10-04	
医械企业	yi'xie'qi'ye	word	2026-10-04	
午夜梦魇	wu'ye'meng'yan	word	2026-10-04	
即刻解锁	ji'ke'jie'suo	word	2026-10-04	
即时触发	ji'shi'chu'fa	word	2026-10-04	
即点即用	ji'dian'ji'yong	word	2026-10-04	
压电超声	ya'dian'chao'sheng	term	2026-10-04	
双向止水	shuang'xiang'zhi'shui	term	2026-10-04	
双方议定	shuang'fang'yi'ding	word	2026-10-04	
史诗难度	shi'shi'nan'du	word	2026-10-04	
右肘	you'zhou	word	2026-10-04	
右贤王	you'xian'wang	name	2026-10-04	
吸音涂料	xi'yin'tu'liao	term	2026-10-04	
品牌触点	pin'pai'chu'dian	term	2026-10-04	
品鉴室	pin'jian'shi	word	2026-10-04	
唐墓	tang'mu	word	2026-10-04	
回音室	hui'yin'shi	word	2026-10-04	
国际脚联	guo'ji'jiao'lian	name	2026-10-04	
城区智驾	cheng'qu'zhi'jia	term	2026-10-04	
声光预警	sheng'guang'yu'jing	term	2026-10-04	
大塚刚央	da'zhong'gang'yang	name	2026-10-04	
头部险企	tou'bu'xian'qi	term	2026-10-04	
安吉莉娜	an'ji'li'na	name	2026-10-04	
官方立减	guan'fang'li'jian	word	2026-10-04	
实名收寄	shi'ming'shou'ji	term	2026-10-04	
审改办	shen'gai'ban	term	2026-10-04	
尚客优	shang'ke'you	name	2026-10-04	
尝鲜装	chang'xian'zhuang	word	2026-10-04	
差模电感	cha'mo'dian'gan	term	2026-10-04	
布丁狗	bu'ding'gou	name	2026-10-04	
带教导师	dai'jiao'dao'shi	term	2026-10-04	
幂等键	mi'deng'jian	term	2026-10-04	
年终巨献	nian'zhong'ju'xian	word	2026-10-04	
年终钜惠	nian'zhong'ju'hui	word	2026-10-04	
广告版位	guang'gao'ban'wei	term	2026-10-04	
废液回收	fei'ye'hui'shou	term	2026-10-04	
弑主	shi'zhu	word	2026-10-04	
心理画像	xin'li'hua'xiang	term	2026-10-04	
扎带机	zha'dai'ji	term	2026-10-04	
打问号	da'wen'hao	word	2026-10-04	
抗拔力	kang'ba'li	term	2026-10-04	
提质焕新	ti'zhi'huan'xin	word	2026-10-04	
数据沙箱	shu'ju'sha'xiang	term	2026-10-04	
新人报到	xin'ren'bao'dao	word	2026-10-04	
无土基质	wu'tu'ji'zhi	term	2026-10-04	
李学勤	li'xue'qin	name	2026-10-04	
栅极电荷	zha'ji'dian'he	term	2026-10-04	
档位切换	dang'wei'qie'huan	word	2026-10-04	
橡塑助剂	xiang'su'zhu'ji	term	2026-10-04	
欢迎试用	huan'ying'shi'yong	word	2026-10-04	
欧阳娣娣	ou'yang'di'di	name	2026-10-04	
气动夹紧	qi'dong'jia'jin	term	2026-10-04	
水性补土	shui'xing'bu'tu	term	2026-10-04	
流量阈值	liu'liang'yu'zhi	term	2026-10-04	
深度见解	shen'du'jian'jie	word	2026-10-04	
清关放行	qing'guan'fang'xing	word	2026-10-04	
渗压计	shen'ya'ji	term	2026-10-04	
热斑效应	re'ban'xiao'ying	term	2026-10-04	
独立包间	du'li'bao'jian	word	2026-10-04	
玄鉴仙族	xuan'jian'xian'zu	name	2026-10-04	
玛仕度肽	ma'shi'du'tai	term	2026-10-04	
电压纹波	dian'ya'wen'bo	term	2026-10-04	
电流上限	dian'liu'shang'xian	word	2026-10-04	
监测浮标	jian'ce'fu'biao	term	2026-10-04	
真圆度	zhen'yuan'du	term	2026-10-04	
硬件滤波	ying'jian'lv'bo	term	2026-10-04	
碳包覆	tan'bao'fu	term	2026-10-04	
种鸡场	zhong'ji'chang	word	2026-10-04	
移动语义	yi'dong'yu'yi	term	2026-10-04	
移植免疫	yi'zhi'mian'yi	term	2026-10-04	
策略射击	ce'lve'she'ji	term	2026-10-04	
精准拓客	jing'zhun'tuo'ke	word	2026-10-04	
累积雨量	lei'ji'yu'liang	term	2026-10-04	
纸基材料	zhi'ji'cai'liao	term	2026-10-04	
绝缘梯	jue'yuan'ti	term	2026-10-04	
绿钞	lv'chao	word	2026-10-04	
聂卫平杯	nie'wei'ping'bei	name	2026-10-04	
脐疗	qi'liao	term	2026-10-04	
茶梗	cha'geng	word	2026-10-04	
莱弗利	lai'fu'li	name	2026-10-04	
行为指纹	xing'wei'zhi'wen	term	2026-10-04	
补签卡	bu'qian'ka	word	2026-10-04	
解谜探索	jie'mi'tan'suo	word	2026-10-04	
试验误差	shi'yan'wu'cha	term	2026-10-04	
身份低微	shen'fen'di'wei	word	2026-10-04	
轧管机	zha'guan'ji	term	2026-10-04	
轨到轨	gui'dao'gui	term	2026-10-04	
远心光学	yuan'xin'guang'xue	term	2026-10-04	
迟发型	chi'fa'xing	term	2026-10-04	
适老家居	shi'lao'jia'ju	term	2026-10-04	
逐一排除	zhu'yi'pai'chu	word	2026-10-04	
逐章逐条	zhu'zhang'zhu'tiao	word	2026-10-04	
酰胺基团	xian'an'ji'tuan	term	2026-10-04	
金相图	jin'xiang'tu	term	2026-10-04	
铁水包	tie'shui'bao	term	2026-10-04	
锚筋	mao'jin	term	2026-10-04	
键鼠玩家	jian'shu'wan'jia	word	2026-10-04	
锰渣	meng'zha	term	2026-10-04	
长髯	chang'ran	word	2026-10-04	
闽政办	min'zheng'ban	term	2026-10-04	
