# word	kind	date	note
万霖	junk	2026-10-04	
页第	fragment	2026-10-04	
化建设	fragment	2026-10-04	
乐鱼	junk	2026-10-04	
业数字化	fragment	2026-10-04	
凯发	junk	2026-10-04	
沉点	obscure	2026-10-04	
化升级	fragment	2026-10-04	
局关于	fragment	2026-10-04	
罗茨	obscure	2026-10-04	curators differ
欧意	junk	2026-10-04	
安博	obscure	2026-10-04	
邑天下	junk	2026-10-04	
器是一种	fragment	2026-10-04	
化水平	fragment	2026-10-04	
满脚	obscure	2026-10-04	
主要由	phrase	2026-10-04	
市市场监	fragment	2026-10-04	
参取	typo	2026-10-04	
逛戏	junk	2026-10-04	
微乐	junk	2026-10-04	
玥玛	obscure	2026-10-04	
者带来	fragment	2026-10-04	
院关于	fragment	2026-10-04	
鲲泰	obscure	2026-10-04	
进一步推	fragment	2026-10-04	
族自治州	fragment	2026-10-04	
严沉	typo	2026-10-04	
器采用	fragment	2026-10-04	
业增加值	fragment	2026-10-04	
网坐	obscure	2026-10-04	
秦峰	obscure	2026-10-04	
涨超	phrase	2026-10-04	
大会暨	fragment	2026-10-04	
已进入	phrase	2026-10-04	curators differ
小时后	phrase	2026-10-04	
替尼	fragment	2026-10-04	
等多重	phrase	2026-10-04	
通常由	phrase	2026-10-04	
师资格证	fragment	2026-10-04	
许青	obscure	2026-10-04	
须提供	phrase	2026-10-04	
版免费	fragment	2026-10-04	
五行属	phrase	2026-10-04	
等新兴	phrase	2026-10-04	
每一份	phrase	2026-10-04	curators differ
担任人	typo	2026-10-04	
规模达	phrase	2026-10-04	
曲播	junk	2026-10-04	
注意以下	phrase	2026-10-04	
点是什么	fragment	2026-10-04	
面积达	phrase	2026-10-04	
师考试	fragment	2026-10-04	
化布局	fragment	2026-10-04	
新范式	phrase	2026-10-04	curators differ
气报警器	fragment	2026-10-04	
性试验	fragment	2026-10-04	
市公共	fragment	2026-10-04	
逃求	typo	2026-10-04	
市高新	fragment	2026-10-04	
制定本	fragment	2026-10-04	
办事商	obscure	2026-10-04	
余篇	phrase	2026-10-04	
邑天下酒	junk	2026-10-04	
堡大学	fragment	2026-10-04	
登录后	phrase	2026-10-04	curators differ
乐竞	junk	2026-10-04	
壹号	obscure	2026-10-04	
胶葛	obscure	2026-10-04	
业环境中	fragment	2026-10-04	
式过滤器	fragment	2026-10-04	
级及以上	phrase	2026-10-04	
馆里	phrase	2026-10-04	
骚穴	junk	2026-10-04	
尝试室	typo	2026-10-04	
器厂家	fragment	2026-10-04	
语视频	fragment	2026-10-04	
业资格证	fragment	2026-10-04	
体验更加	phrase	2026-10-04	
病防治	fragment	2026-10-04	
冠凌体育	junk	2026-10-04	
辅帮	typo	2026-10-04	
苏晚	obscure	2026-10-04	
同时保持	phrase	2026-10-04	curators differ
美伊	phrase	2026-10-04	curators differ
投资者关	fragment	2026-10-04	
子加速器	fragment	2026-10-04	
集研发	fragment	2026-10-04	
占比达	phrase	2026-10-04	
沉视	typo	2026-10-04	
岚图	obscure	2026-10-04	curators differ
板上市	fragment	2026-10-04	
球运动员	fragment	2026-10-04	
试验仪	fragment	2026-10-04	
一坐式	typo	2026-10-04	
景不雅	fragment	2026-10-04	
葛亦民	junk	2026-10-04	
化手段	fragment	2026-10-04	
程自动化	fragment	2026-10-04	
于大多数	phrase	2026-10-04	
零跑	obscure	2026-10-04	curators differ
包拆	obscure	2026-10-04	
业信息化	fragment	2026-10-04	
易欧	junk	2026-10-04	
使用范围	phrase	2026-10-04	curators differ
夜不语	obscure	2026-10-04	
诺迪	obscure	2026-10-04	
机配件	fragment	2026-10-04	
化生产线	fragment	2026-10-04	
商之一	fragment	2026-10-04	
理等方面	fragment	2026-10-04	
即可使用	phrase	2026-10-04	curators differ
通常指	phrase	2026-10-04	
链协同	fragment	2026-10-04	
七零	obscure	2026-10-04	
旅逛	junk	2026-10-04	
日动静	fragment	2026-10-04	
叶辰	obscure	2026-10-04	
生和家长	fragment	2026-10-04	
万搏官网	junk	2026-10-04	
博阅	obscure	2026-10-04	
智汇	obscure	2026-10-04	
期临床	fragment	2026-10-04	
村党	fragment	2026-10-04	
沈清	obscure	2026-10-04	
旧宝盆	junk	2026-10-04	
台湾高防	junk	2026-10-04	
设想师	typo	2026-10-04	
未及时	phrase	2026-10-04	curators differ
欧艺	junk	2026-10-04	
智能制制	typo	2026-10-04	
病治疗	fragment	2026-10-04	
业研究院	fragment	2026-10-04	
器故障	fragment	2026-10-04	
广东科讯	junk	2026-10-04	
器维修	fragment	2026-10-04	
林晚	obscure	2026-10-04	
现出一种	fragment	2026-10-04	
美柚	obscure	2026-10-04	
什幺	typo	2026-10-04	
一个既	fragment	2026-10-04	
委关于	fragment	2026-10-04	
沉庆	typo	2026-10-04	
率低于	fragment	2026-10-04	
共绘	phrase	2026-10-04	
理工程师	fragment	2026-10-04	
性不足	fragment	2026-10-04	
化管控	fragment	2026-10-04	
浩辰	obscure	2026-10-04	curators differ
通过实时	phrase	2026-10-04	
檀亦	obscure	2026-10-04	
转化为实	fragment	2026-10-04	
即可享受	phrase	2026-10-04	curators differ
发展作出	phrase	2026-10-04	
使其能够	phrase	2026-10-04	curators differ
航泰	obscure	2026-10-04	
输尽光	junk	2026-10-04	
性肺	fragment	2026-10-04	
塔斯	fragment	2026-10-04	
应用于电	fragment	2026-10-04	
出了自己	phrase	2026-10-04	
式起重机	fragment	2026-10-04	
碧涂	obscure	2026-10-04	
穴里	junk	2026-10-04	
今期买	junk	2026-10-04	
沉塑	junk	2026-10-04	
草莓视频	junk	2026-10-04	
展现出强	fragment	2026-10-04	
曼德	fragment	2026-10-04	
陈默	obscure	2026-10-04	
镜检查	fragment	2026-10-04	
学院校	fragment	2026-10-04	
市天气	fragment	2026-10-04	
学院大学	phrase	2026-10-04	
尔尼	fragment	2026-10-04	
基于云	phrase	2026-10-04	
试过程中	fragment	2026-10-04	
韧性和	fragment	2026-10-04	
泛博	junk	2026-10-04	
下载污	junk	2026-10-04	
考虑以下	phrase	2026-10-04	
于区块链	fragment	2026-10-04	
建建粉饰	junk	2026-10-04	
提供实用	phrase	2026-10-04	
整拆	obscure	2026-10-04	
精拆	obscure	2026-10-04	
效益和	fragment	2026-10-04	
项正确	fragment	2026-10-04	
下逛	fragment	2026-10-04	
哔咔	obscure	2026-10-04	
工做人员	typo	2026-10-04	
仪采用	fragment	2026-10-04	
州市人民	fragment	2026-10-04	
一场精彩	phrase	2026-10-04	
视野和	fragment	2026-10-04	
水果视频	junk	2026-10-04	
赛一等奖	fragment	2026-10-04	
顺景	obscure	2026-10-04	
垂曲	obscure	2026-10-04	
语字幕	fragment	2026-10-04	
业总产值	fragment	2026-10-04	
论坛暨	fragment	2026-10-04	
业等领域	fragment	2026-10-04	
磁力猫	junk	2026-10-04	
料供应商	fragment	2026-10-04	
创怡灯箱	junk	2026-10-04	
鼎天国际	junk	2026-10-04	
芯科技	phrase	2026-10-04	
科莫	obscure	2026-10-04	
箱厂家	fragment	2026-10-04	
建牢	obscure	2026-10-04	
务工作者	fragment	2026-10-04	
者在选择	fragment	2026-10-04	
球爱好者	fragment	2026-10-04	
式换热器	fragment	2026-10-04	
即可开始	phrase	2026-10-04	
国度级	junk	2026-10-04	
费利西亚	obscure	2026-10-04	
性等方面	fragment	2026-10-04	
官方网点	phrase	2026-10-04	
手艺取	junk	2026-10-04	
正在售	phrase	2026-10-04	
器输出	fragment	2026-10-04	
谢渺	obscure	2026-10-04	
张雪	obscure	2026-10-04	
满足以下	phrase	2026-10-04	
力和创新	fragment	2026-10-04	
岛旅游	fragment	2026-10-04	
者应当	fragment	2026-10-04	
选择相应	phrase	2026-10-04	
收集餐饮	phrase	2026-10-04	
河镇	fragment	2026-10-04	
一系列重	fragment	2026-10-04	
件供应商	fragment	2026-10-04	
杨奇	obscure	2026-10-04	
实用方法	phrase	2026-10-04	
网思科技	obscure	2026-10-04	
姜异	obscure	2026-10-04	
像是一场	phrase	2026-10-04	
区桑拿	junk	2026-10-04	
蓝城	obscure	2026-10-04	
益最大化	fragment	2026-10-04	
国际问学	junk	2026-10-04	
汇赢国际	junk	2026-10-04	
赵旭	obscure	2026-10-04	
考生须	phrase	2026-10-04	
进一步激	fragment	2026-10-04	
叶玄	obscure	2026-10-04	
拦污	obscure	2026-10-04	
一系列精	fragment	2026-10-04	
焦点劣势	junk	2026-10-04	
级新生	fragment	2026-10-04	
贝格	obscure	2026-10-04	
充脚	junk	2026-10-04	
性和效率	fragment	2026-10-04	
借帮	junk	2026-10-04	
数据猿	obscure	2026-10-04	
师证书	fragment	2026-10-04	
天天气	fragment	2026-10-04	
卡纳	obscure	2026-10-04	
李思	obscure	2026-10-04	
式耳机	fragment	2026-10-04	
九游娱乐	junk	2026-10-04	
化运维	fragment	2026-10-04	
部白癜风	fragment	2026-10-04	
视频污	junk	2026-10-04	
娓告	junk	2026-10-04	
理能力和	fragment	2026-10-04	
爆乳	junk	2026-10-04	
于北京市	fragment	2026-10-04	
上逛	fragment	2026-10-04	
通过收集	phrase	2026-10-04	
国际鲲泰	junk	2026-10-04	
性前列腺	fragment	2026-10-04	
大屁股	junk	2026-10-04	
时搏	junk	2026-10-04	
合同胶葛	junk	2026-10-04	
卡塞	obscure	2026-10-04	
格安瑞	obscure	2026-10-04	
林晓	obscure	2026-10-04	
意昂	obscure	2026-10-04	
逃溯	junk	2026-10-04	
总经理张	fragment	2026-10-04	
余人参加	phrase	2026-10-04	
域智盾	fragment	2026-10-04	
完全由	phrase	2026-10-04	
天共有	fragment	2026-10-04	
队防线	fragment	2026-10-04	
余亩	fragment	2026-10-04	
化出产	junk	2026-10-04	
链生态	fragment	2026-10-04	
刘艳	obscure	2026-10-04	
者青睐	fragment	2026-10-04	
队凭借	fragment	2026-10-04	
长郭	fragment	2026-10-04	
理等领域	fragment	2026-10-04	
于广东省	fragment	2026-10-04	
仪厂家	fragment	2026-10-04	
于提供高	fragment	2026-10-04	
力和市场	fragment	2026-10-04	
穴口	junk	2026-10-04	
合做伙伴	typo	2026-10-04	
市海淀区	fragment	2026-10-04	
式传感器	fragment	2026-10-04	
建建面积	junk	2026-10-04	
西甲第	fragment	2026-10-04	
换表蒙	obscure	2026-10-04	
乐鱼平台	junk	2026-10-04	
沃什	obscure	2026-10-04	
万元至	fragment	2026-10-04	
端连接	fragment	2026-10-04	
交所上市	fragment	2026-10-04	
林默	obscure	2026-10-04	
核心任务	phrase	2026-10-04	
区附近	fragment	2026-10-04	
取办事	junk	2026-10-04	
东田	obscure	2026-10-04	
仪式暨	fragment	2026-10-04	
业化发展	fragment	2026-10-04	
养老办事	phrase	2026-10-04	
沈溪山	obscure	2026-10-04	
蒂尔	obscure	2026-10-04	
全方位解	fragment	2026-10-04	
博天娱乐	junk	2026-10-04	
区学区房	fragment	2026-10-04	
商而言	fragment	2026-10-04	
局公布	fragment	2026-10-04	
李永	obscure	2026-10-04	
物业办事	phrase	2026-10-04	
贝锐	obscure	2026-10-04	
籽油	fragment	2026-10-04	
九工装饰	junk	2026-10-04	
数云融合	obscure	2026-10-04	
性变革	fragment	2026-10-04	
趣书网	junk	2026-10-04	
纠治	obscure	2026-10-04	
隔天傍晚	phrase	2026-10-04	
焦点区	junk	2026-10-04	
像一只	phrase	2026-10-04	
全国文明	phrase	2026-10-04	
试总成绩	fragment	2026-10-04	
涨近	fragment	2026-10-04	
业从业者	fragment	2026-10-04	
进一步改	fragment	2026-10-04	
度和效率	fragment	2026-10-04	
部负责人	fragment	2026-10-04	
委主任	fragment	2026-10-04	
腺疾病	fragment	2026-10-04	
业数智化	fragment	2026-10-04	
仪是一种	fragment	2026-10-04	
林薇	obscure	2026-10-04	
关注以下	phrase	2026-10-04	
预定看房	phrase	2026-10-04	
斯帕	obscure	2026-10-04	
千锋	obscure	2026-10-04	
消小熊	junk	2026-10-04	
平安取	junk	2026-10-04	
性较差	fragment	2026-10-04	
南分公司	fragment	2026-10-04	
金额达	phrase	2026-10-04	
德讯电讯	junk	2026-10-04	
景瑞	obscure	2026-10-04	
创做者	typo	2026-10-04	
苏念	obscure	2026-10-04	
业化应用	fragment	2026-10-04	
取手艺	junk	2026-10-04	
杨辰	obscure	2026-10-04	
哥大学	fragment	2026-10-04	
广东省广	fragment	2026-10-04	
沈晚	obscure	2026-10-04	
申请人提	fragment	2026-10-04	
委办公室	fragment	2026-10-04	
李承	obscure	2026-10-04	
林幽	obscure	2026-10-04	
人员须	phrase	2026-10-04	
等体例	junk	2026-10-04	
执剑	obscure	2026-10-04	
设计与实	fragment	2026-10-04	
队队长	fragment	2026-10-04	
业化进程	fragment	2026-10-04	
力和团队	fragment	2026-10-04	
化工作流	fragment	2026-10-04	
移植到	phrase	2026-10-04	
市城乡	fragment	2026-10-04	
性十足	fragment	2026-10-04	
艳婷	obscure	2026-10-04	
猜局	obscure	2026-10-04	
阿莱	obscure	2026-10-04	
花夏数娱	junk	2026-10-04	
化背景下	fragment	2026-10-04	
省高等	fragment	2026-10-04	
苏婉	obscure	2026-10-04	
焕图	obscure	2026-10-04	
者群体	fragment	2026-10-04	
猛操	junk	2026-10-04	
绳艺	junk	2026-10-04	
市文旅	fragment	2026-10-04	
商学网	obscure	2026-10-04	
想不想	phrase	2026-10-04	
泽邦	obscure	2026-10-04	
吞天	obscure	2026-10-04	
额突破	fragment	2026-10-04	
取财产	junk	2026-10-04	
日起实施	phrase	2026-10-04	
试结束后	fragment	2026-10-04	
傲颖	obscure	2026-10-04	
磨丁	obscure	2026-10-04	
视讯医药	junk	2026-10-04	
软佳	junk	2026-10-04	
由作者	phrase	2026-10-04	
加奈	obscure	2026-10-04	
塘镇	fragment	2026-10-04	
事会成员	fragment	2026-10-04	
及时获取	phrase	2026-10-04	
者只需	fragment	2026-10-04	
余份	fragment	2026-10-04	
已下载次	fragment	2026-10-04	
由多种	phrase	2026-10-04	
酷游	junk	2026-10-04	
同时也提	fragment	2026-10-04	
委统战部	fragment	2026-10-04	
户撒	obscure	2026-10-04	
量和质量	fragment	2026-10-04	
第二届中	fragment	2026-10-04	
市场所作	fragment	2026-10-04	
年会暨	fragment	2026-10-04	
茨基	fragment	2026-10-04	
视讯数码	junk	2026-10-04	
尚权	obscure	2026-10-04	
文君创艺	junk	2026-10-04	
江镇	fragment	2026-10-04	
大象投顾	junk	2026-10-04	
进行了调	fragment	2026-10-04	
王哲	obscure	2026-10-04	
适配客户	phrase	2026-10-04	
器测试仪	fragment	2026-10-04	
希而科	junk	2026-10-04	
蓝狮	junk	2026-10-04	
业化生产	fragment	2026-10-04	
铭龙物流	junk	2026-10-04	
问学平台	junk	2026-10-04	
度相对较	fragment	2026-10-04	
斜插箱	obscure	2026-10-04	
端服务器	fragment	2026-10-04	
只是第一	phrase	2026-10-04	
宝玑官方	junk	2026-10-04	
客优云	junk	2026-10-04	
丁格	obscure	2026-10-04	
应仔细	phrase	2026-10-04	
重庆欧艺	junk	2026-10-04	
婉清	obscure	2026-10-04	
使物料	fragment	2026-10-04	
室举行	fragment	2026-10-04	
星界链	junk	2026-10-04	
沈砚	obscure	2026-10-04	
陆鸣	obscure	2026-10-04	
乐动平台	junk	2026-10-04	
欣怡	obscure	2026-10-04	
平安现患	junk	2026-10-04	
陈思	obscure	2026-10-04	
电竞医药	junk	2026-10-04	
须提交	phrase	2026-10-04	
畅享高速	phrase	2026-10-04	
国毕业证	junk	2026-10-04	
管理和运	fragment	2026-10-04	
应小于	phrase	2026-10-04	
伟星	obscure	2026-10-04	
品制造商	fragment	2026-10-04	
场上展现	phrase	2026-10-04	
学员提供	phrase	2026-10-04	
岛遇	junk	2026-10-04	
度和质量	fragment	2026-10-04	
性乳腺癌	fragment	2026-10-04	
林枫	obscure	2026-10-04	
度均匀性	fragment	2026-10-04	
拉尼	obscure	2026-10-04	
筒内	obscure	2026-10-04	
州分公司	fragment	2026-10-04	
装设计师	fragment	2026-10-04	
一码一	phrase	2026-10-04	
委副主任	fragment	2026-10-04	
陈凡	obscure	2026-10-04	
吕阳	obscure	2026-10-04	
区按摩	junk	2026-10-04	
周晓	obscure	2026-10-04	
由乙方	phrase	2026-10-04	
信管飞	junk	2026-10-04	
化视野	fragment	2026-10-04	
秦铭	obscure	2026-10-04	
器配件	fragment	2026-10-04	
意甲第	fragment	2026-10-04	
蠢沫沫	junk	2026-10-04	
响应市场	phrase	2026-10-04	
见解和	fragment	2026-10-04	
一下如何	phrase	2026-10-04	
产量达	phrase	2026-10-04	
张羽	obscure	2026-10-04	
各岗位	phrase	2026-10-04	
市房地产	fragment	2026-10-04	
于广州市	fragment	2026-10-04	
星驿付	obscure	2026-10-04	
物含量	fragment	2026-10-04	
设想取	junk	2026-10-04	
上海市教	fragment	2026-10-04	
义是什么	fragment	2026-10-04	
压测试仪	fragment	2026-10-04	
高来益	junk	2026-10-04	
斯泰	obscure	2026-10-04	
由考生	phrase	2026-10-04	
享久	junk	2026-10-04	
一起来探	fragment	2026-10-04	
于云计算	fragment	2026-10-04	
威固	obscure	2026-10-04	
收集用户	phrase	2026-10-04	
涓哄	junk	2026-10-04	
倍好贷	junk	2026-10-04	
博鱼	junk	2026-10-04	
决算数	phrase	2026-10-04	
后果由	phrase	2026-10-04	
安装空间	phrase	2026-10-04	
活动暨	fragment	2026-10-04	
气检测仪	fragment	2026-10-04	
红烁	obscure	2026-10-04	
围绕这一	phrase	2026-10-04	
沈知	obscure	2026-10-04	
分别由	phrase	2026-10-04	
墙设计	fragment	2026-10-04	
山东融科	junk	2026-10-04	
既符合	phrase	2026-10-04	
梅拉	obscure	2026-10-04	
秦欣	obscure	2026-10-04	
雷尔	obscure	2026-10-04	
套房出售	phrase	2026-10-04	
秋糖	obscure	2026-10-04	
截止目前	typo	2026-10-04	
由知名	phrase	2026-10-04	
鱼加速器	junk	2026-10-04	
唿吸	typo	2026-10-04	
建设与运	fragment	2026-10-04	
日正式发	fragment	2026-10-04	
检测报警	phrase	2026-10-04	
税优惠	fragment	2026-10-04	
版图中	phrase	2026-10-04	
省地质	fragment	2026-10-04	
级非遗	fragment	2026-10-04	
良木道	obscure	2026-10-04	
无论是初	fragment	2026-10-04	
师工作室	fragment	2026-10-04	
纤维及	fragment	2026-10-04	
鲁姆	obscure	2026-10-04	
乐竞官网	junk	2026-10-04	
相连系	typo	2026-10-04	
经审计	phrase	2026-10-04	
聿怀	obscure	2026-10-04	
逸马	obscure	2026-10-04	
华侈	junk	2026-10-04	
淫叫	junk	2026-10-04	
度和安全	fragment	2026-10-04	
检测实验	phrase	2026-10-04	
淫穴	junk	2026-10-04	
试准考证	fragment	2026-10-04	
阿兹	obscure	2026-10-04	
正在手艺	junk	2026-10-04	
声誉和	fragment	2026-10-04	
本网坐	junk	2026-10-04	
校表仪	obscure	2026-10-04	
中国食物	phrase	2026-10-04	
郭松	obscure	2026-10-04	
重庆掌邦	junk	2026-10-04	
余家企业	fragment	2026-10-04	
刘艺菲	typo	2026-10-04	
哈娜	obscure	2026-10-04	
市副市长	fragment	2026-10-04	
瑶安	obscure	2026-10-04	
市市辖区	fragment	2026-10-04	
市渝中区	fragment	2026-10-04	
第三方评	fragment	2026-10-04	
莉雅	obscure	2026-10-04	
荷花居	obscure	2026-10-04	
委书记刘	fragment	2026-10-04	
帝曰	obscure	2026-10-04	
兽夫	obscure	2026-10-04	
率测试仪	fragment	2026-10-04	
者和企业	fragment	2026-10-04	
部回应	fragment	2026-10-04	
部备案	fragment	2026-10-04	
大功率电	fragment	2026-10-04	
市东城区	fragment	2026-10-04	
式除尘器	fragment	2026-10-04	
面对突	fragment	2026-10-04	
必一运动	junk	2026-10-04	
周年暨	fragment	2026-10-04	
业正处于	fragment	2026-10-04	
中国建建	junk	2026-10-04	
宋清	obscure	2026-10-04	
号种子	fragment	2026-10-04	
业正经历	fragment	2026-10-04	
制品加工	phrase	2026-10-04	
等杂质	phrase	2026-10-04	
诺怀	obscure	2026-10-04	
谱分析仪	fragment	2026-10-04	
逃踪	junk	2026-10-04	
泛普	obscure	2026-10-04	
涉及一种	phrase	2026-10-04	
体免疫力	fragment	2026-10-04	
温条件下	fragment	2026-10-04	
信息和资	fragment	2026-10-04	
戈申学院	junk	2026-10-04	
斯瓦	obscure	2026-10-04	
曲不雅	fragment	2026-10-04	
栖身需求	junk	2026-10-04	
湖北粮网	junk	2026-10-04	
于以下几	fragment	2026-10-04	
中國	junk	2026-10-04	
供应商须	phrase	2026-10-04	
帕纳	obscure	2026-10-04	
赫特	obscure	2026-10-04	
欲仙	junk	2026-10-04	
宝玑腕表	phrase	2026-10-04	
链支付	fragment	2026-10-04	
合集里	phrase	2026-10-04	
检不合格	fragment	2026-10-04	
馆开展	fragment	2026-10-04	
慧新软件	junk	2026-10-04	
沟村	fragment	2026-10-04	
桶里	phrase	2026-10-04	
涓轰	junk	2026-10-04	
仪器具有	phrase	2026-10-04	
级智能体	fragment	2026-10-04	
组一行	fragment	2026-10-04	
利亚德	obscure	2026-10-04	
参考以下	phrase	2026-10-04	
多亩	fragment	2026-10-04	
式升降	fragment	2026-10-04	
港物流	fragment	2026-10-04	
队在进攻	fragment	2026-10-04	
业场景中	fragment	2026-10-04	
老艾堂	junk	2026-10-04	
人晋级	phrase	2026-10-04	
县永	fragment	2026-10-04	
团赴	phrase	2026-10-04	
式输送机	fragment	2026-10-04	
一家知名	phrase	2026-10-04	
均基于	phrase	2026-10-04	
座男	obscure	2026-10-04	
由资深	phrase	2026-10-04	
首先要确	fragment	2026-10-04	
操纵率	junk	2026-10-04	
置完成后	fragment	2026-10-04	
陈嘉	obscure	2026-10-04	
平安工做	junk	2026-10-04	
杜拉	obscure	2026-10-04	
米迦	obscure	2026-10-04	
苏晴	obscure	2026-10-04	
厨仟艺	junk	2026-10-04	
战术智慧	phrase	2026-10-04	
节暨	fragment	2026-10-04	
器内置	fragment	2026-10-04	
者信心	fragment	2026-10-04	
集了大量	fragment	2026-10-04	
销量达	phrase	2026-10-04	
业分析师	fragment	2026-10-04	
力测试仪	fragment	2026-10-04	
启新篇	phrase	2026-10-04	
市税务局	fragment	2026-10-04	
弗斯	obscure	2026-10-04	
级不锈钢	fragment	2026-10-04	
器型号	fragment	2026-10-04	
雷迪	obscure	2026-10-04	
式干燥机	fragment	2026-10-04	
机制造商	fragment	2026-10-04	
查中发现	phrase	2026-10-04	
克塞	obscure	2026-10-04	
建建材料	junk	2026-10-04	
暨中国	fragment	2026-10-04	
林凡	obscure	2026-10-04	
威大学	fragment	2026-10-04	
等沉点	junk	2026-10-04	
外贸云	obscure	2026-10-04	
核处理器	fragment	2026-10-04	
健康和生	fragment	2026-10-04	
韩旭	obscure	2026-10-04	
制药等	fragment	2026-10-04	
喵小吉	obscure	2026-10-04	
市丰台区	fragment	2026-10-04	
由网友	phrase	2026-10-04	
弗利	obscure	2026-10-04	
新型能源	phrase	2026-10-04	
证了这一	fragment	2026-10-04	
康迈	obscure	2026-10-04	
世耕通信	junk	2026-10-04	
立异取	junk	2026-10-04	
委网信办	fragment	2026-10-04	
师组成	fragment	2026-10-04	
快麦	obscure	2026-10-04	
日起正式	phrase	2026-10-04	
力低下	fragment	2026-10-04	
委员会审	fragment	2026-10-04	
式恒温	fragment	2026-10-04	
现出显著	fragment	2026-10-04	
符合食品	phrase	2026-10-04	
手艺实力	junk	2026-10-04	
原党组	phrase	2026-10-04	
器选型	fragment	2026-10-04	
手艺使用	junk	2026-10-04	
出口至	phrase	2026-10-04	
巴鲁	obscure	2026-10-04	
智汇蓝媒	junk	2026-10-04	
华瑞	obscure	2026-10-04	
林川	obscure	2026-10-04	
深圳市科	fragment	2026-10-04	
一又友	junk	2026-10-04	
导和支持	fragment	2026-10-04	
现出不同	phrase	2026-10-04	
罗峰	obscure	2026-10-04	
自定义字	fragment	2026-10-04	
长债等	fragment	2026-10-04	
柳若曦篇	junk	2026-10-04	
出了明确	phrase	2026-10-04	
沈舒窈	obscure	2026-10-04	
具体实践	phrase	2026-10-04	
部印发	fragment	2026-10-04	
化历程	fragment	2026-10-04	
赏金国际	junk	2026-10-04	
陈宇	obscure	2026-10-04	
侧沉	junk	2026-10-04	
塞斯	obscure	2026-10-04	
尚轩	obscure	2026-10-04	
市鑫	fragment	2026-10-04	
由用户自	fragment	2026-10-04	
徐晓	obscure	2026-10-04	
流量卡哪	fragment	2026-10-04	
西姆	obscure	2026-10-04	
做了详细	phrase	2026-10-04	
型槽	obscure	2026-10-04	
德甲第	fragment	2026-10-04	
料生产线	fragment	2026-10-04	
茅斯大学	fragment	2026-10-04	
部设置有	fragment	2026-10-04	
阈值时	phrase	2026-10-04	
凭借其优	fragment	2026-10-04	
华鑫	obscure	2026-10-04	
期是多久	fragment	2026-10-04	
长潘	fragment	2026-10-04	
务管理局	fragment	2026-10-04	
市西城区	fragment	2026-10-04	
易路代理	junk	2026-10-04	
用于监测	phrase	2026-10-04	
制制企业	junk	2026-10-04	
卑享	junk	2026-10-04	
强化政治	phrase	2026-10-04	
竞技层面	phrase	2026-10-04	
各二级	fragment	2026-10-04	
式液压	fragment	2026-10-04	
想搞	phrase	2026-10-04	
术爱好者	fragment	2026-10-04	
留学益网	junk	2026-10-04	
箱采用	fragment	2026-10-04	
设备和工	fragment	2026-10-04	
埃拉	obscure	2026-10-04	
山东航泰	junk	2026-10-04	
涨逾	fragment	2026-10-04	
系统扶植	junk	2026-10-04	
交所主板	fragment	2026-10-04	
林墨	obscure	2026-10-04	
骑酷	obscure	2026-10-04	
用于制药	phrase	2026-10-04	
飞际移民	junk	2026-10-04	
化扶植	junk	2026-10-04	
量已达	fragment	2026-10-04	
马加速器	junk	2026-10-04	
化厂房	fragment	2026-10-04	
量和用户	fragment	2026-10-04	
业产业园	fragment	2026-10-04	
尤尼	obscure	2026-10-04	
管理和监	fragment	2026-10-04	
购买假	phrase	2026-10-04	
壹点	obscure	2026-10-04	
局主办	fragment	2026-10-04	
等关键部	fragment	2026-10-04	
者皆	fragment	2026-10-04	
贝博	junk	2026-10-04	
区设立	fragment	2026-10-04	
山大道	fragment	2026-10-04	
校实验室	fragment	2026-10-04	
阳分公司	fragment	2026-10-04	
局核准	fragment	2026-10-04	
灯饰资源	junk	2026-10-04	
院主办	fragment	2026-10-04	
青少年科	fragment	2026-10-04	
鼎点	obscure	2026-10-04	
未依法	phrase	2026-10-04	
理和使用	fragment	2026-10-04	
用一记	phrase	2026-10-04	
雅苒	obscure	2026-10-04	
性极高	fragment	2026-10-04	
技术与工	fragment	2026-10-04	
化材学院	fragment	2026-10-04	
基金按	fragment	2026-10-04	
度和准确	fragment	2026-10-04	
碱等	fragment	2026-10-04	
主义文化	fragment	2026-10-04	
东方联	fragment	2026-10-04	
乐鱼在线	junk	2026-10-04	
倍液	fragment	2026-10-04	
吉鲁	obscure	2026-10-04	
恒彩	obscure	2026-10-04	
抖圈	obscure	2026-10-04	
性价比优	fragment	2026-10-04	
取平安	junk	2026-10-04	
妖灵	obscure	2026-10-04	
实正实现	junk	2026-10-04	
应当由	phrase	2026-10-04	
术语和	fragment	2026-10-04	
哲科	obscure	2026-10-04	
总结暨	fragment	2026-10-04	
未充分	phrase	2026-10-04	
表匠	obscure	2026-10-04	
夫郎	obscure	2026-10-04	
奖学金评	fragment	2026-10-04	
居世界第	fragment	2026-10-04	
瓦尼	obscure	2026-10-04	
星加速器	junk	2026-10-04	
日生效	phrase	2026-10-04	
梅麻吕	junk	2026-10-04	
雪芳	obscure	2026-10-04	
式磁选机	fragment	2026-10-04	
恒泰	obscure	2026-10-04	
由甲方	phrase	2026-10-04	
自有施工	phrase	2026-10-04	
步兵版	junk	2026-10-04	
青禾	obscure	2026-10-04	
平易近办	junk	2026-10-04	
极易出现	phrase	2026-10-04	
林雨	obscure	2026-10-04	
迪奥曼德	obscure	2026-10-04	
合了现代	fragment	2026-10-04	
马晓	obscure	2026-10-04	
作为亚洲	phrase	2026-10-04	
效和安全	fragment	2026-10-04	
根据实时	phrase	2026-10-04	
葡萄酒产	fragment	2026-10-04	
局印发	fragment	2026-10-04	
师指出	fragment	2026-10-04	
节礼物	fragment	2026-10-04	
陈永	obscure	2026-10-04	
恒盛	obscure	2026-10-04	
者在购买	fragment	2026-10-04	
力和时间	fragment	2026-10-04	
宋杳	obscure	2026-10-04	
率平均	fragment	2026-10-04	
第三方监	fragment	2026-10-04	
化浪潮中	fragment	2026-10-04	
顾淮	obscure	2026-10-04	
今日宣布	phrase	2026-10-04	
手艺冲破	junk	2026-10-04	
海地队	phrase	2026-10-04	
由本人	phrase	2026-10-04	
者手中	fragment	2026-10-04	
顺景软件	junk	2026-10-04	
林轩	obscure	2026-10-04	
理与应用	fragment	2026-10-04	
大会暨第	fragment	2026-10-04	
定时间段	fragment	2026-10-04	
售后地址	phrase	2026-10-04	
器外壳	fragment	2026-10-04	
尊龙时凯	junk	2026-10-04	
小法式	obscure	2026-10-04	
气分析仪	fragment	2026-10-04	
自定义模	fragment	2026-10-04	
颜格视觉	junk	2026-10-04	
云逸宁	obscure	2026-10-04	
仪测量	fragment	2026-10-04	
式变电站	fragment	2026-10-04	
生及家长	fragment	2026-10-04	
苏辰	obscure	2026-10-04	
质碳酸钙	fragment	2026-10-04	
中名联	junk	2026-10-04	
搏天堂	junk	2026-10-04	
等工做	typo	2026-10-04	
认识到自	fragment	2026-10-04	
剧作品	fragment	2026-10-04	
安禾美阁	junk	2026-10-04	
费是多少	phrase	2026-10-04	
傅书祁	obscure	2026-10-04	
元鼎证券	junk	2026-10-04	
嘉欣	obscure	2026-10-04	
业协会副	fragment	2026-10-04	
无人机航	fragment	2026-10-04	
酒经销商	phrase	2026-10-04	
共研网	junk	2026-10-04	
冠卓咨询	obscure	2026-10-04	
市慈善	fragment	2026-10-04	
一种既	fragment	2026-10-04	
只依赖	phrase	2026-10-04	
安和力	obscure	2026-10-04	
降低了运	fragment	2026-10-04	
中标智研	obscure	2026-10-04	
位于安徽	phrase	2026-10-04	
号机组	fragment	2026-10-04	
回忆值	obscure	2026-10-04	
应用于医	fragment	2026-10-04	
于湖北省	phrase	2026-10-04	
工做室	typo	2026-10-04	
市昌平区	fragment	2026-10-04	
身体和心	fragment	2026-10-04	
哪些细节	phrase	2026-10-04	
宋河	obscure	2026-10-04	
帛珑科技	obscure	2026-10-04	
忆海文化	obscure	2026-10-04	
秤体	obscure	2026-10-04	
国国家队	fragment	2026-10-04	
川酒	obscure	2026-10-04	
帕德	obscure	2026-10-04	
省普通高	fragment	2026-10-04	
经济实用	phrase	2026-10-04	
动执行器	fragment	2026-10-04	
巴耶	obscure	2026-10-04	
座落于	typo	2026-10-04	
受到来自	phrase	2026-10-04	
达宏美拓	junk	2026-10-04	
中科检测	obscure	2026-10-04	
乐凭科技	obscure	2026-10-04	
后重试	fragment	2026-10-04	
器等设备	fragment	2026-10-04	
家企业参	fragment	2026-10-04	
年中国电	fragment	2026-10-04	
等职务	phrase	2026-10-04	
小批量试	fragment	2026-10-04	
帕利	obscure	2026-10-04	
提供即时	phrase	2026-10-04	
湛氏	obscure	2026-10-04	
云顶国际	junk	2026-10-04	
仪是一款	fragment	2026-10-04	
结合医院	fragment	2026-10-04	
希玛	obscure	2026-10-04	
平板等	fragment	2026-10-04	
智赣	obscure	2026-10-04	
永业行	obscure	2026-10-04	
浩宇	obscure	2026-10-04	
满脚分歧	junk	2026-10-04	
美柚广告	phrase	2026-10-04	
一系列优	fragment	2026-10-04	
合了传统	fragment	2026-10-04	
护等方面	fragment	2026-10-04	
祁镇	obscure	2026-10-04	
选择时需	fragment	2026-10-04	
力和专业	fragment	2026-10-04	
去喝	phrase	2026-10-04	
市场化运	fragment	2026-10-04	
收氟	obscure	2026-10-04	
长曹	fragment	2026-10-04	
鼎信	obscure	2026-10-04	
取立异	junk	2026-10-04	
哪家公司	phrase	2026-10-04	
学生自主	phrase	2026-10-04	
局渝中区	fragment	2026-10-04	
料到成品	phrase	2026-10-04	
短信宝	obscure	2026-10-04	
上下逛	junk	2026-10-04	
天蔚	obscure	2026-10-04	
奥普	obscure	2026-10-04	
栖身体验	junk	2026-10-04	
网点均	fragment	2026-10-04	
于中小型	fragment	2026-10-04	
工程师职	fragment	2026-10-04	
悦享	obscure	2026-10-04	
沟通和协	fragment	2026-10-04	
中国家具	phrase	2026-10-04	
办法由	fragment	2026-10-04	
悦府	obscure	2026-10-04	
林逸	obscure	2026-10-04	
蒂克	obscure	2026-10-04	
重视用户	phrase	2026-10-04	
性和挑战	fragment	2026-10-04	
币结算	fragment	2026-10-04	
搜索获客	phrase	2026-10-04	
李兰	obscure	2026-10-04	
环节环节	junk	2026-10-04	
设备扶植	junk	2026-10-04	
上海市科	fragment	2026-10-04	
威九国际	junk	2026-10-04	
小穴里	junk	2026-10-04	
梅蕾	obscure	2026-10-04	
综合实验	phrase	2026-10-04	
言曰	obscure	2026-10-04	
壹玖	obscure	2026-10-04	
觉学习者	fragment	2026-10-04	
嘉豪	obscure	2026-10-04	
官方正式	phrase	2026-10-04	
广东省科	fragment	2026-10-04	
件制造商	fragment	2026-10-04	
幻彩灯箱	obscure	2026-10-04	
级研究生	fragment	2026-10-04	
阿努	obscure	2026-10-04	
剑破	obscure	2026-10-04	
局将持续	fragment	2026-10-04	
性聚氨酯	fragment	2026-10-04	
汉哲	obscure	2026-10-04	
登腾	obscure	2026-10-04	
裤男	junk	2026-10-04	
论坛由	fragment	2026-10-04	
需要精心	phrase	2026-10-04	
哪些场景	phrase	2026-10-04	
州高新区	fragment	2026-10-04	
级天赋	fragment	2026-10-04	
诺瓦	obscure	2026-10-04	
刘亚	obscure	2026-10-04	
化办学	fragment	2026-10-04	
收集平安	junk	2026-10-04	
采用多重	phrase	2026-10-04	
周茜	obscure	2026-10-04	
师职称	fragment	2026-10-04	
桥村	obscure	2026-10-04	
式超声波	fragment	2026-10-04	
王枫	obscure	2026-10-04	
任何商业	phrase	2026-10-04	
氏家谱	fragment	2026-10-04	
糊口质量	junk	2026-10-04	
苏晓	obscure	2026-10-04	
西娅	obscure	2026-10-04	
级防火	fragment	2026-10-04	
叫李	fragment	2026-10-04	
号汽油	fragment	2026-10-04	
业上下游	fragment	2026-10-04	
即可启动	phrase	2026-10-04	
安拙	obscure	2026-10-04	
华邦	obscure	2026-10-04	
王嘉	obscure	2026-10-04	
立异能力	junk	2026-10-04	
西省人民	fragment	2026-10-04	
一下关于	phrase	2026-10-04	
一场激烈	phrase	2026-10-04	
日皮视频	junk	2026-10-04	
正典生物	obscure	2026-10-04	
鸠般茶	junk	2026-10-04	
由中国人	phrase	2026-10-04	
证有效期	fragment	2026-10-04	
于市场价	phrase	2026-10-04	
出了全新	phrase	2026-10-04	
李昊	obscure	2026-10-04	
杨丽	obscure	2026-10-04	
柳柳	obscure	2026-10-04	
版小学	fragment	2026-10-04	
请点击下	fragment	2026-10-04	
金猿	obscure	2026-10-04	
陆衍	obscure	2026-10-04	
者满意度	fragment	2026-10-04	
骞冲	obscure	2026-10-04	
十四条第	fragment	2026-10-04	
每粒坚	fragment	2026-10-04	
玛尔	obscure	2026-10-04	
蔡学飞	obscure	2026-10-04	
进行了细	fragment	2026-10-04	
长冯	fragment	2026-10-04	
长彭	fragment	2026-10-04	
作出积极	phrase	2026-10-04	
力与创新	fragment	2026-10-04	
税申报表	fragment	2026-10-04	
竞技活动	phrase	2026-10-04	
赵睿	obscure	2026-10-04	
只能由	phrase	2026-10-04	
器怎么选	fragment	2026-10-04	
式搅拌机	fragment	2026-10-04	
晓宇	obscure	2026-10-04	
知识和实	fragment	2026-10-04	
程砚	obscure	2026-10-04	
反映了当	fragment	2026-10-04	
婴长儿	junk	2026-10-04	
操做系统	typo	2026-10-04	
璁捐	junk	2026-10-04	
由小编	phrase	2026-10-04	
于安徽省	phrase	2026-10-04	
前沿手艺	junk	2026-10-04	
学院赴	fragment	2026-10-04	
术与设计	fragment	2026-10-04	
狂操	junk	2026-10-04	
行副行长	fragment	2026-10-04	
配备制制	junk	2026-10-04	
充满了无	fragment	2026-10-04	
厨师之家	obscure	2026-10-04	
年起至	fragment	2026-10-04	
手艺迭代	junk	2026-10-04	
院将持续	fragment	2026-10-04	
八仔	obscure	2026-10-04	
原材料进	fragment	2026-10-04	
率不低于	fragment	2026-10-04	
钱包问学	junk	2026-10-04	
院将继续	fragment	2026-10-04	
制制商	junk	2026-10-04	
北京泓灼	obscure	2026-10-04	
千零四十	phrase	2026-10-04	
山市人民	fragment	2026-10-04	
式冷水机	fragment	2026-10-04	
张嘉	obscure	2026-10-04	
晓岚	obscure	2026-10-04	
渗入率	obscure	2026-10-04	
篮球世界	phrase	2026-10-04	
美国试管	phrase	2026-10-04	
赴德	obscure	2026-10-04	
项目涉及	phrase	2026-10-04	
喵云	obscure	2026-10-04	
由浙江	phrase	2026-10-04	
市第一中	fragment	2026-10-04	
式公寓	fragment	2026-10-04	
爱问学	junk	2026-10-04	
理解比赛	phrase	2026-10-04	
联副主席	fragment	2026-10-04	
部件均	fragment	2026-10-04	
业信息网	fragment	2026-10-04	
事件不仅	phrase	2026-10-04	
实现稳健	phrase	2026-10-04	
量已突破	fragment	2026-10-04	
古帝	obscure	2026-10-04	
园社区	fragment	2026-10-04	
昭宁	obscure	2026-10-04	
李秋	obscure	2026-10-04	
移机后	phrase	2026-10-04	
朱九	obscure	2026-10-04	
氏硬度计	fragment	2026-10-04	
第壹	obscure	2026-10-04	
语语音	fragment	2026-10-04	
参取者	junk	2026-10-04	
叶祈	obscure	2026-10-04	
既懂	phrase	2026-10-04	
皮耶	obscure	2026-10-04	
材料和工	fragment	2026-10-04	
济南中肤	obscure	2026-10-04	
溪村	obscure	2026-10-04	
秘钥	typo	2026-10-04	
级荣誉	fragment	2026-10-04	
计讯物联	obscure	2026-10-04	
展现出超	fragment	2026-10-04	
檀亦科技	obscure	2026-10-04	
王耀	obscure	2026-10-04	
竞技环境	phrase	2026-10-04	
肉洞	junk	2026-10-04	
茨克	obscure	2026-10-04	
陈峰	obscure	2026-10-04	
东田工控	obscure	2026-10-04	
仅几分钟	phrase	2026-10-04	
奥达科	obscure	2026-10-04	
赵永	obscure	2026-10-04	
产物取	fragment	2026-10-04	
双组份	typo	2026-10-04	
尔杰	fragment	2026-10-04	
帕莱	obscure	2026-10-04	
式货架	fragment	2026-10-04	
徐广曰	obscure	2026-10-04	
怎麽	typo	2026-10-04	
总量达	fragment	2026-10-04	
进一步延	fragment	2026-10-04	
四肖	junk	2026-10-04	
既保障	fragment	2026-10-04	
林宇	obscure	2026-10-04	
道出血	fragment	2026-10-04	
区木桶浴	junk	2026-10-04	
卓泰物流	obscure	2026-10-04	
实力解析	phrase	2026-10-04	
晓华	obscure	2026-10-04	
李洪	obscure	2026-10-04	
里耶	obscure	2026-10-04	
院公布	fragment	2026-10-04	
权威公示	phrase	2026-10-04	
到禁区	phrase	2026-10-04	
员培训班	fragment	2026-10-04	
娱乐凯发	junk	2026-10-04	
提供了独	fragment	2026-10-04	
每次只	phrase	2026-10-04	
湾村	obscure	2026-10-04	
结构型式	phrase	2026-10-04	
队展现出	fragment	2026-10-04	
嘉瑞	obscure	2026-10-04	
器等产品	fragment	2026-10-04	
承渊	obscure	2026-10-04	
浣跨	junk	2026-10-04	
绀虹	junk	2026-10-04	
利拿实业	obscure	2026-10-04	
器制造商	fragment	2026-10-04	
局提交	fragment	2026-10-04	
每一次交	fragment	2026-10-04	
超声波探	fragment	2026-10-04	
云逍	obscure	2026-10-04	
永祺	obscure	2026-10-04	
胡晓	obscure	2026-10-04	
位运动员	fragment	2026-10-04	
副从任	junk	2026-10-04	
昊龙房产	obscure	2026-10-04	
术出版社	fragment	2026-10-04	
运会开幕	fragment	2026-10-04	
周砚	obscure	2026-10-04	
唐小天	obscure	2026-10-04	
手艺办事	junk	2026-10-04	
莫斯科孕	junk	2026-10-04	
隆沉	obscure	2026-10-04	
倍左右	phrase	2026-10-04	
浜烘	junk	2026-10-04	
获省级	phrase	2026-10-04	
风险现患	junk	2026-10-04	
美人无霜	junk	2026-10-04	
诗羽	obscure	2026-10-04	
防止误	fragment	2026-10-04	
仕达	obscure	2026-10-04	
分析实力	phrase	2026-10-04	
取验证码	phrase	2026-10-04	
坪镇	obscure	2026-10-04	
搜够网	junk	2026-10-04	
无线压力	phrase	2026-10-04	
瓦克	obscure	2026-10-04	
皆由	phrase	2026-10-04	
办理工做	typo	2026-10-04	
实地察看	phrase	2026-10-04	
工做流	typo	2026-10-04	
德恒	obscure	2026-10-04	
效果更加	phrase	2026-10-04	
队在战术	fragment	2026-10-04	
党始终	phrase	2026-10-04	
翔宇	obscure	2026-10-04	
莱默	obscure	2026-10-04	
伟德官网	junk	2026-10-04	
低度化	obscure	2026-10-04	
博遵	obscure	2026-10-04	
子轩	obscure	2026-10-04	
晚棠	obscure	2026-10-04	
通明度	typo	2026-10-04	
假屌	junk	2026-10-04	
开元网	junk	2026-10-04	
王庙	obscure	2026-10-04	
进一步缩	fragment	2026-10-04	
度进行分	fragment	2026-10-04	
技术和优	fragment	2026-10-04	
斯堡大学	fragment	2026-10-04	
状活性炭	fragment	2026-10-04	
理服务费	fragment	2026-10-04	
者常常	fragment	2026-10-04	
队在防守	fragment	2026-10-04	
顾沉	obscure	2026-10-04	
于四川省	phrase	2026-10-04	
刘浩	obscure	2026-10-04	
千零一十	phrase	2026-10-04	
沉点关心	junk	2026-10-04	
网友称	phrase	2026-10-04	
质量糊口	junk	2026-10-04	
阿勇	obscure	2026-10-04	
专注于创	fragment	2026-10-04	
区足疗	junk	2026-10-04	
南省政府	fragment	2026-10-04	
处党支部	fragment	2026-10-04	
张昊	obscure	2026-10-04	
斯伯	obscure	2026-10-04	
材料与工	fragment	2026-10-04	
状细胞	fragment	2026-10-04	
薇信	junk	2026-10-04	
亦未	phrase	2026-10-04	
值低于	fragment	2026-10-04	
出了令人	phrase	2026-10-04	
回国进	fragment	2026-10-04	
斯维尔	obscure	2026-10-04	
荫蔽工程	junk	2026-10-04	
锦华	obscure	2026-10-04	
区管理局	fragment	2026-10-04	
员会根据	fragment	2026-10-04	
平易近事	junk	2026-10-04	
长时间停	fragment	2026-10-04	
黄伟	obscure	2026-10-04	
兰姨	obscure	2026-10-04	
即使在高	fragment	2026-10-04	
式真空泵	fragment	2026-10-04	
提供一键	phrase	2026-10-04	
春糖	obscure	2026-10-04	
期内出现	phrase	2026-10-04	
林泽	obscure	2026-10-04	
灵活性使	fragment	2026-10-04	
纳迪亚	obscure	2026-10-04	
萧策	obscure	2026-10-04	
赵德	obscure	2026-10-04	
价是多少	fragment	2026-10-04	
含尘	obscure	2026-10-04	
威夏科技	obscure	2026-10-04	
岭村	obscure	2026-10-04	
苏州威尔	obscure	2026-10-04	
逼抢和	fragment	2026-10-04	
长袁	fragment	2026-10-04	
专项步履	junk	2026-10-04	
创新性和	fragment	2026-10-04	
室配备	fragment	2026-10-04	
峰会暨	fragment	2026-10-04	
沃勒	obscure	2026-10-04	
苑小区	fragment	2026-10-04	
酒产区	fragment	2026-10-04	
队近年来	fragment	2026-10-04	
好客搜	junk	2026-10-04	
州市中心	fragment	2026-10-04	
州新闻网	fragment	2026-10-04	
市进出口	fragment	2026-10-04	
合计净	fragment	2026-10-04	
慧敏	obscure	2026-10-04	
拔干	obscure	2026-10-04	
湾镇	obscure	2026-10-04	
腺病	obscure	2026-10-04	
获得及时	phrase	2026-10-04	
量不稳定	fragment	2026-10-04	
金浦投资	obscure	2026-10-04	
大赛暨	fragment	2026-10-04	
性拉满	fragment	2026-10-04	
研究和实	fragment	2026-10-04	
公众号推	fragment	2026-10-04	
取保守	fragment	2026-10-04	
师指导下	fragment	2026-10-04	
文澜	obscure	2026-10-04	
晓萍	obscure	2026-10-04	
江分公司	fragment	2026-10-04	
王瑞	obscure	2026-10-04	
船舶等	phrase	2026-10-04	
除了个人	phrase	2026-10-04	
骚屄	junk	2026-10-04	
乐竞体育	junk	2026-10-04	
仪适用于	fragment	2026-10-04	
刘奕	obscure	2026-10-04	
型前锋	fragment	2026-10-04	
德洛	obscure	2026-10-04	
晓瑜	obscure	2026-10-04	
智能工场	obscure	2026-10-04	
由省级	phrase	2026-10-04	
碎机价格	fragment	2026-10-04	
者齐聚	fragment	2026-10-04	
于湖南省	phrase	2026-10-04	
林辰	obscure	2026-10-04	
球舞台上	fragment	2026-10-04	
践初心	fragment	2026-10-04	
一個	typo	2026-10-04	
全过程监	fragment	2026-10-04	
力和战术	fragment	2026-10-04	
同曦	obscure	2026-10-04	
基丙烯酸	fragment	2026-10-04	
皮奥	obscure	2026-10-04	
解析与实	fragment	2026-10-04	
亿发网	junk	2026-10-04	
全从动	fragment	2026-10-04	
全程由	phrase	2026-10-04	
天空之家	obscure	2026-10-04	
念姐	obscure	2026-10-04	
拾光	obscure	2026-10-04	
理等内容	fragment	2026-10-04	
酷骑	obscure	2026-10-04	
作出相应	phrase	2026-10-04	
内容创做	typo	2026-10-04	
式制砂机	fragment	2026-10-04	
江辰	obscure	2026-10-04	
男篮世	fragment	2026-10-04	
石生产线	fragment	2026-10-04	
典礼暨	fragment	2026-10-04	
州市政协	fragment	2026-10-04	
测等领域	fragment	2026-10-04	
队走进	fragment	2026-10-04	
阿根廷球	fragment	2026-10-04	
业正面临	fragment	2026-10-04	
区男士	junk	2026-10-04	
后点击右	fragment	2026-10-04	
唐烨	obscure	2026-10-04	
州流量卡	junk	2026-10-04	
市全域	fragment	2026-10-04	
布阿迪	obscure	2026-10-04	
期收益率	fragment	2026-10-04	
模子锻炼	junk	2026-10-04	
业精神和	fragment	2026-10-04	
佳奈	obscure	2026-10-04	
北京市科	fragment	2026-10-04	
原装表	obscure	2026-10-04	
声交织	fragment	2026-10-04	
市大兴区	fragment	2026-10-04	
形成了完	fragment	2026-10-04	
徐静	obscure	2026-10-04	
林羽	obscure	2026-10-04	
县搬家	fragment	2026-10-04	
发之日起	fragment	2026-10-04	
孙晓	obscure	2026-10-04	
式压缩机	fragment	2026-10-04	
霍姆	obscure	2026-10-04	
今期生肖	junk	2026-10-04	
反波胆	junk	2026-10-04	
增幅达	phrase	2026-10-04	
尼昂	obscure	2026-10-04	
手艺能力	junk	2026-10-04	
料利用率	fragment	2026-10-04	
澡后	obscure	2026-10-04	
书记讲	phrase	2026-10-04	
婉莹	obscure	2026-10-04	
孙怡	obscure	2026-10-04	
张桂	obscure	2026-10-04	
怀瑾	obscure	2026-10-04	
电器控制	phrase	2026-10-04	
云南省考	fragment	2026-10-04	
剂厂家	fragment	2026-10-04	
博腾	obscure	2026-10-04	
居酒店	fragment	2026-10-04	
张冬	obscure	2026-10-04	
徐宝	obscure	2026-10-04	
椰谷	obscure	2026-10-04	
舜海	obscure	2026-10-04	
陈屿	obscure	2026-10-04	
力相对较	fragment	2026-10-04	
南高新区	fragment	2026-10-04	
广东省农	fragment	2026-10-04	
亿人口	phrase	2026-10-04	
性肺炎	fragment	2026-10-04	
新型科技	phrase	2026-10-04	
杨春	obscure	2026-10-04	
王彦	obscure	2026-10-04	
须携带	phrase	2026-10-04	
凯时体育	junk	2026-10-04	
壹圆	obscure	2026-10-04	
度和温度	fragment	2026-10-04	
温环境中	fragment	2026-10-04	
狐颜乱语	junk	2026-10-04	
俊峰	obscure	2026-10-04	
分别为号	fragment	2026-10-04	
到离谱	phrase	2026-10-04	
化法治化	fragment	2026-10-04	
年农历十	fragment	2026-10-04	
用于实时	phrase	2026-10-04	
程可视化	fragment	2026-10-04	
网点已	fragment	2026-10-04	
荣盛	obscure	2026-10-04	
飞救医疗	obscure	2026-10-04	
一次点击	phrase	2026-10-04	
公司是集	fragment	2026-10-04	
器手机版	fragment	2026-10-04	
平易近政	junk	2026-10-04	
拥有自有	phrase	2026-10-04	
林渊	obscure	2026-10-04	
王虹	obscure	2026-10-04	
第三方权	fragment	2026-10-04	
筑牢坚实	junk	2026-10-04	
部会同	phrase	2026-10-04	
长汪	fragment	2026-10-04	
长魏	fragment	2026-10-04	
一个叫做	phrase	2026-10-04	
亿元增长	phrase	2026-10-04	
优选指南	phrase	2026-10-04	
吴玉	obscure	2026-10-04	
式流量计	fragment	2026-10-04	
敏仪	obscure	2026-10-04	
杰罗	obscure	2026-10-04	
耶尔	obscure	2026-10-04	
赵毅	obscure	2026-10-04	
业将迎来	fragment	2026-10-04	
埃斯特	obscure	2026-10-04	
学问库	junk	2026-10-04	
栖身质量	junk	2026-10-04	
量分析仪	fragment	2026-10-04	
量和品质	fragment	2026-10-04	
业正迎来	fragment	2026-10-04	
吴俊	obscure	2026-10-04	
寄秋	obscure	2026-10-04	
工艺制成	phrase	2026-10-04	
币安官网	junk	2026-10-04	
支持试机	junk	2026-10-04	
正派历	junk	2026-10-04	
物链芯	junk	2026-10-04	
白晓	obscure	2026-10-04	
者纷纷	fragment	2026-10-04	
南京华	fragment	2026-10-04	
大型科技	phrase	2026-10-04	
威格士	obscure	2026-10-04	
显示之家	junk	2026-10-04	
苏沐	obscure	2026-10-04	
学习与实	fragment	2026-10-04	
式粉碎机	fragment	2026-10-04	
沉点范畴	junk	2026-10-04	
王曰	obscure	2026-10-04	
莱恩德	obscure	2026-10-04	
陈锋	obscure	2026-10-04	
军战士	fragment	2026-10-04	
卑沉	junk	2026-10-04	
园举行	fragment	2026-10-04	
市武昌区	fragment	2026-10-04	
李庆	obscure	2026-10-04	
法比奥	obscure	2026-10-04	
海得利兹	obscure	2026-10-04	
然有很多	fragment	2026-10-04	
者前来	fragment	2026-10-04	
设想团队	junk	2026-10-04	
赛席位	fragment	2026-10-04	
便携式电	fragment	2026-10-04	
助您顺利	phrase	2026-10-04	
各参赛	phrase	2026-10-04	
嘉盛	obscure	2026-10-04	
张洪	obscure	2026-10-04	
力与团队	fragment	2026-10-04	
力和挑战	fragment	2026-10-04	
岗镇	obscure	2026-10-04	
常态化监	fragment	2026-10-04	
智能家具	phrase	2026-10-04	
曼曼	obscure	2026-10-04	
欧易平台	junk	2026-10-04	
氏宗谱	fragment	2026-10-04	
涉及复杂	phrase	2026-10-04	
灯灯	obscure	2026-10-04	
灵玉	obscure	2026-10-04	
进一步损	fragment	2026-10-04	
长株潭城	fragment	2026-10-04	
力等因素	fragment	2026-10-04	
务局关于	fragment	2026-10-04	
后焊测试	junk	2026-10-04	
字词语	fragment	2026-10-04	
性清洁剂	fragment	2026-10-04	
性相对较	fragment	2026-10-04	
手艺成长	junk	2026-10-04	
指南与实	fragment	2026-10-04	
杞斤	junk	2026-10-04	
涓烘	junk	2026-10-04	
环节手艺	junk	2026-10-04	
省省级	fragment	2026-10-04	
艾普	obscure	2026-10-04	
西分公司	fragment	2026-10-04	
阻燃聚	fragment	2026-10-04	
风夕	obscure	2026-10-04	
一是强化	phrase	2026-10-04	
书之日起	fragment	2026-10-04	
好房优选	obscure	2026-10-04	
森姐	obscure	2026-10-04	
知识与实	fragment	2026-10-04	
置业参谋	junk	2026-10-04	
蓝鸢梦想	obscure	2026-10-04	
逃逐	junk	2026-10-04	
配备了专	fragment	2026-10-04	
业和工业	fragment	2026-10-04	
位于阿	fragment	2026-10-04	
储一体化	fragment	2026-10-04	
型热电偶	fragment	2026-10-04	
杭高院	obscure	2026-10-04	
泽宇	obscure	2026-10-04	
点正在于	fragment	2026-10-04	
确定性增	fragment	2026-10-04	
科众陶瓷	obscure	2026-10-04	
陈飞	obscure	2026-10-04	
集智该款	junk	2026-10-04	
业生态圈	fragment	2026-10-04	
主任赵	fragment	2026-10-04	
区足道	junk	2026-10-04	
实时保障	phrase	2026-10-04	
小怡	obscure	2026-10-04	
料和工艺	fragment	2026-10-04	
本办法第	fragment	2026-10-04	
世邦	obscure	2026-10-04	
严酷施行	junk	2026-10-04	
十年代初	fragment	2026-10-04	
宇轩	obscure	2026-10-04	
洛洛	obscure	2026-10-04	
程结束后	fragment	2026-10-04	
艾尚	obscure	2026-10-04	
贺德克	obscure	2026-10-04	
鑫苑	obscure	2026-10-04	
雷沃	obscure	2026-10-04	
式包装机	fragment	2026-10-04	
日截止	fragment	2026-10-04	
级轿车	fragment	2026-10-04	
者是谁	fragment	2026-10-04	
进行到第	fragment	2026-10-04	
陈曦鸢	obscure	2026-10-04	
万円	typo	2026-10-04	
万霖厨房	junk	2026-10-04	
北分公司	fragment	2026-10-04	
各单元	phrase	2026-10-04	
害消费者	fragment	2026-10-04	
张无违	junk	2026-10-04	
效率和精	fragment	2026-10-04	
林剑	obscure	2026-10-04	
田佳	obscure	2026-10-04	
力争到	phrase	2026-10-04	
度达标	fragment	2026-10-04	
本文将揭	fragment	2026-10-04	
相关工做	typo	2026-10-04	
神鼎	obscure	2026-10-04	
红杏视频	junk	2026-10-04	
绿色建建	junk	2026-10-04	
酒产量	fragment	2026-10-04	
雨薇	obscure	2026-10-04	
农产品供	fragment	2026-10-04	
叶简汐	obscure	2026-10-04	
夏夏	obscure	2026-10-04	
建立了深	fragment	2026-10-04	
清禾	obscure	2026-10-04	
队备战	fragment	2026-10-04	
非信创	fragment	2026-10-04	
即时响应	phrase	2026-10-04	
式搅拌器	fragment	2026-10-04	
性不强	fragment	2026-10-04	
问学支持	junk	2026-10-04	
伟表示	fragment	2026-10-04	
入一个新	fragment	2026-10-04	
公务员招	fragment	2026-10-04	
即时看	phrase	2026-10-04	
待每一位	phrase	2026-10-04	
液浓度	fragment	2026-10-04	
策略与实	fragment	2026-10-04	
远力磁电	obscure	2026-10-04	
世界中畅	fragment	2026-10-04	
件均采用	fragment	2026-10-04	
化流水线	fragment	2026-10-04	
商业化运	fragment	2026-10-04	
城大道	fragment	2026-10-04	
城新闻网	fragment	2026-10-04	
建建工程	junk	2026-10-04	
式开窗器	fragment	2026-10-04	
沟镇	obscure	2026-10-04	
私人订制	typo	2026-10-04	
需加盖	phrase	2026-10-04	
项目扶植	phrase	2026-10-04	
刘振	obscure	2026-10-04	
徐逸晨	obscure	2026-10-04	
性与合规	fragment	2026-10-04	
申请人须	phrase	2026-10-04	
苏瑶	obscure	2026-10-04	
一款既	fragment	2026-10-04	
助您投资	phrase	2026-10-04	
化和创新	fragment	2026-10-04	
叫陈	fragment	2026-10-04	
李瑞	obscure	2026-10-04	
监测领域	phrase	2026-10-04	
确保仪器	phrase	2026-10-04	
著做权	typo	2026-10-04	
连接到电	fragment	2026-10-04	
品牌引见	junk	2026-10-04	
商签订	fragment	2026-10-04	
实用策略	phrase	2026-10-04	
市值约	phrase	2026-10-04	
晏清	obscure	2026-10-04	
海外贸	fragment	2026-10-04	
赵志	obscure	2026-10-04	
天俱时	junk	2026-10-04	
杨杰	obscure	2026-10-04	
林姝	obscure	2026-10-04	
油滤清器	fragment	2026-10-04	
由著名	phrase	2026-10-04	
阿贝	obscure	2026-10-04	
颚破	junk	2026-10-04	
高度注沉	junk	2026-10-04	
业化运营	fragment	2026-10-04	
中获利	fragment	2026-10-04	
于对照组	fragment	2026-10-04	
取糊口	junk	2026-10-04	
品价格上	fragment	2026-10-04	
委书记杨	fragment	2026-10-04	
布了一项	fragment	2026-10-04	
水韵	obscure	2026-10-04	
载能力强	fragment	2026-10-04	
党支部党	fragment	2026-10-04	
房屋灯	junk	2026-10-04	
方面作出	phrase	2026-10-04	
权交易中	fragment	2026-10-04	
楔蛾	obscure	2026-10-04	
武汉市江	fragment	2026-10-04	
理与分析	fragment	2026-10-04	
管理和调	fragment	2026-10-04	
老萧	obscure	2026-10-04	
中道泰和	junk	2026-10-04	
入规模化	fragment	2026-10-04	
区水疗	fragment	2026-10-04	
萨勒	obscure	2026-10-04	
正在不竭	junk	2026-10-04	
液混合	fragment	2026-10-04	
纳磐	junk	2026-10-04	
蛇羊	junk	2026-10-04	
量等因素	fragment	2026-10-04	
驿坐	junk	2026-10-04	
中为检验	junk	2026-10-04	
取发卖	junk	2026-10-04	
市城镇	fragment	2026-10-04	
提出了严	fragment	2026-10-04	
模子取	junk	2026-10-04	
烟温复合	junk	2026-10-04	
监视抽检	junk	2026-10-04	
移植等	phrase	2026-10-04	
粪有机肥	fragment	2026-10-04	
马博足球	junk	2026-10-04	
一个微小	phrase	2026-10-04	
上海净信	junk	2026-10-04	
伊纳	obscure	2026-10-04	
作出任何	phrase	2026-10-04	
出了重大	phrase	2026-10-04	
十一次全	fragment	2026-10-04	
古丽	obscure	2026-10-04	
国际家具	phrase	2026-10-04	
市市级	fragment	2026-10-04	
师会根据	fragment	2026-10-04	
感受到浓	fragment	2026-10-04	
搜球体育	junk	2026-10-04	
王莉	obscure	2026-10-04	
豪森	obscure	2026-10-04	
一次性补	fragment	2026-10-04	
仲望咨询	junk	2026-10-04	
低成本获	fragment	2026-10-04	
分布式电	fragment	2026-10-04	
哪些坑	phrase	2026-10-04	
国和美国	fragment	2026-10-04	
症风险	fragment	2026-10-04	
蕴含着深	fragment	2026-10-04	
酯树脂	fragment	2026-10-04	
鸟飞	phrase	2026-10-04	
丝路企服	junk	2026-10-04	
中国制制	junk	2026-10-04	
丹牛	junk	2026-10-04	
主任吴	fragment	2026-10-04	
信伟慧诚	junk	2026-10-04	
庙镇	obscure	2026-10-04	
系统性解	fragment	2026-10-04	
萧逸	obscure	2026-10-04	
讲座由	fragment	2026-10-04	
赛收官	fragment	2026-10-04	
阳流量卡	fragment	2026-10-04	
合了多种	fragment	2026-10-04	
垂曲范畴	junk	2026-10-04	
意识和自	fragment	2026-10-04	
拉邦	obscure	2026-10-04	
权流转	fragment	2026-10-04	
板锤	obscure	2026-10-04	
模子能力	junk	2026-10-04	
治理研究	phrase	2026-10-04	
病流行	fragment	2026-10-04	
矫捷性	junk	2026-10-04	
主义经济	fragment	2026-10-04	
化和产业	fragment	2026-10-04	
厅组织	fragment	2026-10-04	
合作劣势	junk	2026-10-04	
年生于	fragment	2026-10-04	
朗慧	obscure	2026-10-04	
机等产品	fragment	2026-10-04	
龙剑	obscure	2026-10-04	
九州体育	junk	2026-10-04	
园二期	fragment	2026-10-04	
国内外专	fragment	2026-10-04	
场上占据	fragment	2026-10-04	
宋青	obscure	2026-10-04	
完全停	phrase	2026-10-04	
手艺劣势	junk	2026-10-04	
新预告	phrase	2026-10-04	
每一次失	fragment	2026-10-04	
沈玉	obscure	2026-10-04	
业和消费	fragment	2026-10-04	
业投资机	fragment	2026-10-04	
乐不雅	junk	2026-10-04	
供应商评	fragment	2026-10-04	
南省科技	fragment	2026-10-04	
圈老化	fragment	2026-10-04	
封拆	obscure	2026-10-04	
度和速度	fragment	2026-10-04	
彬哥	obscure	2026-10-04	
杨宇	obscure	2026-10-04	
润隆环保	junk	2026-10-04	
王焱	obscure	2026-10-04	
税纳税	fragment	2026-10-04	
等相关资	fragment	2026-10-04	
等行业领	fragment	2026-10-04	
位房客	fragment	2026-10-04	
分析师预	fragment	2026-10-04	
期一个月	fragment	2026-10-04	
物资源化	fragment	2026-10-04	
者可根据	fragment	2026-10-04	
云思智慧	junk	2026-10-04	
力远超	fragment	2026-10-04	
小做坊	typo	2026-10-04	
素酶	fragment	2026-10-04	
选择时应	phrase	2026-10-04	
量将达到	fragment	2026-10-04	
高端室第	junk	2026-10-04	
丽珍	obscure	2026-10-04	
于以太坊	fragment	2026-10-04	
孟凡	obscure	2026-10-04	
寮哄	junk	2026-10-04	
度与效率	fragment	2026-10-04	
式空压机	fragment	2026-10-04	
混凝土基	fragment	2026-10-04	
确保即使	phrase	2026-10-04	
级无尘	fragment	2026-10-04	
许多女性	phrase	2026-10-04	
谢今安	obscure	2026-10-04	
万妖	obscure	2026-10-04	
业中具有	fragment	2026-10-04	
先辈制制	junk	2026-10-04	
师报考	fragment	2026-10-04	
座女生	fragment	2026-10-04	
支付宝账	fragment	2026-10-04	
泛普软件	junk	2026-10-04	
税减免	fragment	2026-10-04	
视频和文	fragment	2026-10-04	
负责人签	fragment	2026-10-04	
力与市场	fragment	2026-10-04	
王剑	obscure	2026-10-04	
瓦生产线	fragment	2026-10-04	
社会从义	junk	2026-10-04	
耐高温防	fragment	2026-10-04	
设计和优	fragment	2026-10-04	
长崔	fragment	2026-10-04	
一次打开	phrase	2026-10-04	
力与挑战	fragment	2026-10-04	
研发与产	fragment	2026-10-04	
莱巴	obscure	2026-10-04	
部和国家	fragment	2026-10-04	
钳虫	obscure	2026-10-04	
长等职	fragment	2026-10-04	
乎所有人	fragment	2026-10-04	
件兼容性	fragment	2026-10-04	
性和长期	fragment	2026-10-04	
汇聚起	phrase	2026-10-04	
直属服务	junk	2026-10-04	
辅牌器	junk	2026-10-04	
链接全球	phrase	2026-10-04	
陆砚	obscure	2026-10-04	
丽雅	obscure	2026-10-04	
号等信息	fragment	2026-10-04	
官方直属	phrase	2026-10-04	
岁以上人	fragment	2026-10-04	
式制冷	fragment	2026-10-04	
张兆	obscure	2026-10-04	
手艺人员	junk	2026-10-04	
易欧钱包	junk	2026-10-04	
朱晓	obscure	2026-10-04	
楚枫	obscure	2026-10-04	
球邀请赛	fragment	2026-10-04	
程中扮演	fragment	2026-10-04	
税改革	fragment	2026-10-04	
者量身	fragment	2026-10-04	
剂用量	fragment	2026-10-04	
复合增加	junk	2026-10-04	
手艺支撑	junk	2026-10-04	
气探测器	fragment	2026-10-04	
莉音	obscure	2026-10-04	
进行了审	fragment	2026-10-04	
专职副主	fragment	2026-10-04	
主任马	fragment	2026-10-04	
传递至	phrase	2026-10-04	
佐野	obscure	2026-10-04	
华先生	phrase	2026-10-04	
引发行业	phrase	2026-10-04	
性和成本	fragment	2026-10-04	
斯对阵	fragment	2026-10-04	
林知夏	obscure	2026-10-04	
气发动机	fragment	2026-10-04	
车桥配置	phrase	2026-10-04	
队在国际	fragment	2026-10-04	
一元一分	phrase	2026-10-04	
刀砍	phrase	2026-10-04	
刘桂	obscure	2026-10-04	
天禧	obscure	2026-10-04	
州人才网	fragment	2026-10-04	
市中西医	fragment	2026-10-04	
惠平易近	junk	2026-10-04	
贵州省黔	fragment	2026-10-04	
鑫达	obscure	2026-10-04	
银理财	fragment	2026-10-04	
六肖	junk	2026-10-04	
委党组	fragment	2026-10-04	
富东懿	junk	2026-10-04	
张忠	obscure	2026-10-04	
手艺研究	junk	2026-10-04	
活力和创	fragment	2026-10-04	
通过多重	phrase	2026-10-04	
量适中	fragment	2026-10-04	
魔睺罗伽	obscure	2026-10-04	
一系列严	fragment	2026-10-04	
业注入新	fragment	2026-10-04	
化示范区	fragment	2026-10-04	
博莱	obscure	2026-10-04	
各站点	phrase	2026-10-04	
周衍	obscure	2026-10-04	
无法实时	phrase	2026-10-04	
阀系列	fragment	2026-10-04	
阿里亚	obscure	2026-10-04	
顾行舟	obscure	2026-10-04	
别贪	phrase	2026-10-04	
厅公布	fragment	2026-10-04	
委印发	fragment	2026-10-04	
沈清辞	obscure	2026-10-04	
玛斯	obscure	2026-10-04	
石岩	obscure	2026-10-04	
端设置有	fragment	2026-10-04	
进入深度	phrase	2026-10-04	
医学会第	fragment	2026-10-04	
媚儿	obscure	2026-10-04	
工做演讲	typo	2026-10-04	
手艺壁垒	junk	2026-10-04	
查察机关	junk	2026-10-04	
沈念	obscure	2026-10-04	
沈星	obscure	2026-10-04	
金宝搏	junk	2026-10-04	
长姚	fragment	2026-10-04	
陈玄	obscure	2026-10-04	
上海禾工	junk	2026-10-04	
体式设计	phrase	2026-10-04	
保证实验	phrase	2026-10-04	
厅办理	fragment	2026-10-04	
学二年级	fragment	2026-10-04	
插到底	phrase	2026-10-04	
绯荤	junk	2026-10-04	
赞帮	junk	2026-10-04	
顾衍	obscure	2026-10-04	
企业和创	fragment	2026-10-04	
倍攻	obscure	2026-10-04	
农作物种	fragment	2026-10-04	
剑甲	obscure	2026-10-04	
县货运	fragment	2026-10-04	
增值税税	fragment	2026-10-04	
市首批	fragment	2026-10-04	
度和表面	fragment	2026-10-04	
式压滤机	fragment	2026-10-04	
沈棠	obscure	2026-10-04	
源新材料	fragment	2026-10-04	
莫尼	obscure	2026-10-04	
财产立异	junk	2026-10-04	
低谷时	phrase	2026-10-04	
十三条第	fragment	2026-10-04	
埃纳	obscure	2026-10-04	
正在现实	junk	2026-10-04	
深度合做	typo	2026-10-04	
等相关证	fragment	2026-10-04	
赵春	obscure	2026-10-04	
进行了严	fragment	2026-10-04	
丰泰水工	junk	2026-10-04	
亿级产业	phrase	2026-10-04	
全自动液	fragment	2026-10-04	
具加工厂	fragment	2026-10-04	
出现走时	junk	2026-10-04	
刘雨	obscure	2026-10-04	
办事收集	junk	2026-10-04	
官网登陆	typo	2026-10-04	
度和成本	fragment	2026-10-04	
式止回阀	fragment	2026-10-04	
情发生后	fragment	2026-10-04	
白雪敏	obscure	2026-10-04	
砚辞	obscure	2026-10-04	
视频和图	fragment	2026-10-04	
跌逾	phrase	2026-10-04	
迈斯	obscure	2026-10-04	
近日正式	phrase	2026-10-04	
骞村	obscure	2026-10-04	
二合引	junk	2026-10-04	
位访客	fragment	2026-10-04	
入到游戏	phrase	2026-10-04	
剑帝	obscure	2026-10-04	
加强与国	fragment	2026-10-04	
多家头部	phrase	2026-10-04	
带来更优	fragment	2026-10-04	
扶植取	junk	2026-10-04	
捷盟咨询	junk	2026-10-04	
甲联赛第	fragment	2026-10-04	
监测模块	phrase	2026-10-04	
笼盖率	junk	2026-10-04	
逼抢时	fragment	2026-10-04	
链各环节	fragment	2026-10-04	
世忠	obscure	2026-10-04	
六张网	junk	2026-10-04	
力和潜力	fragment	2026-10-04	
周步青	obscure	2026-10-04	
式格栅	fragment	2026-10-04	
数据为基	fragment	2026-10-04	
沈昭	obscure	2026-10-04	
牛虎	obscure	2026-10-04	
甲赛场上	fragment	2026-10-04	
遮阳蓬	typo	2026-10-04	
十六条第	fragment	2026-10-04	
周鹏	obscure	2026-10-04	
士气和	fragment	2026-10-04	
开发和运	fragment	2026-10-04	
心指导下	fragment	2026-10-04	
性化合物	fragment	2026-10-04	
改性聚	fragment	2026-10-04	
文卿	obscure	2026-10-04	
文字和图	fragment	2026-10-04	
无人机巡	fragment	2026-10-04	
泄火	typo	2026-10-04	
涑涑	junk	2026-10-04	
炜桦	junk	2026-10-04	
照本办法	junk	2026-10-04	
理及应用	fragment	2026-10-04	
赢配资	junk	2026-10-04	
连系本身	junk	2026-10-04	
阳街道	fragment	2026-10-04	
件及相关	fragment	2026-10-04	
关喆	obscure	2026-10-04	
分析和预	fragment	2026-10-04	
刘雪	obscure	2026-10-04	
十九条第	fragment	2026-10-04	
十八条第	fragment	2026-10-04	
尚未正式	phrase	2026-10-04	
尽可能保	fragment	2026-10-04	
年壹起航	junk	2026-10-04	
性地提出	fragment	2026-10-04	
掰穴	junk	2026-10-04	
斩仙	obscure	2026-10-04	
本色性	junk	2026-10-04	
每一次转	fragment	2026-10-04	
绮惧	junk	2026-10-04	
菲克	obscure	2026-10-04	
鑫源	obscure	2026-10-04	
阻燃型	phrase	2026-10-04	
雨桐	obscure	2026-10-04	
齐沃	obscure	2026-10-04	
上海创京	junk	2026-10-04	
件和系统	fragment	2026-10-04	
件等方式	fragment	2026-10-04	
倒脚	typo	2026-10-04	
区货运	fragment	2026-10-04	
季度以来	phrase	2026-10-04	
带她去	phrase	2026-10-04	
帮力企业	junk	2026-10-04	
应用于农	fragment	2026-10-04	
晓龙	obscure	2026-10-04	
机刀片	fragment	2026-10-04	
杜尔	obscure	2026-10-04	
玉娇	obscure	2026-10-04	
立式烟感	junk	2026-10-04	
莱夫	obscure	2026-10-04	
专委会主	fragment	2026-10-04	
专属办事	phrase	2026-10-04	
业大学教	fragment	2026-10-04	
亚共和国	fragment	2026-10-04	
兜射	junk	2026-10-04	
卡蒂	obscure	2026-10-04	
器和数据	fragment	2026-10-04	
奖励圈	junk	2026-10-04	
婿叶凡	fragment	2026-10-04	
室成员	fragment	2026-10-04	
峻厉冲击	junk	2026-10-04	
州天气	fragment	2026-10-04	
已经推出	phrase	2026-10-04	
正在哪里	phrase	2026-10-04	
法规和规	fragment	2026-10-04	
睿扬	obscure	2026-10-04	
第叁	junk	2026-10-04	
驾驶人考	fragment	2026-10-04	
华出席	fragment	2026-10-04	
家企业入	fragment	2026-10-04	
广东省政	fragment	2026-10-04	
教育部教	fragment	2026-10-04	
旧木	phrase	2026-10-04	
晓雪	obscure	2026-10-04	
率小于	fragment	2026-10-04	
现已正式	phrase	2026-10-04	
目和内容	fragment	2026-10-04	
虎龙	obscure	2026-10-04	
进行了简	fragment	2026-10-04	
通过简洁	phrase	2026-10-04	
骑乘位	junk	2026-10-04	
主角沈	fragment	2026-10-04	
剂是一种	fragment	2026-10-04	
动新一轮	fragment	2026-10-04	
十七条第	fragment	2026-10-04	
合做关系	typo	2026-10-04	
器自带	fragment	2026-10-04	
悦读	obscure	2026-10-04	
桑清衍	obscure	2026-10-04	
瀵规	junk	2026-10-04	
白蚁公司	phrase	2026-10-04	
立异核心	junk	2026-10-04	
置和使用	fragment	2026-10-04	
莉希	obscure	2026-10-04	
获得更优	phrase	2026-10-04	
虎兔	obscure	2026-10-04	
道两侧	phrase	2026-10-04	
阳光晴子	junk	2026-10-04	
院院长王	fragment	2026-10-04	
首页网坐	junk	2026-10-04	
下载欧意	junk	2026-10-04	
位处理器	fragment	2026-10-04	
作中出现	fragment	2026-10-04	
光大数码	junk	2026-10-04	
城小区	fragment	2026-10-04	
提升竞技	phrase	2026-10-04	
沈青	obscure	2026-10-04	
结合患者	phrase	2026-10-04	
羊鸡	junk	2026-10-04	
观众在观	fragment	2026-10-04	
视为已	fragment	2026-10-04	
进行了评	fragment	2026-10-04	
阀是一种	fragment	2026-10-04	
一定要坚	fragment	2026-10-04	
一种集成	phrase	2026-10-04	
乳成品	fragment	2026-10-04	
亚等国家	fragment	2026-10-04	
咨询获取	phrase	2026-10-04	
孔令	obscure	2026-10-04	
康启奥	junk	2026-10-04	
性肝病	fragment	2026-10-04	
扎伊	obscure	2026-10-04	
敏肌肤	fragment	2026-10-04	
试成绩及	fragment	2026-10-04	
豪庭	obscure	2026-10-04	
力和组织	fragment	2026-10-04	
务副总裁	fragment	2026-10-04	
区二期	fragment	2026-10-04	
南侨	obscure	2026-10-04	
季结束后	fragment	2026-10-04	
张婷	obscure	2026-10-04	
性极佳	fragment	2026-10-04	
期前后	fragment	2026-10-04	
较旺	phrase	2026-10-04	
酒赛道	fragment	2026-10-04	
量极低	fragment	2026-10-04	
代美术馆	fragment	2026-10-04	
仪式由	fragment	2026-10-04	
件复印件	fragment	2026-10-04	
医养连系	junk	2026-10-04	
十一条第	fragment	2026-10-04	
厅联合	fragment	2026-10-04	
发展提质	phrase	2026-10-04	
告中表示	fragment	2026-10-04	
器哪个好	fragment	2026-10-04	
字成语	fragment	2026-10-04	
机控制电	fragment	2026-10-04	
林倩	obscure	2026-10-04	
沈阳精机	obscure	2026-10-04	
测和评估	fragment	2026-10-04	
浜虹	junk	2026-10-04	
澳洲集运	junk	2026-10-04	
炎是一种	fragment	2026-10-04	
瑞瑞	obscure	2026-10-04	
祁宏	obscure	2026-10-04	
职业手艺	junk	2026-10-04	
设计和建	fragment	2026-10-04	
降低误	fragment	2026-10-04	
须自行	phrase	2026-10-04	
食物财产	junk	2026-10-04	
久工仓储	junk	2026-10-04	
位院士	fragment	2026-10-04	
凭借其精	fragment	2026-10-04	
华体网	junk	2026-10-04	
夕夕	obscure	2026-10-04	
州市高新	fragment	2026-10-04	
巨屌	junk	2026-10-04	
性清洗剂	fragment	2026-10-04	
既适合	fragment	2026-10-04	
日起开始	phrase	2026-10-04	
柜定制	fragment	2026-10-04	
汇凯金业	junk	2026-10-04	
江苏省科	fragment	2026-10-04	
油压养生	junk	2026-10-04	
等多项国	fragment	2026-10-04	
置了多种	fragment	2026-10-04	
艳姨	obscure	2026-10-04	
赵玉	obscure	2026-10-04	
述了自己	fragment	2026-10-04	
问题并提	fragment	2026-10-04	
阮萤	obscure	2026-10-04	
南枝	obscure	2026-10-04	
占比近	phrase	2026-10-04	
域范围内	fragment	2026-10-04	
机主板	fragment	2026-10-04	
机在运行	fragment	2026-10-04	
瓶瓶	junk	2026-10-04	
立异型	junk	2026-10-04	
经历告诉	phrase	2026-10-04	
越来越紧	phrase	2026-10-04	
锦秋	obscure	2026-10-04	
集团问学	junk	2026-10-04	
韦林	obscure	2026-10-04	
军先生	fragment	2026-10-04	
刘忠	obscure	2026-10-04	
屏维修	fragment	2026-10-04	
已损坏	phrase	2026-10-04	
式液位计	fragment	2026-10-04	
性与抗	fragment	2026-10-04	
期太湖	fragment	2026-10-04	
林溪	obscure	2026-10-04	
查不合格	phrase	2026-10-04	
池恙	junk	2026-10-04	
炎治疗	fragment	2026-10-04	
薛梅	obscure	2026-10-04	
锁电池	fragment	2026-10-04	
俞星河	obscure	2026-10-04	
做为全球	typo	2026-10-04	
凡亿	obscure	2026-10-04	
压变压器	fragment	2026-10-04	
巴拿马队	phrase	2026-10-04	
巴莱	obscure	2026-10-04	
性校验	fragment	2026-10-04	
无实质	phrase	2026-10-04	
暨全国	phrase	2026-10-04	
机械人正	fragment	2026-10-04	
查结果公	fragment	2026-10-04	
校毕业证	fragment	2026-10-04	
浮梦	obscure	2026-10-04	
王萧	obscure	2026-10-04	
由中国电	fragment	2026-10-04	
简立方	junk	2026-10-04	
箭射	phrase	2026-10-04	
译研网	obscure	2026-10-04	
跨区域协	fragment	2026-10-04	
遑急	obscure	2026-10-04	
九肖	junk	2026-10-04	
及时咨询	phrase	2026-10-04	
市下辖	fragment	2026-10-04	
式紫外线	fragment	2026-10-04	
心投入到	fragment	2026-10-04	
思屋电气	junk	2026-10-04	
慧视眼科	junk	2026-10-04	
成可复制	fragment	2026-10-04	
提拔栖身	junk	2026-10-04	
汝湮老师	junk	2026-10-04	
率远超	fragment	2026-10-04	
芒旭软件	junk	2026-10-04	
角色事件	phrase	2026-10-04	
醉美	obscure	2026-10-04	
院成立于	fragment	2026-10-04	
麒麟瓶	obscure	2026-10-04	
制制范畴	junk	2026-10-04	
剂配方	fragment	2026-10-04	
勇教授	fragment	2026-10-04	
厉凌烨	obscure	2026-10-04	
州市住房	fragment	2026-10-04	
年国家公	fragment	2026-10-04	
度依赖于	fragment	2026-10-04	
点击连接	typo	2026-10-04	
玉晴	obscure	2026-10-04	
现出一定	phrase	2026-10-04	
者和用户	fragment	2026-10-04	
者还应	fragment	2026-10-04	
足球竞彩	junk	2026-10-04	
院教职工	fragment	2026-10-04	
于江西省	fragment	2026-10-04	
体式结构	phrase	2026-10-04	
凯莱	obscure	2026-10-04	
取出产	junk	2026-10-04	
唐泽	obscure	2026-10-04	
器与电	fragment	2026-10-04	
数字手艺	junk	2026-10-04	
旧事网	junk	2026-10-04	
楼一楼	fragment	2026-10-04	
每天喝	phrase	2026-10-04	
等严苛	fragment	2026-10-04	
翼飞	obscure	2026-10-04	
节制器	junk	2026-10-04	
表读数	phrase	2026-10-04	
设备制制	junk	2026-10-04	
邮寄至	phrase	2026-10-04	
重庆净化	phrase	2026-10-04	
量排名第	fragment	2026-10-04	
颗星星	phrase	2026-10-04	
体抵抗力	fragment	2026-10-04	
名酒企	fragment	2026-10-04	
听力提分	phrase	2026-10-04	
属子公司	fragment	2026-10-04	
州麻将机	junk	2026-10-04	
度比较大	fragment	2026-10-04	
料粉碎机	fragment	2026-10-04	
晓丽	obscure	2026-10-04	
机械制制	junk	2026-10-04	
杨涛	obscure	2026-10-04	
杨蜜	junk	2026-10-04	
校全日制	fragment	2026-10-04	
目标是提	fragment	2026-10-04	
艾森	obscure	2026-10-04	
语学习者	fragment	2026-10-04	
适配分歧	junk	2026-10-04	
量和速度	fragment	2026-10-04	
院院长张	fragment	2026-10-04	
韦克	obscure	2026-10-04	
一致且	phrase	2026-10-04	
件和数据	fragment	2026-10-04	
俞澈	obscure	2026-10-04	
做为中国	typo	2026-10-04	
助你顺利	phrase	2026-10-04	
李佩	obscure	2026-10-04	
林舟	obscure	2026-10-04	
榜榜首	fragment	2026-10-04	
橘子影院	junk	2026-10-04	
水压监测	phrase	2026-10-04	
治理方面	phrase	2026-10-04	
烟烟	obscure	2026-10-04	
理和保护	fragment	2026-10-04	
簿上	fragment	2026-10-04	
萧晨	obscure	2026-10-04	
业废弃物	fragment	2026-10-04	
于高风险	fragment	2026-10-04	
伊莉雅	obscure	2026-10-04	
取设想	junk	2026-10-04	
器和设备	fragment	2026-10-04	
开天录	obscure	2026-10-04	
恤男	junk	2026-10-04	
提供更贴	fragment	2026-10-04	
早报丨	junk	2026-10-04	
朱志	obscure	2026-10-04	
杨季	obscure	2026-10-04	
棠棠	obscure	2026-10-04	
狗加速器	junk	2026-10-04	
王桂	obscure	2026-10-04	
玛瑞	obscure	2026-10-04	
糊口办事	junk	2026-10-04	
超声波测	fragment	2026-10-04	
长亲自	fragment	2026-10-04	
仕全兴	junk	2026-10-04	
优美币	junk	2026-10-04	
县举行	fragment	2026-10-04	
器底部	fragment	2026-10-04	
大型公共	phrase	2026-10-04	
宝盈	obscure	2026-10-04	
工机械厂	fragment	2026-10-04	
市值达	phrase	2026-10-04	
师助理	fragment	2026-10-04	
式和内容	fragment	2026-10-04	
心地进行	phrase	2026-10-04	
成长径	fragment	2026-10-04	
教练和球	fragment	2026-10-04	
澜庭	obscure	2026-10-04	
留在原	fragment	2026-10-04	
监督工做	typo	2026-10-04	
科医院医	fragment	2026-10-04	
突发事务	phrase	2026-10-04	
第二种方	fragment	2026-10-04	
腺分泌	fragment	2026-10-04	
芝芝	obscure	2026-10-04	
业向更高	fragment	2026-10-04	
人简章	fragment	2026-10-04	
仙玉	obscure	2026-10-04	
公大激光	junk	2026-10-04	
动连接有	fragment	2026-10-04	
南乔	obscure	2026-10-04	
哈威	obscure	2026-10-04	
居全省第	fragment	2026-10-04	
式杀虫灯	fragment	2026-10-04	
强大精神	phrase	2026-10-04	
总监李	fragment	2026-10-04	
林玄	obscure	2026-10-04	
校学位	fragment	2026-10-04	
浜轰	junk	2026-10-04	
渗透至	phrase	2026-10-04	
虎卫	obscure	2026-10-04	
质与服务	fragment	2026-10-04	
远舟	obscure	2026-10-04	
量暴涨	fragment	2026-10-04	
驻上海	phrase	2026-10-04	
作表率	phrase	2026-10-04	
力并存	fragment	2026-10-04	
州市第二	fragment	2026-10-04	
放置类	phrase	2026-10-04	
杜埃	obscure	2026-10-04	
王凤	obscure	2026-10-04	
理区域内	fragment	2026-10-04	
糊口圈	junk	2026-10-04	
聪慧监管	junk	2026-10-04	
音源大小	phrase	2026-10-04	
健元医药	fragment	2026-10-04	
兼副	obscure	2026-10-04	
尤尼柯	fragment	2026-10-04	
山娃	obscure	2026-10-04	
干湿分手	junk	2026-10-04	
度与深度	fragment	2026-10-04	
度可达到	fragment	2026-10-04	
曲播电商	junk	2026-10-04	
洲杯冠军	fragment	2026-10-04	
湖湾	obscure	2026-10-04	
湿蒸	obscure	2026-10-04	
物分解	fragment	2026-10-04	
现出更多	junk	2026-10-04	
用于防止	phrase	2026-10-04	
等省市	phrase	2026-10-04	
简短答案	phrase	2026-10-04	
词发帖	fragment	2026-10-04	
费缴纳	fragment	2026-10-04	
阐发取	junk	2026-10-04	
额不低于	fragment	2026-10-04	
高低压电	fragment	2026-10-04	
高标准建	fragment	2026-10-04	
麦麦	obscure	2026-10-04	
优步应用	phrase	2026-10-04	
作弊技	fragment	2026-10-04	
信息化领	fragment	2026-10-04	
入快车道	phrase	2026-10-04	
全日制专	fragment	2026-10-04	
冲破性	junk	2026-10-04	
员大会暨	fragment	2026-10-04	
宋思	obscure	2026-10-04	
幽影	obscure	2026-10-04	
手艺实现	junk	2026-10-04	
支持与信	fragment	2026-10-04	
术学院教	fragment	2026-10-04	
构建全链	fragment	2026-10-04	
率并降低	fragment	2026-10-04	
王叔	obscure	2026-10-04	
码是多少	phrase	2026-10-04	
美洽	obscure	2026-10-04	
耀中耀华	fragment	2026-10-04	
腐竹网	fragment	2026-10-04	
苏暮临	fragment	2026-10-04	
铝盖	obscure	2026-10-04	
吴永	obscure	2026-10-04	
妈妈妈	junk	2026-10-04	
学员能够	phrase	2026-10-04	
市顺义区	fragment	2026-10-04	
度和高度	fragment	2026-10-04	
晓梅	obscure	2026-10-04	
机主要由	fragment	2026-10-04	
机皮带	fragment	2026-10-04	
柴发电机	fragment	2026-10-04	
浙江省科	fragment	2026-10-04	
生和研究	fragment	2026-10-04	
直营售后	phrase	2026-10-04	
穆拉	obscure	2026-10-04	
自适应调	fragment	2026-10-04	
证遗失	fragment	2026-10-04	
赛失利	fragment	2026-10-04	
适用性强	phrase	2026-10-04	
鸭加速器	junk	2026-10-04	
凯盛	obscure	2026-10-04	
刘慧	obscure	2026-10-04	
剂添加	fragment	2026-10-04	
力和持续	fragment	2026-10-04	
力和经验	fragment	2026-10-04	
力和资源	fragment	2026-10-04	
区将持续	fragment	2026-10-04	
医美原料	phrase	2026-10-04	
南新科技	fragment	2026-10-04	
合适国度	junk	2026-10-04	
度偏低	fragment	2026-10-04	
德天空	fragment	2026-10-04	
成本节制	junk	2026-10-04	
文彦	obscure	2026-10-04	
权范围内	fragment	2026-10-04	
王虎	obscure	2026-10-04	
理不到位	fragment	2026-10-04	
用于接收	phrase	2026-10-04	
直属售后	junk	2026-10-04	
砂过滤器	fragment	2026-10-04	
绮剧	junk	2026-10-04	
苏锦	obscure	2026-10-04	
萨默	obscure	2026-10-04	
蛇马	obscure	2026-10-04	
证申请表	fragment	2026-10-04	
陈逸	obscure	2026-10-04	
集国内外	phrase	2026-10-04	
预告于	fragment	2026-10-04	
黎丝	obscure	2026-10-04	
专项查抄	phrase	2026-10-04	
业带来新	fragment	2026-10-04	
优先优化	phrase	2026-10-04	
具制造商	fragment	2026-10-04	
划和执行	fragment	2026-10-04	
南京秋糖	fragment	2026-10-04	
取养分	phrase	2026-10-04	
器本体	fragment	2026-10-04	
晓晖	obscure	2026-10-04	
构建起全	fragment	2026-10-04	
武汉市汉	fragment	2026-10-04	
点和应用	fragment	2026-10-04	
率等关键	fragment	2026-10-04	
码等信息	fragment	2026-10-04	
葛神	obscure	2026-10-04	
记者杨	fragment	2026-10-04	
费标准及	fragment	2026-10-04	
迪威	obscure	2026-10-04	
郁深	obscure	2026-10-04	
量和转化	fragment	2026-10-04	
长尹	junk	2026-10-04	
颜艳珍	fragment	2026-10-04	
额下降	fragment	2026-10-04	
东鼎	obscure	2026-10-04	
事业作出	phrase	2026-10-04	
事会第十	fragment	2026-10-04	
倡导健康	phrase	2026-10-04	
十五条第	fragment	2026-10-04	
华苑	obscure	2026-10-04	
器上运行	fragment	2026-10-04	
培训暨	fragment	2026-10-04	
娱趣	obscure	2026-10-04	
孤勇	obscure	2026-10-04	
学生赴	fragment	2026-10-04	
工会联合	fragment	2026-10-04	
工做会议	junk	2026-10-04	
打制出	junk	2026-10-04	
教师奖	phrase	2026-10-04	
王兆	obscure	2026-10-04	
皓天	obscure	2026-10-04	
符合申请	phrase	2026-10-04	
舔逼	junk	2026-10-04	
花漾	obscure	2026-10-04	
芽衣	obscure	2026-10-04	
西尔维	fragment	2026-10-04	
费了大量	phrase	2026-10-04	
队主力	fragment	2026-10-04	
于普通人	phrase	2026-10-04	
亿元收购	phrase	2026-10-04	
力和价值	fragment	2026-10-04	
啸天	obscure	2026-10-04	
埃泽	obscure	2026-10-04	
徽声在线	fragment	2026-10-04	
性优于	fragment	2026-10-04	
恒峰	obscure	2026-10-04	
时长约	phrase	2026-10-04	
林昭	obscure	2026-10-04	
洪宇	obscure	2026-10-04	
满脚日常	junk	2026-10-04	
率升至	fragment	2026-10-04	
王睿	obscure	2026-10-04	
玻璃钢防	fragment	2026-10-04	
田秀	obscure	2026-10-04	
直接抄	phrase	2026-10-04	
算力层	fragment	2026-10-04	
阀具有	fragment	2026-10-04	
队效力	fragment	2026-10-04	
世人皆	phrase	2026-10-04	
中钢国检	fragment	2026-10-04	
全自动测	fragment	2026-10-04	
基于实时	phrase	2026-10-04	
夏晚	obscure	2026-10-04	
妮丝	obscure	2026-10-04	
局了解到	fragment	2026-10-04	
峰教授	fragment	2026-10-04	
手艺支持	junk	2026-10-04	
折手游	junk	2026-10-04	
服务实例	phrase	2026-10-04	
沈知意	fragment	2026-10-04	
涓虹	junk	2026-10-04	
绫诲	junk	2026-10-04	
苏宇	obscure	2026-10-04	
药行业中	fragment	2026-10-04	
运动员参	fragment	2026-10-04	
酶行业	fragment	2026-10-04	
金曜石	fragment	2026-10-04	
锛屽	junk	2026-10-04	
间接决定	phrase	2026-10-04	
集运公司	phrase	2026-10-04	
马踏	obscure	2026-10-04	
高品质音	fragment	2026-10-04	
么受欢迎	fragment	2026-10-04	
依赖云端	phrase	2026-10-04	
先清理	phrase	2026-10-04	
冬季移机	fragment	2026-10-04	
刚性好	phrase	2026-10-04	
加强政治	phrase	2026-10-04	
助力高效	phrase	2026-10-04	
化氢气体	fragment	2026-10-04	
卧槽云	junk	2026-10-04	
县蛋糕店	fragment	2026-10-04	
员都必须	fragment	2026-10-04	
器支架	fragment	2026-10-04	
器线圈	fragment	2026-10-04	
四时度	junk	2026-10-04	
实施监督	phrase	2026-10-04	
市市直	fragment	2026-10-04	
撩波	junk	2026-10-04	
朱梓	obscure	2026-10-04	
李宾	obscure	2026-10-04	
检测对象	phrase	2026-10-04	
波教授	fragment	2026-10-04	
瀹跺	junk	2026-10-04	
率测定仪	fragment	2026-10-04	
王奕	obscure	2026-10-04	
秦玉	obscure	2026-10-04	
萧景	obscure	2026-10-04	
西柚加速	junk	2026-10-04	
误报率低	phrase	2026-10-04	
轴采用	fragment	2026-10-04	
黄姨	obscure	2026-10-04	
万诗阁	fragment	2026-10-04	
体育问学	junk	2026-10-04	
全市已	fragment	2026-10-04	
兹拉	obscure	2026-10-04	
医学院第	fragment	2026-10-04	
及时作出	phrase	2026-10-04	
及术后	fragment	2026-10-04	
器安卓版	fragment	2026-10-04	
器还支持	fragment	2026-10-04	
尊时凯龙	junk	2026-10-04	
徐昕	obscure	2026-10-04	
李诗	obscure	2026-10-04	
杜口合同	junk	2026-10-04	
槽底	obscure	2026-10-04	
班暨	obscure	2026-10-04	
用于标识	phrase	2026-10-04	
跌幅达	phrase	2026-10-04	
长致辞	fragment	2026-10-04	
一支技术	junk	2026-10-04	
上海沪	fragment	2026-10-04	
出产取	junk	2026-10-04	
北街道	fragment	2026-10-04	
姜如忆	fragment	2026-10-04	
字典释意	junk	2026-10-04	
工业制制	junk	2026-10-04	
底子性	junk	2026-10-04	
度极低	fragment	2026-10-04	
建建行业	junk	2026-10-04	
开源模子	junk	2026-10-04	
式升降机	fragment	2026-10-04	
智贤	obscure	2026-10-04	
消息办事	junk	2026-10-04	
激综合征	fragment	2026-10-04	
示了现代	fragment	2026-10-04	
糊口场景	junk	2026-10-04	
该币种	phrase	2026-10-04	
陈瑶	obscure	2026-10-04	
静姝	obscure	2026-10-04	
全栈能力	phrase	2026-10-04	
势和市场	fragment	2026-10-04	
化学习方	fragment	2026-10-04	
区等地区	fragment	2026-10-04	
去捡	phrase	2026-10-04	
壁之间	fragment	2026-10-04	
孕成功率	fragment	2026-10-04	
店收银	fragment	2026-10-04	
性与效率	fragment	2026-10-04	
散拆	obscure	2026-10-04	
欠亨	junk	2026-10-04	
状银屑病	fragment	2026-10-04	
突破性成	fragment	2026-10-04	
者和专业	fragment	2026-10-04	
赵飞	obscure	2026-10-04	
进一步阐	fragment	2026-10-04	
通常会配	phrase	2026-10-04	
长廖	junk	2026-10-04	
队进攻端	fragment	2026-10-04	
陆泽	obscure	2026-10-04	
院院长李	fragment	2026-10-04	
高端制制	junk	2026-10-04	
黄娅妮	fragment	2026-10-04	
业用电量	fragment	2026-10-04	
云澜	obscure	2026-10-04	
人和孩子	phrase	2026-10-04	
凤英	obscure	2026-10-04	
出产制制	junk	2026-10-04	
刘庆	obscure	2026-10-04	
动变速器	fragment	2026-10-04	
县城区	phrase	2026-10-04	
哲凯赖什	fragment	2026-10-04	
寅木	obscure	2026-10-04	
战全胜	fragment	2026-10-04	
拆建筑材	junk	2026-10-04	
染色灯	fragment	2026-10-04	
案设计师	fragment	2026-10-04	
油添加剂	fragment	2026-10-04	
用户帐户	typo	2026-10-04	
绌烘	junk	2026-10-04	
绿色贸易	phrase	2026-10-04	
云舟	obscure	2026-10-04	
仅有两	fragment	2026-10-04	
合做和谈	junk	2026-10-04	
喉奥	junk	2026-10-04	
园小学	fragment	2026-10-04	
岗街道	fragment	2026-10-04	
工做效率	junk	2026-10-04	
市核心区	fragment	2026-10-04	
戈斯	obscure	2026-10-04	
效率与成	fragment	2026-10-04	
新款全棉	phrase	2026-10-04	
时瑛	obscure	2026-10-04	
春秋段	fragment	2026-10-04	
期最长	fragment	2026-10-04	
术风格和	fragment	2026-10-04	
杰表示	fragment	2026-10-04	
氏兄弟	fragment	2026-10-04	
汇盈	obscure	2026-10-04	
河葬	obscure	2026-10-04	
灰冠	obscure	2026-10-04	
璁炬	junk	2026-10-04	
科就诊	fragment	2026-10-04	
视频添加	phrase	2026-10-04	
该板块	phrase	2026-10-04	
采前公示	phrase	2026-10-04	
量检测机	fragment	2026-10-04	
一个未知	phrase	2026-10-04	
依托集团	phrase	2026-10-04	
务部部长	fragment	2026-10-04	
十次会议	fragment	2026-10-04	
圩镇	obscure	2026-10-04	
小棠	obscure	2026-10-04	
屄里	junk	2026-10-04	
度和响应	fragment	2026-10-04	
打包商	fragment	2026-10-04	
料和技术	fragment	2026-10-04	
气管路	fragment	2026-10-04	
湾港	obscure	2026-10-04	
猴狗	obscure	2026-10-04	
立即触发	phrase	2026-10-04	
部获悉	fragment	2026-10-04	
队本赛季	fragment	2026-10-04	
靳夜靳	junk	2026-10-04	
鸡猪	obscure	2026-10-04	
鹏瑞	obscure	2026-10-04	
丁勇	obscure	2026-10-04	
乳夹	junk	2026-10-04	
全自动焊	fragment	2026-10-04	
县县委	fragment	2026-10-04	
商前来	fragment	2026-10-04	
嘉汇	obscure	2026-10-04	
宋雨	obscure	2026-10-04	
州开发区	fragment	2026-10-04	
张彦	obscure	2026-10-04	
性而闻名	fragment	2026-10-04	
标签标识	phrase	2026-10-04	
根本模子	junk	2026-10-04	
欧意下载	junk	2026-10-04	
滤镜和	fragment	2026-10-04	
羊猪	obscure	2026-10-04	
美盈易	fragment	2026-10-04	
腔体内	phrase	2026-10-04	
进行移植	phrase	2026-10-04	
速蛙云	junk	2026-10-04	
部安装有	fragment	2026-10-04	
量等信息	fragment	2026-10-04	
鑫丰	obscure	2026-10-04	
阳县人民	fragment	2026-10-04	
业新生态	fragment	2026-10-04	
优优配	junk	2026-10-04	
初浅	typo	2026-10-04	
劳保展	fragment	2026-10-04	
化摆设	fragment	2026-10-04	
哪些独特	phrase	2026-10-04	
客户在选	fragment	2026-10-04	
室改造	fragment	2026-10-04	
川镇	obscure	2026-10-04	
式离心泵	fragment	2026-10-04	
清薇	obscure	2026-10-04	
理与数据	fragment	2026-10-04	
理等专业	fragment	2026-10-04	
百利来	fragment	2026-10-04	
神舟二十	fragment	2026-10-04	
秦羽	obscure	2026-10-04	
者眼中	fragment	2026-10-04	
西汀	obscure	2026-10-04	
适用苹果	phrase	2026-10-04	
部部长李	fragment	2026-10-04	
量冲破	fragment	2026-10-04	
锴越	obscure	2026-10-04	
高效地运	fragment	2026-10-04	
准确地测	fragment	2026-10-04	
委等部门	fragment	2026-10-04	
封魔谷	fragment	2026-10-04	
尺度取	fragment	2026-10-04	
建设做出	fragment	2026-10-04	
怀娇	junk	2026-10-04	
摆姿	obscure	2026-10-04	
李慕	obscure	2026-10-04	
林悦	obscure	2026-10-04	
林毅	obscure	2026-10-04	
海彤	obscure	2026-10-04	
深圳市鑫	fragment	2026-10-04	
滚金石	fragment	2026-10-04	
瀵瑰	junk	2026-10-04	
爱芳	obscure	2026-10-04	
通常依赖	phrase	2026-10-04	
通过优步	fragment	2026-10-04	
食物发卖	junk	2026-10-04	
一个孤立	phrase	2026-10-04	
京都玉崎	fragment	2026-10-04	
力和灵活	fragment	2026-10-04	
化迈进	fragment	2026-10-04	
华茂	obscure	2026-10-04	
及各省	phrase	2026-10-04	
商和品牌	fragment	2026-10-04	
园街道	fragment	2026-10-04	
场上演	fragment	2026-10-04	
屑压饼机	fragment	2026-10-04	
履行信息	phrase	2026-10-04	
建建物	junk	2026-10-04	
徐雯	obscure	2026-10-04	
性和机械	fragment	2026-10-04	
成猫幼猫	phrase	2026-10-04	
手艺学院	junk	2026-10-04	
旧事记者	junk	2026-10-04	
查和评估	fragment	2026-10-04	
欲钱	junk	2026-10-04	
瀵逛	junk	2026-10-04	
甲俱乐部	fragment	2026-10-04	
花穴	junk	2026-10-04	
设备在工	fragment	2026-10-04	
郭凯	obscure	2026-10-04	
锦工风机	fragment	2026-10-04	
集团鲲泰	fragment	2026-10-04	
鹤喜科技	fragment	2026-10-04	
业利润率	fragment	2026-10-04	
价钱取	junk	2026-10-04	
千三百零	fragment	2026-10-04	
城市扶植	junk	2026-10-04	
天地里	phrase	2026-10-04	
失等问题	fragment	2026-10-04	
市机动车	fragment	2026-10-04	
市长张	fragment	2026-10-04	
度越低	fragment	2026-10-04	
度远高于	fragment	2026-10-04	
张凤	obscure	2026-10-04	
手艺攻关	junk	2026-10-04	
李蓉蓉	fragment	2026-10-04	
栖身空间	phrase	2026-10-04	
桂英	obscure	2026-10-04	
理等环节	fragment	2026-10-04	
相继开	fragment	2026-10-04	
票付通	fragment	2026-10-04	
立异驱动	junk	2026-10-04	
端发送	fragment	2026-10-04	
继去年	phrase	2026-10-04	
蒂勒	obscure	2026-10-04	
赵俊	obscure	2026-10-04	
饰品等	phrase	2026-10-04	
黔讯网	fragment	2026-10-04	
做为国内	typo	2026-10-04	
公义之星	junk	2026-10-04	
力与战术	fragment	2026-10-04	
力和心理	fragment	2026-10-04	
合现代人	fragment	2026-10-04	
坝镇	obscure	2026-10-04	
想嫁	obscure	2026-10-04	
文怎么写	fragment	2026-10-04	
杨舒	obscure	2026-10-04	
正正在进	fragment	2026-10-04	
涛表示	fragment	2026-10-04	
电液动	fragment	2026-10-04	
皆属	phrase	2026-10-04	
级一等奖	fragment	2026-10-04	
级及以下	phrase	2026-10-04	
股股价	fragment	2026-10-04	
英亚电竞	junk	2026-10-04	
西甲集锦	phrase	2026-10-04	
试分数线	fragment	2026-10-04	
试验结束	phrase	2026-10-04	
轻松高效	phrase	2026-10-04	
钢夹	obscure	2026-10-04	
铁玛	obscure	2026-10-04	
院牵头	fragment	2026-10-04	
馥合香	junk	2026-10-04	
乐鱼官网	junk	2026-10-04	
二是坚持	phrase	2026-10-04	
凌峰	obscure	2026-10-04	
力正在于	fragment	2026-10-04	
压机厂家	fragment	2026-10-04	
师一对一	fragment	2026-10-04	
数码助力	phrase	2026-10-04	
皇冠登	junk	2026-10-04	
秀珍	obscure	2026-10-04	
红色篷房	phrase	2026-10-04	
维护和检	fragment	2026-10-04	
莉卡	obscure	2026-10-04	
西门子电	fragment	2026-10-04	
部门同意	phrase	2026-10-04	
锁指纹	fragment	2026-10-04	
佳琪	obscure	2026-10-04	
劣势取	junk	2026-10-04	
动静称	junk	2026-10-04	
化和高效	fragment	2026-10-04	
十年代末	fragment	2026-10-04	
取机械人	fragment	2026-10-04	
坎斯汀	fragment	2026-10-04	
壹零	obscure	2026-10-04	
大游药业	junk	2026-10-04	
孙浩	obscure	2026-10-04	
币搜网	junk	2026-10-04	
式启闭机	fragment	2026-10-04	
式离心机	fragment	2026-10-04	
手艺范畴	fragment	2026-10-04	
无线手报	junk	2026-10-04	
期期发表	junk	2026-10-04	
核肉痛点	junk	2026-10-04	
涓昏	junk	2026-10-04	
璁惧	junk	2026-10-04	
白悦溪	fragment	2026-10-04	
融合实践	phrase	2026-10-04	
针对分歧	phrase	2026-10-04	
雪淞	obscure	2026-10-04	
高校开展	phrase	2026-10-04	
黄佳予	fragment	2026-10-04	
像一幅	phrase	2026-10-04	
兔蛇	obscure	2026-10-04	
共有两	fragment	2026-10-04	
周凌	obscure	2026-10-04	
哈夫	obscure	2026-10-04	
基本上每	fragment	2026-10-04	
式半挂车	fragment	2026-10-04	
成了一支	phrase	2026-10-04	
支持和信	fragment	2026-10-04	
无论是短	fragment	2026-10-04	
楚亦	obscure	2026-10-04	
汇智和源	fragment	2026-10-04	
泛员网	junk	2026-10-04	
温臣	obscure	2026-10-04	
理解和认	fragment	2026-10-04	
福引导	junk	2026-10-04	
长一职	fragment	2026-10-04	
集了来自	fragment	2026-10-04	
鼠牛	obscure	2026-10-04	
人一桌	phrase	2026-10-04	
刘梦	obscure	2026-10-04	
制制取	junk	2026-10-04	
单位统一	phrase	2026-10-04	
原版制作	phrase	2026-10-04	
器和控制	fragment	2026-10-04	
大学从属	junk	2026-10-04	
姜虞	obscure	2026-10-04	
孟庆	obscure	2026-10-04	
市政协十	fragment	2026-10-04	
库兹	obscure	2026-10-04	
心阶云	junk	2026-10-04	
暨第二届	phrase	2026-10-04	
曦月	obscure	2026-10-04	
期下第	fragment	2026-10-04	
现出高度	junk	2026-10-04	
筱文	obscure	2026-10-04	
莉莉娜	fragment	2026-10-04	
衫男	obscure	2026-10-04	
锅锅	obscure	2026-10-04	
锦泰	obscure	2026-10-04	
陆遇安	fragment	2026-10-04	
驰诚电气	fragment	2026-10-04	
傅总	obscure	2026-10-04	
发现有异	phrase	2026-10-04	
圣泉	obscure	2026-10-04	
孔祥	obscure	2026-10-04	
岸绿	obscure	2026-10-04	
川恒	obscure	2026-10-04	
州市城市	fragment	2026-10-04	
工况适配	phrase	2026-10-04	
工致手	junk	2026-10-04	
市场上已	fragment	2026-10-04	
建建设想	junk	2026-10-04	
式鼓风机	fragment	2026-10-04	
成可执行	fragment	2026-10-04	
智诚科技	fragment	2026-10-04	
李萌	obscure	2026-10-04	
架固定	fragment	2026-10-04	
洲杯决赛	fragment	2026-10-04	
狮岭	obscure	2026-10-04	
等多沉	junk	2026-10-04	
级宝石	fragment	2026-10-04	
绀句	junk	2026-10-04	
者维权	fragment	2026-10-04	
苏允昭	fragment	2026-10-04	
计算巢	fragment	2026-10-04	
赵勇	obscure	2026-10-04	
进行可视	fragment	2026-10-04	
量和客户	fragment	2026-10-04	
钾等	obscure	2026-10-04	
阀是一款	fragment	2026-10-04	
雍力	obscure	2026-10-04	
马羊	obscure	2026-10-04	
专委会副	fragment	2026-10-04	
兔马	obscure	2026-10-04	
器评测	fragment	2026-10-04	
声一片	fragment	2026-10-04	
委牵头	fragment	2026-10-04	
式潜水	fragment	2026-10-04	
手艺驱动	junk	2026-10-04	
拆潢	junk	2026-10-04	
李兆	obscure	2026-10-04	
李昕	obscure	2026-10-04	
沈渊	obscure	2026-10-04	
河公园	fragment	2026-10-04	
烘盘	obscure	2026-10-04	
玖玖	obscure	2026-10-04	
由无数	phrase	2026-10-04	
砂水分离	fragment	2026-10-04	
空气吹	fragment	2026-10-04	
精拆交付	junk	2026-10-04	
装机厂家	fragment	2026-10-04	
费总额	fragment	2026-10-04	
赵宏	obscure	2026-10-04	
鑫邦	obscure	2026-10-04	
馨茹	obscure	2026-10-04	
刘贺	obscure	2026-10-04	
器堵塞	fragment	2026-10-04	
塘路	obscure	2026-10-04	
壹次	obscure	2026-10-04	
应及时清	fragment	2026-10-04	
慧集网	junk	2026-10-04	
料灌装机	fragment	2026-10-04	
旨在评估	phrase	2026-10-04	
李淑	obscure	2026-10-04	
查等方式	fragment	2026-10-04	
楚寒	obscure	2026-10-04	
正是足球	fragment	2026-10-04	
洗脱机	fragment	2026-10-04	
湿膜	obscure	2026-10-04	
硬仗中	fragment	2026-10-04	
离不开各	fragment	2026-10-04	
科元网	junk	2026-10-04	
秦胜	obscure	2026-10-04	
策略和方	fragment	2026-10-04	
精准计量	phrase	2026-10-04	
纸打印	phrase	2026-10-04	
美国圣	fragment	2026-10-04	
资源和优	fragment	2026-10-04	
量急剧	fragment	2026-10-04	
队历史上	fragment	2026-10-04	
音琴	obscure	2026-10-04	
俊华	obscure	2026-10-04	
傅云	obscure	2026-10-04	
凯发集团	junk	2026-10-04	
利特纳米	fragment	2026-10-04	
委秘书长	fragment	2026-10-04	
小时之后	phrase	2026-10-04	
局通报	fragment	2026-10-04	
市两级	fragment	2026-10-04	
弥远	obscure	2026-10-04	
情况作出	fragment	2026-10-04	
江街道	fragment	2026-10-04	
沙捐	junk	2026-10-04	
河北华	fragment	2026-10-04	
牧云	obscure	2026-10-04	
球争夺	fragment	2026-10-04	
球赛场上	phrase	2026-10-04	
盛境渊	fragment	2026-10-04	
石昊	obscure	2026-10-04	
英格兰球	fragment	2026-10-04	
莫夫	obscure	2026-10-04	
规划扶植	junk	2026-10-04	
量稳居	fragment	2026-10-04	
长负责制	fragment	2026-10-04	
零故障率	phrase	2026-10-04	
黄浩	obscure	2026-10-04	
共有五	fragment	2026-10-04	
净利润达	phrase	2026-10-04	
力百强	fragment	2026-10-04	
喀拉	obscure	2026-10-04	
复合调味	phrase	2026-10-04	
子物理学	fragment	2026-10-04	
学和研究	fragment	2026-10-04	
性有待	fragment	2026-10-04	
机架上	fragment	2026-10-04	
杨永	obscure	2026-10-04	
正在被重	fragment	2026-10-04	
犀利士	junk	2026-10-04	
率取决于	fragment	2026-10-04	
者心目中	fragment	2026-10-04	
西营业部	fragment	2026-10-04	
酮等	obscure	2026-10-04	
鑫盛	obscure	2026-10-04	
钱包鲲泰	junk	2026-10-04	
链闭环	fragment	2026-10-04	
隐藏着无	fragment	2026-10-04	
集顶用餐	junk	2026-10-04	
齐建装饰	fragment	2026-10-04	
世界模子	junk	2026-10-04	
业价值链	fragment	2026-10-04	
作出正确	phrase	2026-10-04	
具和设备	fragment	2026-10-04	
凤栖	obscure	2026-10-04	
分公司党	fragment	2026-10-04	
区东部	phrase	2026-10-04	
及相关证	fragment	2026-10-04	
员们能够	fragment	2026-10-04	
国际合做	junk	2026-10-04	
姜毅	obscure	2026-10-04	
娲诲	junk	2026-10-04	
实现全链	fragment	2026-10-04	
容易被误	fragment	2026-10-04	
币安网	junk	2026-10-04	
性地开展	fragment	2026-10-04	
新丰县到	fragment	2026-10-04	
湿物料	fragment	2026-10-04	
潭酒	obscure	2026-10-04	
盛隆	obscure	2026-10-04	
糊口垃圾	junk	2026-10-04	
退件进口	junk	2026-10-04	
雅铃	obscure	2026-10-04	
高精度压	fragment	2026-10-04	
中智林	fragment	2026-10-04	
主任郑	fragment	2026-10-04	
买家提供	phrase	2026-10-04	
件加工厂	fragment	2026-10-04	
伟教授	fragment	2026-10-04	
出了相应	fragment	2026-10-04	
化与数字	fragment	2026-10-04	
区新城	fragment	2026-10-04	
压条件下	fragment	2026-10-04	
吴春	obscure	2026-10-04	
型螺栓	fragment	2026-10-04	
宇翔	obscure	2026-10-04	
宴京华	fragment	2026-10-04	
巴鲁夫	fragment	2026-10-04	
师培训班	fragment	2026-10-04	
幼儿园招	fragment	2026-10-04	
度和流量	fragment	2026-10-04	
池行千里	junk	2026-10-04	
狠操	junk	2026-10-04	
珍美网	junk	2026-10-04	
用于收集	phrase	2026-10-04	
者享有	fragment	2026-10-04	
艺装饰	fragment	2026-10-04	
资深技术	phrase	2026-10-04	
队出场	fragment	2026-10-04	
阳郡	obscure	2026-10-04	
陈昊	obscure	2026-10-04	
一次性收	fragment	2026-10-04	
一键端	phrase	2026-10-04	
件国产化	fragment	2026-10-04	
伸博口腔	junk	2026-10-04	
位于山西	phrase	2026-10-04	
全自动胶	fragment	2026-10-04	
加工制做	typo	2026-10-04	
发或加重	fragment	2026-10-04	
吉迪	obscure	2026-10-04	
基金会捐	fragment	2026-10-04	
塔厂家	fragment	2026-10-04	
小红书爆	fragment	2026-10-04	
德扑之星	junk	2026-10-04	
搜券网	junk	2026-10-04	
汉腾生物	fragment	2026-10-04	
满意度评	fragment	2026-10-04	
皿中	obscure	2026-10-04	
省心又省	fragment	2026-10-04	
花在哪	phrase	2026-10-04	
语译制	fragment	2026-10-04	
赵小莲	fragment	2026-10-04	
钱攒	obscure	2026-10-04	
飞时达	fragment	2026-10-04	
临床实验	typo	2026-10-04	
值编码器	fragment	2026-10-04	
取尺度	junk	2026-10-04	
噬血	typo	2026-10-04	
增添了浓	fragment	2026-10-04	
多重需求	phrase	2026-10-04	
姆森	obscure	2026-10-04	
学与生物	fragment	2026-10-04	
张婉	obscure	2026-10-04	
料破碎机	fragment	2026-10-04	
李丹	obscure	2026-10-04	
沈屿	obscure	2026-10-04	
治白蚁	phrase	2026-10-04	
渗入到	phrase	2026-10-04	
焦点部件	obscure	2026-10-04	
电气监测	phrase	2026-10-04	
神婿	obscure	2026-10-04	
者该当	fragment	2026-10-04	
血煞	obscure	2026-10-04	
队显然	fragment	2026-10-04	
院长赵	fragment	2026-10-04	
隧道式	phrase	2026-10-04	
零撸	junk	2026-10-04	
一套可复	fragment	2026-10-04	
一定要尽	fragment	2026-10-04	
于个人和	fragment	2026-10-04	
伊玛	obscure	2026-10-04	
余万人	phrase	2026-10-04	
助您打造	phrase	2026-10-04	
区高档	fragment	2026-10-04	
十大赌网	junk	2026-10-04	
南省农业	fragment	2026-10-04	
厄斯	obscure	2026-10-04	
发布暨	fragment	2026-10-04	
坚实底座	phrase	2026-10-04	
宗即位	fragment	2026-10-04	
寤鸿	obscure	2026-10-04	
庄乡	obscure	2026-10-04	
式回购	fragment	2026-10-04	
张淑	obscure	2026-10-04	
心和信心	fragment	2026-10-04	
恒昌医药	obscure	2026-10-04	
提升了观	fragment	2026-10-04	
料筐	obscure	2026-10-04	
暮暮	obscure	2026-10-04	
核心电线	phrase	2026-10-04	
炎症状	fragment	2026-10-04	
由于涉及	phrase	2026-10-04	
袁秘书长	fragment	2026-10-04	
试着用	phrase	2026-10-04	
质控样	obscure	2026-10-04	
较适宜	phrase	2026-10-04	
迟临	obscure	2026-10-04	
钢罐	phrase	2026-10-04	
链接结构	phrase	2026-10-04	
亚轩	obscure	2026-10-04	
作出重大	phrase	2026-10-04	
值上限	fragment	2026-10-04	
写作效率	phrase	2026-10-04	
务局局长	fragment	2026-10-04	
即可触发	phrase	2026-10-04	
取和使用	fragment	2026-10-04	
品在运输	fragment	2026-10-04	
学员学习	phrase	2026-10-04	
宜员科技	obscure	2026-10-04	
平安事务	obscure	2026-10-04	
应远离	phrase	2026-10-04	
式和方法	fragment	2026-10-04	
拜祖	obscure	2026-10-04	
控制和监	fragment	2026-10-04	
无任何隐	fragment	2026-10-04	
景苑	obscure	2026-10-04	
曼酒店	fragment	2026-10-04	
沃齐尼亚	obscure	2026-10-04	
液体积	fragment	2026-10-04	
移机时	phrase	2026-10-04	
羊猴	phrase	2026-10-04	
联通飞	fragment	2026-10-04	
该公司由	phrase	2026-10-04	
退役甲士	junk	2026-10-04	
长邱	fragment	2026-10-04	
间浴室	fragment	2026-10-04	
青创美居	obscure	2026-10-04	
书格格	fragment	2026-10-04	
产物立异	junk	2026-10-04	
勇表示	fragment	2026-10-04	
华中学	fragment	2026-10-04	
华主持	fragment	2026-10-04	
去赌	phrase	2026-10-04	
坐脸	junk	2026-10-04	
委书记吴	fragment	2026-10-04	
季度销售	phrase	2026-10-04	
安拙国际	junk	2026-10-04	
州哪里有	fragment	2026-10-04	
拆解清洗	phrase	2026-10-04	
新型城市	phrase	2026-10-04	
智纲智库	obscure	2026-10-04	
李凤	obscure	2026-10-04	
李沐阳	obscure	2026-10-04	
杨秀	obscure	2026-10-04	
椰子宫	fragment	2026-10-04	
源美网络	obscure	2026-10-04	
破财不止	phrase	2026-10-04	
突然响起	phrase	2026-10-04	
绾绾	obscure	2026-10-04	
西安汉信	fragment	2026-10-04	
赵松源	obscure	2026-10-04	
部和南部	fragment	2026-10-04	
重庆思庄	obscure	2026-10-04	
阿普莉	obscure	2026-10-04	
鸡狗	phrase	2026-10-04	
一个兼具	phrase	2026-10-04	
一种小型	phrase	2026-10-04	
三大主题	phrase	2026-10-04	
业示范园	fragment	2026-10-04	
亿泰铢	fragment	2026-10-04	
伊尔迪兹	obscure	2026-10-04	
使每位	fragment	2026-10-04	
凯发会员	junk	2026-10-04	
取结构化	fragment	2026-10-04	
合示范区	fragment	2026-10-04	
器是现代	fragment	2026-10-04	
国有大型	phrase	2026-10-04	
城分公司	fragment	2026-10-04	
夫勒	obscure	2026-10-04	
张鑫	obscure	2026-10-04	
徐嘉	obscure	2026-10-04	
收到任何	phrase	2026-10-04	
校园篇	phrase	2026-10-04	
格蕾	obscure	2026-10-04	
牛蛇	phrase	2026-10-04	
瓦机器	fragment	2026-10-04	
生命值和	fragment	2026-10-04	
站长注	fragment	2026-10-04	
紫云湖	obscure	2026-10-04	
者及其家	fragment	2026-10-04	
耶娃	obscure	2026-10-04	
聚合物电	fragment	2026-10-04	
苑社区	fragment	2026-10-04	
运会期间	fragment	2026-10-04	
选择与自	fragment	2026-10-04	
醇氢	obscure	2026-10-04	
重庆市江	fragment	2026-10-04	
青岛市市	fragment	2026-10-04	
余名学生	phrase	2026-10-04	
佩尼	obscure	2026-10-04	
保持统一	phrase	2026-10-04	
元以上五	fragment	2026-10-04	
具有多重	phrase	2026-10-04	
创享网	obscure	2026-10-04	
力和活力	fragment	2026-10-04	
园一期	fragment	2026-10-04	
壹玖壹玖	obscure	2026-10-04	
妙普乐	obscure	2026-10-04	
局将继续	fragment	2026-10-04	
山东凯	fragment	2026-10-04	
工厂灯	phrase	2026-10-04	
式制动器	fragment	2026-10-04	
散瓶	obscure	2026-10-04	
旗舰数码	phrase	2026-10-04	
期奖号	fragment	2026-10-04	
李桂	obscure	2026-10-04	
测数据集	fragment	2026-10-04	
率等参数	fragment	2026-10-04	
珂珂网	junk	2026-10-04	
登陆下载	typo	2026-10-04	
确地进行	fragment	2026-10-04	
祛湿气	phrase	2026-10-04	
聚力打造	phrase	2026-10-04	
触发预警	phrase	2026-10-04	
记者赵	fragment	2026-10-04	
论坛板块	phrase	2026-10-04	
适用性和	fragment	2026-10-04	
锋线轮换	phrase	2026-10-04	
防爆接线	phrase	2026-10-04	
题进行分	fragment	2026-10-04	
一份为期	phrase	2026-10-04	
业高端化	fragment	2026-10-04	
仪测定	fragment	2026-10-04	
伴侣圈	obscure	2026-10-04	
位校友	fragment	2026-10-04	
体现在球	fragment	2026-10-04	
假鸡巴	junk	2026-10-04	
冠笄	obscure	2026-10-04	
化浪潮下	fragment	2026-10-04	
及利息	fragment	2026-10-04	
取合做	junk	2026-10-04	
叶尘	obscure	2026-10-04	
味中药	fragment	2026-10-04	
哔哔哔哔	phrase	2026-10-04	
塞恩	obscure	2026-10-04	
增添了无	fragment	2026-10-04	
宝藏珊珊	junk	2026-10-04	
察组组长	fragment	2026-10-04	
屠神	obscure	2026-10-04	
崔元	obscure	2026-10-04	
市残疾人	fragment	2026-10-04	
师曰	obscure	2026-10-04	
幅度达	phrase	2026-10-04	
抛头	fragment	2026-10-04	
拉兹	obscure	2026-10-04	
月单月	fragment	2026-10-04	
翠兰	obscure	2026-10-04	
者受益	fragment	2026-10-04	
褰卞	junk	2026-10-04	
质材料制	fragment	2026-10-04	
贸易街	phrase	2026-10-04	
运营办事	phrase	2026-10-04	
钱包内置	phrase	2026-10-04	
阻垢分散	phrase	2026-10-04	
香书网	junk	2026-10-04	
严苛工况	phrase	2026-10-04	
假学位证	junk	2026-10-04	
兔羊	phrase	2026-10-04	
区蛋糕店	fragment	2026-10-04	
医婿	obscure	2026-10-04	
启钻	obscure	2026-10-04	
周俊	obscure	2026-10-04	
园门口	fragment	2026-10-04	
国制制业	junk	2026-10-04	
局等单位	fragment	2026-10-04	
度和强度	fragment	2026-10-04	
式烘干机	fragment	2026-10-04	
式球磨机	fragment	2026-10-04	
往往不只	phrase	2026-10-04	
战胤	obscure	2026-10-04	
拉万德	obscure	2026-10-04	
效率与精	fragment	2026-10-04	
日施行	phrase	2026-10-04	
星华集团	obscure	2026-10-04	
显微镜检	fragment	2026-10-04	
杯八强	fragment	2026-10-04	
液过滤	fragment	2026-10-04	
清晰地感	fragment	2026-10-04	
熊军	obscure	2026-10-04	
王朱	obscure	2026-10-04	
白癫风	typo	2026-10-04	
直销堂网	junk	2026-10-04	
禹王	obscure	2026-10-04	
秦昭	obscure	2026-10-04	
精讯畅通	junk	2026-10-04	
起來	typo	2026-10-04	
酪蛋白酸	fragment	2026-10-04	
锤片	obscure	2026-10-04	
队遭遇	fragment	2026-10-04	
陆尘	obscure	2026-10-04	
主要精力	phrase	2026-10-04	
乌加特	obscure	2026-10-04	
九龄	obscure	2026-10-04	
充满了温	fragment	2026-10-04	
免费无限	phrase	2026-10-04	
制定本规	fragment	2026-10-04	
卉姐	obscure	2026-10-04	
哈兹	obscure	2026-10-04	
媒曝	obscure	2026-10-04	
孟虎	obscure	2026-10-04	
完全统一	phrase	2026-10-04	
宝威起重	obscure	2026-10-04	
州地方志	fragment	2026-10-04	
币买卖	fragment	2026-10-04	
式二氧化	fragment	2026-10-04	
张驰	typo	2026-10-04	
御灵	obscure	2026-10-04	
推出了专	fragment	2026-10-04	
政策和规	fragment	2026-10-04	
旗舰模型	phrase	2026-10-04	
智造新	fragment	2026-10-04	
杉山	obscure	2026-10-04	
李冬	obscure	2026-10-04	
李剑	obscure	2026-10-04	
李昌	obscure	2026-10-04	
李明志	obscure	2026-10-04	
欧冶	obscure	2026-10-04	
沉点项目	junk	2026-10-04	
沙姆	obscure	2026-10-04	
河北省省	fragment	2026-10-04	
灏辨	junk	2026-10-04	
炼过程中	fragment	2026-10-04	
猪洞	obscure	2026-10-04	
白殿风	typo	2026-10-04	
盛泰	obscure	2026-10-04	
福岛核	fragment	2026-10-04	
级封装	fragment	2026-10-04	
纳帕	obscure	2026-10-04	
至数千	phrase	2026-10-04	
设计和精	fragment	2026-10-04	
赫鲁	fragment	2026-10-04	
道行驶	fragment	2026-10-04	
陆屿	obscure	2026-10-04	
险怎么样	fragment	2026-10-04	
一只白	fragment	2026-10-04	
九剑	obscure	2026-10-04	
今陕西	fragment	2026-10-04	
化和现代	fragment	2026-10-04	
取国度	junk	2026-10-04	
取将来	junk	2026-10-04	
取持久	junk	2026-10-04	
国队防线	fragment	2026-10-04	
妮娅	obscure	2026-10-04	
宜静	obscure	2026-10-04	
局受理	fragment	2026-10-04	
州市人大	fragment	2026-10-04	
市场中稳	fragment	2026-10-04	
常态化巡	fragment	2026-10-04	
手艺堆集	junk	2026-10-04	
抗盐	obscure	2026-10-04	
拦污排	obscure	2026-10-04	
湖板块	fragment	2026-10-04	
物堆积	fragment	2026-10-04	
率等数据	fragment	2026-10-04	
精匠饰家	junk	2026-10-04	
结果一致	phrase	2026-10-04	
莫凡	obscure	2026-10-04	
蛇鼠	phrase	2026-10-04	
试通过后	fragment	2026-10-04	
调整和改	fragment	2026-10-04	
辰土	obscure	2026-10-04	
速度和精	fragment	2026-10-04	
郭永	obscure	2026-10-04	
锐科技	fragment	2026-10-04	
陈艳	obscure	2026-10-04	
七云数位	junk	2026-10-04	
三态速递	obscure	2026-10-04	
中开式	obscure	2026-10-04	
亿桶	fragment	2026-10-04	
兰共和国	fragment	2026-10-04	
刘彦	obscure	2026-10-04	
升至约	phrase	2026-10-04	
卡诺普	obscure	2026-10-04	
原理与实	fragment	2026-10-04	
双钳	obscure	2026-10-04	
取舒服	junk	2026-10-04	
后腰保护	phrase	2026-10-04	
启新章	phrase	2026-10-04	
嗜盐	obscure	2026-10-04	
图酷设计	obscure	2026-10-04	
埃夫	obscure	2026-10-04	
境中找到	fragment	2026-10-04	
宋志	obscure	2026-10-04	
山县人民	fragment	2026-10-04	
州火车站	fragment	2026-10-04	
工业级电	fragment	2026-10-04	
市各区	phrase	2026-10-04	
度是影响	fragment	2026-10-04	
恩贝	obscure	2026-10-04	
户进行交	fragment	2026-10-04	
教职工参	fragment	2026-10-04	
智能节制	junk	2026-10-04	
桩施工	phrase	2026-10-04	
永赢	obscure	2026-10-04	
江浩	obscure	2026-10-04	
河南省医	fragment	2026-10-04	
河流水	phrase	2026-10-04	
流了下来	phrase	2026-10-04	
焦泊乔	obscure	2026-10-04	
狗猪	phrase	2026-10-04	
由考生自	fragment	2026-10-04	
秘语空间	junk	2026-10-04	
立异使用	junk	2026-10-04	
竞租人	obscure	2026-10-04	
等复杂工	fragment	2026-10-04	
精神科医	fragment	2026-10-04	
糊口配套	junk	2026-10-04	
蓝谷	obscure	2026-10-04	
量等参数	fragment	2026-10-04	
院等机构	fragment	2026-10-04	
需要紧急	phrase	2026-10-04	
青玄	obscure	2026-10-04	
食物资讯	phrase	2026-10-04	
馆副馆长	fragment	2026-10-04	
黑格科技	obscure	2026-10-04	
一个示例	phrase	2026-10-04	
七点爱学	junk	2026-10-04	
件与系统	fragment	2026-10-04	
件及配件	fragment	2026-10-04	
企业稳健	phrase	2026-10-04	
保持适度	phrase	2026-10-04	
全面考察	phrase	2026-10-04	
凤族	obscure	2026-10-04	
刘雅	obscure	2026-10-04	
多做贡献	phrase	2026-10-04	
奢享	obscure	2026-10-04	
宏博	obscure	2026-10-04	
尔斯基	fragment	2026-10-04	
屿鱼	obscure	2026-10-04	
峰峰矿	fragment	2026-10-04	
左辰	obscure	2026-10-04	
干部党	fragment	2026-10-04	
度进行评	fragment	2026-10-04	
张莉	obscure	2026-10-04	
张辰	obscure	2026-10-04	
恶雌	obscure	2026-10-04	
房源内	phrase	2026-10-04	
报告基于	phrase	2026-10-04	
方法与实	fragment	2026-10-04	
机及配件	fragment	2026-10-04	
板保温	fragment	2026-10-04	
桂视网	obscure	2026-10-04	
樟林	obscure	2026-10-04	
段衍风	obscure	2026-10-04	
沐鸣	junk	2026-10-04	
深圳宇锡	junk	2026-10-04	
生物手艺	junk	2026-10-04	
电机启动	phrase	2026-10-04	
联系玥玛	junk	2026-10-04	
解了企业	fragment	2026-10-04	
试成绩占	fragment	2026-10-04	
请注意保	fragment	2026-10-04	
资质公示	phrase	2026-10-04	
越南驻	fragment	2026-10-04	
颐特电子	obscure	2026-10-04	
件等产品	fragment	2026-10-04	
作出规定	phrase	2026-10-04	
使其达到	phrase	2026-10-04	
做出响应	phrase	2026-10-04	
创新和创	fragment	2026-10-04	
单组份	phrase	2026-10-04	
南大学教	fragment	2026-10-04	
卯木	obscure	2026-10-04	
号线至	fragment	2026-10-04	
周叙	obscure	2026-10-04	
坂口	obscure	2026-10-04	
委直属	fragment	2026-10-04	
宋衍	obscure	2026-10-04	
小时内回	fragment	2026-10-04	
尝试小学	fragment	2026-10-04	
性丙烯酸	fragment	2026-10-04	
护与管理	fragment	2026-10-04	
推进会暨	fragment	2026-10-04	
梁钢	obscure	2026-10-04	
棋笔趣	junk	2026-10-04	
椤圭	junk	2026-10-04	
沈芷宁	obscure	2026-10-04	
测与分析	fragment	2026-10-04	
湖高新区	fragment	2026-10-04	
界享有	fragment	2026-10-04	
真实与虚	fragment	2026-10-04	
知识治理	fragment	2026-10-04	
社会监视	fragment	2026-10-04	
神咒	obscure	2026-10-04	
纸擦	obscure	2026-10-04	
膜袋	obscure	2026-10-04	
舔耳	obscure	2026-10-04	
邓玉	obscure	2026-10-04	
酒爱好者	phrase	2026-10-04	
韵梦	obscure	2026-10-04	
项不属于	fragment	2026-10-04	
馀人	junk	2026-10-04	
龙羊	obscure	2026-10-04	
乐球体育	junk	2026-10-04	
倩宜	obscure	2026-10-04	
具体时长	phrase	2026-10-04	
冯可依	obscure	2026-10-04	
助力跨境	phrase	2026-10-04	
墨士廉	obscure	2026-10-04	
夜无疆	obscure	2026-10-04	
失忆后	phrase	2026-10-04	
已获得国	fragment	2026-10-04	
康养等	fragment	2026-10-04	
建产学研	fragment	2026-10-04	
徐永	obscure	2026-10-04	
思琪	obscure	2026-10-04	
时需注明	phrase	2026-10-04	
明委托人	fragment	2026-10-04	
杜嗣音	obscure	2026-10-04	
桂芳	obscure	2026-10-04	
正在保守	junk	2026-10-04	
江花木业	obscure	2026-10-04	
浦华	obscure	2026-10-04	
深深地感	fragment	2026-10-04	
牌卫浴	fragment	2026-10-04	
率有望	fragment	2026-10-04	
生活和生	fragment	2026-10-04	
福莱	obscure	2026-10-04	
等高阶	phrase	2026-10-04	
罐底	obscure	2026-10-04	
苏豪	obscure	2026-10-04	
谢砚舟	obscure	2026-10-04	
贺希宁	obscure	2026-10-04	
赋能促	fragment	2026-10-04	
静怡	obscure	2026-10-04	
万加元	fragment	2026-10-04	
中德机床	obscure	2026-10-04	
亿元资金	phrase	2026-10-04	
兔龙	phrase	2026-10-04	
具备实时	phrase	2026-10-04	
凌雪	obscure	2026-10-04	
创京检测	obscure	2026-10-04	
号线号线	junk	2026-10-04	
奉壹网创	junk	2026-10-04	
奕辰	junk	2026-10-04	
娆炬	obscure	2026-10-04	
安图纳	fragment	2026-10-04	
州商学院	fragment	2026-10-04	
工程师协	phrase	2026-10-04	
已受理	phrase	2026-10-04	
币持有者	typo	2026-10-04	
帐号登录	fragment	2026-10-04	
应用于矿	fragment	2026-10-04	
度持续加	phrase	2026-10-04	
数智产业	phrase	2026-10-04	
李乃文	obscure	2026-10-04	
李春琳	obscure	2026-10-04	
梁志	obscure	2026-10-04	
植田	obscure	2026-10-04	
水溅	obscure	2026-10-04	
永利数码	obscure	2026-10-04	
清掏	fragment	2026-10-04	
率均达	junk	2026-10-04	
知恋人士	junk	2026-10-04	
空压站	phrase	2026-10-04	
经过实际	phrase	2026-10-04	
网盘剧集	fragment	2026-10-04	
者大会上	obscure	2026-10-04	
裴砚	fragment	2026-10-04	
词列表	fragment	2026-10-04	
邬思道	fragment	2026-10-04	
量等数据	fragment	2026-10-04	
长薛	fragment	2026-10-04	
队在中场	fragment	2026-10-04	
院等单位	obscure	2026-10-04	
马俊	obscure	2026-10-04	
麦越环境	fragment	2026-10-04	
丰唇	junk	2026-10-04	
乐棋牌	fragment	2026-10-04	
伟先生	phrase	2026-10-04	
体内壁	phrase	2026-10-04	
保证仪器	phrase	2026-10-04	
值较低	phrase	2026-10-04	
免受伤	phrase	2026-10-04	
入直播间	fragment	2026-10-04	
全流程监	fragment	2026-10-04	
力和效率	fragment	2026-10-04	
力和风险	fragment	2026-10-04	
化和完善	obscure	2026-10-04	
压疮	junk	2026-10-04	
哪种情况	phrase	2026-10-04	
存在已知	obscure	2026-10-04	
富盈	fragment	2026-10-04	
州市天气	fragment	2026-10-04	
市怀柔区	fragment	2026-10-04	
昊铂	fragment	2026-10-04	
机电控	obscure	2026-10-04	
杜玥	fragment	2026-10-04	
档电影	obscure	2026-10-04	
涉诉	junk	2026-10-04	
演讲期内	phrase	2026-10-04	
猴鸡	fragment	2026-10-04	
电驱系统	phrase	2026-10-04	
百余项	phrase	2026-10-04	
种业振兴	obscure	2026-10-04	
绍切克	fragment	2026-10-04	
苑路	fragment	2026-10-04	
补时第	fragment	2026-10-04	
视为未	fragment	2026-10-04	
设立了专	typo	2026-10-04	
路交接处	phrase	2026-10-04	
银龄教师	obscure	2026-10-04	
一码通	fragment	2026-10-04	
业化路径	obscure	2026-10-04	
两碗	junk	2026-10-04	
交通收集	junk	2026-10-04	
仅发四川	fragment	2026-10-04	
件和材料	fragment	2026-10-04	
件来实现	fragment	2026-10-04	
剑峰	obscure	2026-10-04	
力与行业	fragment	2026-10-04	
化率超	fragment	2026-10-04	
增殖和	fragment	2026-10-04	
实践深度	phrase	2026-10-04	
小莹	obscure	2026-10-04	
尸群	obscure	2026-10-04	
局责令	fragment	2026-10-04	
市中考	fragment	2026-10-04	
拟立项	phrase	2026-10-04	
持久合做	junk	2026-10-04	
按期组织	phrase	2026-10-04	
既能提升	phrase	2026-10-04	
时机进行	phrase	2026-10-04	
易分解	phrase	2026-10-04	
林寒	obscure	2026-10-04	
榆化	obscure	2026-10-04	
油压足道	junk	2026-10-04	
狗急	fragment	2026-10-04	
科专科医	fragment	2026-10-04	
聚力共	fragment	2026-10-04	
膜包装机	phrase	2026-10-04	
膜厚测量	phrase	2026-10-04	
苏帕	obscure	2026-10-04	
萌喵	obscure	2026-10-04	
萍姐	obscure	2026-10-04	
费等支出	fragment	2026-10-04	
进步做出	phrase	2026-10-04	
部两侧	fragment	2026-10-04	
队战斗力	fragment	2026-10-04	
陈振	obscure	2026-10-04	
上述痛点	phrase	2026-10-04	
于贵州省	fragment	2026-10-04	
佳蕙	obscure	2026-10-04	
先给大家	phrase	2026-10-04	
凤凰园	obscure	2026-10-04	
划和实施	fragment	2026-10-04	
单级双吸	phrase	2026-10-04	
大约十	fragment	2026-10-04	
姬子	obscure	2026-10-04	
学员参加	phrase	2026-10-04	
岛机场	fragment	2026-10-04	
州医学院	fragment	2026-10-04	
工做机制	typo	2026-10-04	
度优于	fragment	2026-10-04	
当前正值	phrase	2026-10-04	
役使状态	junk	2026-10-04	
快速触达	phrase	2026-10-04	
性言论	phrase	2026-10-04	
搏体育	junk	2026-10-04	
新型产业	phrase	2026-10-04	
李君	obscure	2026-10-04	
步队扶植	junk	2026-10-04	
气系统中	fragment	2026-10-04	
永盛	obscure	2026-10-04	
沈之渝	obscure	2026-10-04	
玄灵	obscure	2026-10-04	
理等业务	fragment	2026-10-04	
盐穴	obscure	2026-10-04	
第一次登	fragment	2026-10-04	
紧紧依靠	phrase	2026-10-04	
终於	typo	2026-10-04	
老葛	obscure	2026-10-04	
莱尔马	obscure	2026-10-04	
莱默尔	obscure	2026-10-04	
菜炒	phrase	2026-10-04	
萧默	obscure	2026-10-04	
车货运	fragment	2026-10-04	
辉教授	fragment	2026-10-04	
进浴室	phrase	2026-10-04	
逃觅	junk	2026-10-04	
邦纳	obscure	2026-10-04	
链一体化	fragment	2026-10-04	
骞存	junk	2026-10-04	
高基数	phrase	2026-10-04	
鲍姆	obscure	2026-10-04	
万卢布	fragment	2026-10-04	
中检理化	obscure	2026-10-04	
值是多少	phrase	2026-10-04	
兰朵	obscure	2026-10-04	
北京凯	fragment	2026-10-04	
台起订	fragment	2026-10-04	
叶秋	obscure	2026-10-04	
器壳体	fragment	2026-10-04	
尊凯国际	junk	2026-10-04	
屏界面	fragment	2026-10-04	
张晨钰	obscure	2026-10-04	
当地糊口	junk	2026-10-04	
律意识和	fragment	2026-10-04	
护每一位	fragment	2026-10-04	
料中间体	fragment	2026-10-04	
斯共和国	fragment	2026-10-04	
暨第三届	fragment	2026-10-04	
术与文化	fragment	2026-10-04	
沈雨	obscure	2026-10-04	
洛姆	obscure	2026-10-04	
萧云	obscure	2026-10-04	
蓝狮平台	junk	2026-10-04	
译界头条	junk	2026-10-04	
语言指令	phrase	2026-10-04	
谢伊	obscure	2026-10-04	
贝托	obscure	2026-10-04	
费尔德	fragment	2026-10-04	
费等费用	phrase	2026-10-04	
逃责	obscure	2026-10-04	
通话按	fragment	2026-10-04	
阿姜曼	obscure	2026-10-04	
业基础和	fragment	2026-10-04	
事宜请	fragment	2026-10-04	
于杭州市	fragment	2026-10-04	
云资源池	phrase	2026-10-04	
军驻	fragment	2026-10-04	
凌星	obscure	2026-10-04	
分享实用	phrase	2026-10-04	
力和速度	fragment	2026-10-04	
助力制造	phrase	2026-10-04	
南溟	obscure	2026-10-04	
厅正式	fragment	2026-10-04	
取定制化	junk	2026-10-04	
只是默默	phrase	2026-10-04	
启远网	junk	2026-10-04	
器是用于	fragment	2026-10-04	
塔诺	obscure	2026-10-04	
宋晓	obscure	2026-10-04	
家和研究	fragment	2026-10-04	
局回应	fragment	2026-10-04	
局本级	fragment	2026-10-04	
年岁首	fragment	2026-10-04	
度不均匀	fragment	2026-10-04	
微聚点	obscure	2026-10-04	
恒诺世佳	obscure	2026-10-04	
成本直降	phrase	2026-10-04	
指示要求	phrase	2026-10-04	
支持多模	fragment	2026-10-04	
敷设时	phrase	2026-10-04	
期新闻稿	fragment	2026-10-04	
林若溪	obscure	2026-10-04	
泉村	obscure	2026-10-04	
炎等疾病	fragment	2026-10-04	
瑟斯	obscure	2026-10-04	
界最具	fragment	2026-10-04	
穴肉	junk	2026-10-04	
绑架到	phrase	2026-10-04	
翎风引擎	junk	2026-10-04	
蒂埃	obscure	2026-10-04	
资环学院	obscure	2026-10-04	
速和稳定	fragment	2026-10-04	
量子计较	junk	2026-10-04	
钤辖	obscure	2026-10-04	
长龚	fragment	2026-10-04	
间接对接	phrase	2026-10-04	
阿璃	obscure	2026-10-04	
青瑶	obscure	2026-10-04	
业投融资	fragment	2026-10-04	
伊姆	obscure	2026-10-04	
保护柱	phrase	2026-10-04	
傅晋雨	obscure	2026-10-04	
六姨	obscure	2026-10-04	
冲床机	phrase	2026-10-04	
剑齿	fragment	2026-10-04	
千问办公	obscure	2026-10-04	
员大会上	fragment	2026-10-04	
品在生产	fragment	2026-10-04	
国度能源	junk	2026-10-04	
国海外仓	phrase	2026-10-04	
委书记徐	fragment	2026-10-04	
家庭带宽	phrase	2026-10-04	
度和力量	fragment	2026-10-04	
徐慧	obscure	2026-10-04	
您需要确	fragment	2026-10-04	
意外失	fragment	2026-10-04	
据此操做	junk	2026-10-04	
效与安全	fragment	2026-10-04	
新机缘	phrase	2026-10-04	
晚夕	obscure	2026-10-04	
校区建设	phrase	2026-10-04	
核对文件	phrase	2026-10-04	
沈听	obscure	2026-10-04	
油压会馆	junk	2026-10-04	
犹如一场	phrase	2026-10-04	
称重包装	phrase	2026-10-04	
程中展现	fragment	2026-10-04	
绿色智造	phrase	2026-10-04	
考察考生	phrase	2026-10-04	
肌训练	fragment	2026-10-04	
艾奇	obscure	2026-10-04	
菲律宾华	fragment	2026-10-04	
质量节制	junk	2026-10-04	
走时校准	phrase	2026-10-04	
通过按键	phrase	2026-10-04	
重庆洁净	fragment	2026-10-04	
量不达标	phrase	2026-10-04	
陈昭	obscure	2026-10-04	
业也面临	fragment	2026-10-04	
中药资源	phrase	2026-10-04	
乐鱼电子	junk	2026-10-04	
于辽宁省	fragment	2026-10-04	
令诸	fragment	2026-10-04	
休闲水汇	phrase	2026-10-04	
使用有线	phrase	2026-10-04	
到她面前	phrase	2026-10-04	
刻意去	phrase	2026-10-04	
剂含量	fragment	2026-10-04	
博睿	obscure	2026-10-04	
吴征	obscure	2026-10-04	
國家	typo	2026-10-04	
圣帝	obscure	2026-10-04	
增强机体	phrase	2026-10-04	
央视旧事	junk	2026-10-04	
孙玉	obscure	2026-10-04	
尼翁	obscure	2026-10-04	
展会视频	phrase	2026-10-04	
展情况及	fragment	2026-10-04	
式螺杆	fragment	2026-10-04	
愚愚学园	junk	2026-10-04	
成份指数	typo	2026-10-04	
晓宁	obscure	2026-10-04	
本法子	fragment	2026-10-04	
机刷卡	fragment	2026-10-04	
杏悦	obscure	2026-10-04	
核心从任	junk	2026-10-04	
每次登录	phrase	2026-10-04	
江葬	obscure	2026-10-04	
漆施工	phrase	2026-10-04	
爆肏	junk	2026-10-04	
瑞恒	obscure	2026-10-04	
睿德	obscure	2026-10-04	
砚礼	obscure	2026-10-04	
箱底部	phrase	2026-10-04	
级联赛第	fragment	2026-10-04	
聂总	obscure	2026-10-04	
节之际	fragment	2026-10-04	
赵泰	obscure	2026-10-04	
陆寒	obscure	2026-10-04	
陈伯	obscure	2026-10-04	
面料层	phrase	2026-10-04	
鱼哥	obscure	2026-10-04	
鹿鹿	obscure	2026-10-04	
专项检测	phrase	2026-10-04	
亮眼答卷	phrase	2026-10-04	
亿镑	fragment	2026-10-04	
件添加到	fragment	2026-10-04	
元以上二	fragment	2026-10-04	
卡兹	obscure	2026-10-04	
及时推送	phrase	2026-10-04	
室党支部	fragment	2026-10-04	
室第项目	junk	2026-10-04	
市首家	fragment	2026-10-04	
帕奇	obscure	2026-10-04	
席型网	junk	2026-10-04	
幅扩大至	fragment	2026-10-04	
度有待	fragment	2026-10-04	
建设暨	fragment	2026-10-04	
张截图	fragment	2026-10-04	
微企脉	obscure	2026-10-04	
指标检测	phrase	2026-10-04	
料选择上	fragment	2026-10-04	
杈规	junk	2026-10-04	
林晚棠	obscure	2026-10-04	
沟流域	fragment	2026-10-04	
河三角洲	phrase	2026-10-04	
溪街道	fragment	2026-10-04	
烧毁物	phrase	2026-10-04	
率跨越	fragment	2026-10-04	
现阶段性	fragment	2026-10-04	
由以下几	fragment	2026-10-04	
省长王	fragment	2026-10-04	
看它是否	phrase	2026-10-04	
硬度和耐	fragment	2026-10-04	
秦雨	obscure	2026-10-04	
管理局党	fragment	2026-10-04	
米兔	obscure	2026-10-04	
精准指导	phrase	2026-10-04	
组先后	fragment	2026-10-04	
续高强度	fragment	2026-10-04	
翻转机	phrase	2026-10-04	
胡春	obscure	2026-10-04	
萧兰	obscure	2026-10-04	
蛋仔网	junk	2026-10-04	
许昭年	obscure	2026-10-04	
返工成本	phrase	2026-10-04	
选调生网	junk	2026-10-04	
造型松	fragment	2026-10-04	
鄂破	junk	2026-10-04	
陈忠	obscure	2026-10-04	
雨欣	obscure	2026-10-04	
一只鸡	phrase	2026-10-04	
东北老	fragment	2026-10-04	
井镇	obscure	2026-10-04	
全静压	obscure	2026-10-04	
勾当区	junk	2026-10-04	
千禾	obscure	2026-10-04	
厉承渊	obscure	2026-10-04	
叫刘	fragment	2026-10-04	
同一认证	phrase	2026-10-04	
堡国际	fragment	2026-10-04	
委书记胡	fragment	2026-10-04	
尚无法	phrase	2026-10-04	
度和宽度	fragment	2026-10-04	
式冷凝器	fragment	2026-10-04	
彩贝	obscure	2026-10-04	
快楽	typo	2026-10-04	
性和响应	fragment	2026-10-04	
总裁杨	fragment	2026-10-04	
成幼猫	fragment	2026-10-04	
无条件退	fragment	2026-10-04	
晓薇	obscure	2026-10-04	
晚柠	obscure	2026-10-04	
条件下测	fragment	2026-10-04	
正在工做	typo	2026-10-04	
汗青性	junk	2026-10-04	
沈娇	obscure	2026-10-04	
端延伸	fragment	2026-10-04	
老龄化加	fragment	2026-10-04	
艾菲	obscure	2026-10-04	
苗靖	obscure	2026-10-04	
负荷工作	phrase	2026-10-04	
量测定仪	fragment	2026-10-04	
镌汰	junk	2026-10-04	
阿铭	obscure	2026-10-04	
陆氏	obscure	2026-10-04	
陆靳	obscure	2026-10-04	
韶陌陌	obscure	2026-10-04	
高校本科	phrase	2026-10-04	
任公司总	fragment	2026-10-04	
依托自研	phrase	2026-10-04	
力与专业	fragment	2026-10-04	
取表时	fragment	2026-10-04	
器采用高	fragment	2026-10-04	
国和欧盟	phrase	2026-10-04	
圈密封	fragment	2026-10-04	
委会组织	fragment	2026-10-04	
宇机械	fragment	2026-10-04	
尺测量	fragment	2026-10-04	
尼伯	obscure	2026-10-04	
峰主持	fragment	2026-10-04	
应注意保	fragment	2026-10-04	
戈子科技	junk	2026-10-04	
手艺尺度	junk	2026-10-04	
星渊	obscure	2026-10-04	
景气宇	fragment	2026-10-04	
来单宝	junk	2026-10-04	
杨凯	obscure	2026-10-04	
栏显示	fragment	2026-10-04	
校和企业	fragment	2026-10-04	
梅纳	obscure	2026-10-04	
毕业于西	fragment	2026-10-04	
电池和电	fragment	2026-10-04	
界大佬	fragment	2026-10-04	
芙雪	obscure	2026-10-04	
苏阁展览	junk	2026-10-04	
血丹	fragment	2026-10-04	
防守回追	phrase	2026-10-04	
陈卓	obscure	2026-10-04	
颜廷利	junk	2026-10-04	
馆联合	fragment	2026-10-04	
齐羡知	obscure	2026-10-04	
优配平台	junk	2026-10-04	
何怡	obscure	2026-10-04	
侯浩	obscure	2026-10-04	
化粪池清	fragment	2026-10-04	
南流量卡	fragment	2026-10-04	
南省分行	fragment	2026-10-04	
博锐	obscure	2026-10-04	
县专线	fragment	2026-10-04	
及走时	fragment	2026-10-04	
发觉问题	phrase	2026-10-04	
多链数字	fragment	2026-10-04	
宏昌	obscure	2026-10-04	
尾中特	junk	2026-10-04	
性测定仪	fragment	2026-10-04	
意禾澄庐	junk	2026-10-04	
手艺升级	junk	2026-10-04	
敢拿	phrase	2026-10-04	
料及产品	fragment	2026-10-04	
杰曼	obscure	2026-10-04	
横敲	phrase	2026-10-04	
爱高普	junk	2026-10-04	
田裕	obscure	2026-10-04	
白癜风诊	fragment	2026-10-04	
盛迪	obscure	2026-10-04	
瞻望将来	junk	2026-10-04	
石制砂机	fragment	2026-10-04	
祝灵毓	obscure	2026-10-04	
签定合同	typo	2026-10-04	
聪慧化	junk	2026-10-04	
自治区农	fragment	2026-10-04	
蕴含着无	fragment	2026-10-04	
觅圈	junk	2026-10-04	
触发反	fragment	2026-10-04	
豪哥	obscure	2026-10-04	
赋闲安全	junk	2026-10-04	
辅帮东西	junk	2026-10-04	
远低于国	fragment	2026-10-04	
部常务副	fragment	2026-10-04	
酉金	obscure	2026-10-04	
量位居全	fragment	2026-10-04	
队在本届	fragment	2026-10-04	
陈淑	obscure	2026-10-04	
雨馨	obscure	2026-10-04	
颜丹辰	typo	2026-10-04	
专为工业	phrase	2026-10-04	
中仿科技	junk	2026-10-04	
代表团参	fragment	2026-10-04	
作出更多	phrase	2026-10-04	
力和领导	fragment	2026-10-04	
去除原	fragment	2026-10-04	
委宣讲团	fragment	2026-10-04	
娣卞	junk	2026-10-04	
安子亦	obscure	2026-10-04	
导致胃	fragment	2026-10-04	
左丁	obscure	2026-10-04	
帕卡	obscure	2026-10-04	
帕帕	obscure	2026-10-04	
弗鲁	obscure	2026-10-04	
德国巴	fragment	2026-10-04	
承包壹级	junk	2026-10-04	
挪用量	fragment	2026-10-04	
效地开展	fragment	2026-10-04	
昝秀丽	obscure	2026-10-04	
橘子云	obscure	2026-10-04	
民江信达	junk	2026-10-04	
江苏省医	fragment	2026-10-04	
由企业自	fragment	2026-10-04	
端展现出	fragment	2026-10-04	
级以上科	fragment	2026-10-04	
纺织科技	phrase	2026-10-04	
聚合物基	fragment	2026-10-04	
覆盖机芯	junk	2026-10-04	
郑伟	obscure	2026-10-04	
陕西华	fragment	2026-10-04	
顾以安	obscure	2026-10-04	
顾泽	obscure	2026-10-04	
业新赛道	fragment	2026-10-04	
乐玩数码	obscure	2026-10-04	
公积金支	fragment	2026-10-04	
力加持	fragment	2026-10-04	
力衰减	fragment	2026-10-04	
取制制	junk	2026-10-04	
夜玄	obscure	2026-10-04	
娑嚩	obscure	2026-10-04	
实力和技	fragment	2026-10-04	
已介入	phrase	2026-10-04	
式雾炮机	fragment	2026-10-04	
恒大兴业	phrase	2026-10-04	
悟思想	fragment	2026-10-04	
手艺深度	junk	2026-10-04	
操做规范	typo	2026-10-04	
曲棍球教	fragment	2026-10-04	
李媛	obscure	2026-10-04	
沉点工做	junk	2026-10-04	
白叟房	junk	2026-10-04	
皇家帝孚	junk	2026-10-04	
立异产物	junk	2026-10-04	
纳芯微	junk	2026-10-04	
蛇鸡	junk	2026-10-04	
询价布告	junk	2026-10-04	
费报销	fragment	2026-10-04	
费预算数	fragment	2026-10-04	
进水里	phrase	2026-10-04	
部授予	fragment	2026-10-04	
重视客户	phrase	2026-10-04	
锋霸	obscure	2026-10-04	
食药安	fragment	2026-10-04	
中小酒企	junk	2026-10-04	
保守制制	obscure	2026-10-04	
傅景	obscure	2026-10-04	
兔粉粉	obscure	2026-10-04	
共研咨询	fragment	2026-10-04	
制制财产	junk	2026-10-04	
力和智慧	fragment	2026-10-04	
区南部	fragment	2026-10-04	
区洗浴	fragment	2026-10-04	
南省自然	fragment	2026-10-04	
即赠	phrase	2026-10-04	
员应具备	fragment	2026-10-04	
器检测到	fragment	2026-10-04	
型立式	fragment	2026-10-04	
基苯甲酸	fragment	2026-10-04	
堡村	fragment	2026-10-04	
姜璃	obscure	2026-10-04	
富优配	junk	2026-10-04	
小型实验	phrase	2026-10-04	
巴庄	obscure	2026-10-04	
张睿	obscure	2026-10-04	
志忠	obscure	2026-10-04	
性与舒适	fragment	2026-10-04	
感来自于	fragment	2026-10-04	
星鸦资源	junk	2026-10-04	
柳玉梅	obscure	2026-10-04	
江屿	obscure	2026-10-04	
点十七分	fragment	2026-10-04	
田麻	obscure	2026-10-04	
由市委	fragment	2026-10-04	
科大夫	obscure	2026-10-04	
绂诲	junk	2026-10-04	
莱弗	obscure	2026-10-04	
蓄电池电	fragment	2026-10-04	
语培训班	fragment	2026-10-04	
谢父	phrase	2026-10-04	
费收缴	fragment	2026-10-04	
逸尘	obscure	2026-10-04	
长邹	junk	2026-10-04	
霍之清	obscure	2026-10-04	
黄龙馥	obscure	2026-10-04	
龙湖泊萃	junk	2026-10-04	
价回落	fragment	2026-10-04	
企业家联	fragment	2026-10-04	
佳禾	obscure	2026-10-04	
儿童逛乐	junk	2026-10-04	
先辈手艺	junk	2026-10-04	
准确地传	fragment	2026-10-04	
凯发体育	junk	2026-10-04	
凯娜	obscure	2026-10-04	
器中使用	fragment	2026-10-04	
基金会主	fragment	2026-10-04	
妈咪可儿	junk	2026-10-04	
安博律师	obscure	2026-10-04	
家庄村	fragment	2026-10-04	
州市中医	fragment	2026-10-04	
市建筑业	fragment	2026-10-04	
师亲自	fragment	2026-10-04	
庭庭长	fragment	2026-10-04	
张奕	obscure	2026-10-04	
改完成后	phrase	2026-10-04	
李新翔	obscure	2026-10-04	
杰教授	fragment	2026-10-04	
树立科学	phrase	2026-10-04	
欢创集团	obscure	2026-10-04	
法大揭秘	fragment	2026-10-04	
瀚海新酶	obscure	2026-10-04	
特别是党	fragment	2026-10-04	
甚麽	typo	2026-10-04	
由各省	fragment	2026-10-04	
科类专业	fragment	2026-10-04	
第五届数	fragment	2026-10-04	
精拆修	junk	2026-10-04	
藉伐	junk	2026-10-04	
蛇虺	obscure	2026-10-04	
谭凯	obscure	2026-10-04	
贝洛	obscure	2026-10-04	
赛泊斯	junk	2026-10-04	
采用铜	fragment	2026-10-04	
陆翔	obscure	2026-10-04	
降至约	fragment	2026-10-04	
院院长刘	fragment	2026-10-04	
首颐医疗	junk	2026-10-04	
丽姐	obscure	2026-10-04	
仪等设备	fragment	2026-10-04	
伟才教育	obscure	2026-10-04	
党员讲	fragment	2026-10-04	
写完成后	fragment	2026-10-04	
务处处长	fragment	2026-10-04	
北京鸿	fragment	2026-10-04	
吴丽	obscure	2026-10-04	
器阵列	fragment	2026-10-04	
型聚氨酯	fragment	2026-10-04	
奕境	obscure	2026-10-04	
山南麓	phrase	2026-10-04	
市市中区	fragment	2026-10-04	
常见痛点	phrase	2026-10-04	
库搭建	fragment	2026-10-04	
式车身	fragment	2026-10-04	
德甲集锦	junk	2026-10-04	
恒正网	junk	2026-10-04	
晓莉	obscure	2026-10-04	
曲播带货	junk	2026-10-04	
桂芬	obscure	2026-10-04	
殿学士	fragment	2026-10-04	
沐沐	obscure	2026-10-04	
牛兔	obscure	2026-10-04	
理相关事	fragment	2026-10-04	
竞争中获	fragment	2026-10-04	
美采汪	junk	2026-10-04	
许多经典	phrase	2026-10-04	
设计时需	fragment	2026-10-04	
货清单	fragment	2026-10-04	
赚币	junk	2026-10-04	
远达国际	obscure	2026-10-04	
一场融合	phrase	2026-10-04	
万比索	fragment	2026-10-04	
业正加速	fragment	2026-10-04	
互舔	junk	2026-10-04	
井村	obscure	2026-10-04	
亿元增至	fragment	2026-10-04	
件中使用	fragment	2026-10-04	
任何涉及	phrase	2026-10-04	
保持竞技	phrase	2026-10-04	
创始人马	fragment	2026-10-04	
去浴室	phrase	2026-10-04	
台谏	obscure	2026-10-04	
嘉苑	obscure	2026-10-04	
国复咨询	junk	2026-10-04	
学与艺术	fragment	2026-10-04	
宁饴	obscure	2026-10-04	
宣布道育	junk	2026-10-04	
小芊	obscure	2026-10-04	
尔霍	fragment	2026-10-04	
带怎么选	fragment	2026-10-04	
平易近宿	junk	2026-10-04	
必赢电游	junk	2026-10-04	
性而备受	fragment	2026-10-04	
恤女	junk	2026-10-04	
揭开黑洞	phrase	2026-10-04	
时工作制	fragment	2026-10-04	
昊兴纺织	junk	2026-10-04	
暨第四届	fragment	2026-10-04	
李颜菁	obscure	2026-10-04	
杜晓	obscure	2026-10-04	
率与稳定	fragment	2026-10-04	
由中国医	fragment	2026-10-04	
癫疯	typo	2026-10-04	
糯晒黄历	junk	2026-10-04	
组委会主	fragment	2026-10-04	
综合性科	fragment	2026-10-04	
网坐扶植	junk	2026-10-04	
聊器人	junk	2026-10-04	
蒸汽能够	fragment	2026-10-04	
蛏虾	obscure	2026-10-04	
装机设备	phrase	2026-10-04	
词引流	fragment	2026-10-04	
语短剧	fragment	2026-10-04	
赵欣	obscure	2026-10-04	
述了如何	fragment	2026-10-04	
长倪	junk	2026-10-04	
陈靖	obscure	2026-10-04	
青少年参	fragment	2026-10-04	
七故事网	junk	2026-10-04	
使工件	fragment	2026-10-04	
例和数据	fragment	2026-10-04	
公交车到	fragment	2026-10-04	
刘冠	obscure	2026-10-04	
剂批发	fragment	2026-10-04	
后续补	fragment	2026-10-04	
启动暨	fragment	2026-10-04	
器中进行	fragment	2026-10-04	
埃莱	obscure	2026-10-04	
学校食物	phrase	2026-10-04	
尔邦	fragment	2026-10-04	
币圈网	junk	2026-10-04	
市第十五	fragment	2026-10-04	
微板法	fragment	2026-10-04	
性与成本	fragment	2026-10-04	
性存疑	fragment	2026-10-04	
捕鱼王	junk	2026-10-04	
旭阳	obscure	2026-10-04	
曹永	obscure	2026-10-04	
朵红	fragment	2026-10-04	
柒柒	obscure	2026-10-04	
校区位于	phrase	2026-10-04	
梁檀	obscure	2026-10-04	
梵志	obscure	2026-10-04	
民国十	fragment	2026-10-04	
涛同志	fragment	2026-10-04	
热塑性聚	fragment	2026-10-04	
率并减少	fragment	2026-10-04	
王霜	obscure	2026-10-04	
由若干	phrase	2026-10-04	
畅畅	obscure	2026-10-04	
突然暴	fragment	2026-10-04	
粉包装机	fragment	2026-10-04	
羊狗	obscure	2026-10-04	
菌烨	junk	2026-10-04	
论坛暨第	fragment	2026-10-04	
通过自助	phrase	2026-10-04	
除烦	obscure	2026-10-04	
鸣龙	obscure	2026-10-04	
鼠虎	obscure	2026-10-04	
万纽币	junk	2026-10-04	
上海墨钜	junk	2026-10-04	
中国茶叶	phrase	2026-10-04	
仙宠	phrase	2026-10-04	
优先确认	fragment	2026-10-04	
位一览	fragment	2026-10-04	
余年行业	fragment	2026-10-04	
写新篇章	fragment	2026-10-04	
刘兆	obscure	2026-10-04	
史中汲取	fragment	2026-10-04	
唐田	obscure	2026-10-04	
城区委	fragment	2026-10-04	
姜柠	obscure	2026-10-04	
宁波柏泰	junk	2026-10-04	
实用参考	phrase	2026-10-04	
币安官方	junk	2026-10-04	
师与学生	phrase	2026-10-04	
性和精准	fragment	2026-10-04	
接收显示	phrase	2026-10-04	
搭载自研	phrase	2026-10-04	
操作时需	fragment	2026-10-04	
政府指定	phrase	2026-10-04	
施毒术	obscure	2026-10-04	
杨雨	obscure	2026-10-04	
检查机关	typo	2026-10-04	
次脱力	fragment	2026-10-04	
氧反应	fragment	2026-10-04	
激勉	obscure	2026-10-04	
瑟尔	obscure	2026-10-04	
生成模子	junk	2026-10-04	
申报资讯	phrase	2026-10-04	
登陆入口	typo	2026-10-04	
监测空气	phrase	2026-10-04	
科学院西	fragment	2026-10-04	
索琳	obscure	2026-10-04	
车抵达	fragment	2026-10-04	
队前场	fragment	2026-10-04	
防外溅	phrase	2026-10-04	
陆渊	obscure	2026-10-04	
院原院长	fragment	2026-10-04	
预定客户	phrase	2026-10-04	
题和内容	fragment	2026-10-04	
驻北京	phrase	2026-10-04	
魏大程	obscure	2026-10-04	
业中应用	fragment	2026-10-04	
中诗在线	obscure	2026-10-04	
件和资料	fragment	2026-10-04	
像是一颗	phrase	2026-10-04	
内置丰富	phrase	2026-10-04	
冠盈配资	junk	2026-10-04	
刘树	obscure	2026-10-04	
卡卢	obscure	2026-10-04	
周牧	obscure	2026-10-04	
器哪家好	fragment	2026-10-04	
器接线	fragment	2026-10-04	
型发电机	fragment	2026-10-04	
型跑道	fragment	2026-10-04	
家分店	fragment	2026-10-04	
小玟	obscure	2026-10-04	
度和精度	fragment	2026-10-04	
建立起自	fragment	2026-10-04	
彦辰	obscure	2026-10-04	
数食主张	junk	2026-10-04	
时常出现	phrase	2026-10-04	
智愈医疗	obscure	2026-10-04	
朱永	obscure	2026-10-04	
李薇	obscure	2026-10-04	
汉唐供	fragment	2026-10-04	
满脚家庭	junk	2026-10-04	
版正版	fragment	2026-10-04	
牛猪	obscure	2026-10-04	
率稳居	fragment	2026-10-04	
理和利用	fragment	2026-10-04	
登陆页面	typo	2026-10-04	
盐度环境	phrase	2026-10-04	
睿科技	fragment	2026-10-04	
箱加工厂	fragment	2026-10-04	
索氏	obscure	2026-10-04	
职大学生	fragment	2026-10-04	
苏婉清	obscure	2026-10-04	
苏禾	obscure	2026-10-04	
荫云	obscure	2026-10-04	
营制出	junk	2026-10-04	
谓曰	obscure	2026-10-04	
赛连胜	fragment	2026-10-04	
赫勒	obscure	2026-10-04	
陆景深	obscure	2026-10-04	
院揭牌	fragment	2026-10-04	
需要事先	phrase	2026-10-04	
靖远开讲	junk	2026-10-04	
额已达	fragment	2026-10-04	
便携式测	fragment	2026-10-04	
分管副	fragment	2026-10-04	
医疗注塑	phrase	2026-10-04	
合做案例	typo	2026-10-04	
告中提到	fragment	2026-10-04	
天健华成	obscure	2026-10-04	
天汉风云	obscure	2026-10-04	
姑苏市	phrase	2026-10-04	
学子在第	fragment	2026-10-04	
学家研究	fragment	2026-10-04	
安人才网	fragment	2026-10-04	
尼耶	obscure	2026-10-04	
局局长李	fragment	2026-10-04	
度阈值	fragment	2026-10-04	
当事人未	fragment	2026-10-04	
成实质性	fragment	2026-10-04	
技巧与实	fragment	2026-10-04	
洛雪	obscure	2026-10-04	
海斌	obscure	2026-10-04	
涓鸿	junk	2026-10-04	
液回流	fragment	2026-10-04	
深化跨	fragment	2026-10-04	
演员李	fragment	2026-10-04	
灵觅	obscure	2026-10-04	
症是一种	fragment	2026-10-04	
百馀	typo	2026-10-04	
秦墨	obscure	2026-10-04	
突显出	phrase	2026-10-04	
级板材	fragment	2026-10-04	
铝合金防	fragment	2026-10-04	
队斩获	fragment	2026-10-04	
业迈向高	fragment	2026-10-04	
临时补	fragment	2026-10-04	
件进行加	fragment	2026-10-04	
保持着稳	fragment	2026-10-04	
冶集团	fragment	2026-10-04	
力比较强	fragment	2026-10-04	
加速扶植	junk	2026-10-04	
吃猪	obscure	2026-10-04	
吴嘉	obscure	2026-10-04	
埃利亚	obscure	2026-10-04	
孙丽	obscure	2026-10-04	
实现对电	fragment	2026-10-04	
已遍布	phrase	2026-10-04	
常用于制	fragment	2026-10-04	
年以来已	fragment	2026-10-04	
幻曦云	junk	2026-10-04	
度国窖	fragment	2026-10-04	
度过难关	typo	2026-10-04	
徐婉	obscure	2026-10-04	
性和扩展	fragment	2026-10-04	
总书记亲	fragment	2026-10-04	
新星崛起	phrase	2026-10-04	
晚卿	obscure	2026-10-04	
杏宇	obscure	2026-10-04	
林娜	obscure	2026-10-04	
校盈易	obscure	2026-10-04	
滩镇	fragment	2026-10-04	
片生产线	fragment	2026-10-04	
版二年级	fragment	2026-10-04	
睿铂	obscure	2026-10-04	
碳分析仪	fragment	2026-10-04	
祝贵	obscure	2026-10-04	
穿越到大	fragment	2026-10-04	
舒唱	obscure	2026-10-04	
苏泽	obscure	2026-10-04	
蒙塔	obscure	2026-10-04	
角三角形	fragment	2026-10-04	
解析与选	fragment	2026-10-04	
越通社驻	fragment	2026-10-04	
迪娜	obscure	2026-10-04	
量极少	phrase	2026-10-04	
队后防线	fragment	2026-10-04	
顾辰	obscure	2026-10-04	
上海锦	fragment	2026-10-04	
下了一颗	phrase	2026-10-04	
业化经营	fragment	2026-10-04	
乎每个人	fragment	2026-10-04	
买家邀约	phrase	2026-10-04	
乾净	typo	2026-10-04	
件和工具	fragment	2026-10-04	
价下调	fragment	2026-10-04	
任何意见	phrase	2026-10-04	
全自动微	fragment	2026-10-04	
办事坐	fragment	2026-10-04	
北京世纪	fragment	2026-10-04	
厂厂长	fragment	2026-10-04	
同事一起	phrase	2026-10-04	
器连接到	fragment	2026-10-04	
夯基	obscure	2026-10-04	
委主办	fragment	2026-10-04	
姜晚	obscure	2026-10-04	
宋晚	obscure	2026-10-04	
尿症	fragment	2026-10-04	
山北麓	phrase	2026-10-04	
州及周边	fragment	2026-10-04	
布艺展	phrase	2026-10-04	
度是衡量	fragment	2026-10-04	
徐宝锋	obscure	2026-10-04	
性和深度	fragment	2026-10-04	
拉沃	obscure	2026-10-04	
既能提供	phrase	2026-10-04	
术素养和	fragment	2026-10-04	
洛瓦	obscure	2026-10-04	
狂妃	obscure	2026-10-04	
玉婷	obscure	2026-10-04	
环球微	fragment	2026-10-04	
盖板厂家	phrase	2026-10-04	
祖巫	obscure	2026-10-04	
穗织	obscure	2026-10-04	
箱尺寸	fragment	2026-10-04	
胡伟	obscure	2026-10-04	
自己瞎	fragment	2026-10-04	
营外马	junk	2026-10-04	
赵磊	obscure	2026-10-04	
透光率仪	fragment	2026-10-04	
锛屼	junk	2026-10-04	
隆宇	obscure	2026-10-04	
雨宫	obscure	2026-10-04	
额预计	fragment	2026-10-04	
万搏网站	junk	2026-10-04	
中畜网	obscure	2026-10-04	
云寺	obscure	2026-10-04	
件发送至	fragment	2026-10-04	
任美联储	fragment	2026-10-04	
全新蓝山	phrase	2026-10-04	
全校各	fragment	2026-10-04	
刘姐	obscure	2026-10-04	
加装防	fragment	2026-10-04	
加贝特	obscure	2026-10-04	
双眼视	fragment	2026-10-04	
叙白	obscure	2026-10-04	
叶晚澄	obscure	2026-10-04	
喜欢那种	phrase	2026-10-04	
宇配资	junk	2026-10-04	
币发行价	fragment	2026-10-04	
平易近航	junk	2026-10-04	
库巴西	fragment	2026-10-04	
度与成本	fragment	2026-10-04	
微量氧	fragment	2026-10-04	
德比中	fragment	2026-10-04	
性和强度	fragment	2026-10-04	
教师赴	fragment	2026-10-04	
教育暨	fragment	2026-10-04	
整理衣	fragment	2026-10-04	
斌教授	fragment	2026-10-04	
新学期教	fragment	2026-10-04	
景视野	fragment	2026-10-04	
暨国际	fragment	2026-10-04	
期内未	fragment	2026-10-04	
来自山西	phrase	2026-10-04	
林砚	obscure	2026-10-04	
橱柜体	fragment	2026-10-04	
江澈	obscure	2026-10-04	
沈宴	obscure	2026-10-04	
法典施行	phrase	2026-10-04	
游戏还设	fragment	2026-10-04	
狂兵	obscure	2026-10-04	
王彬	obscure	2026-10-04	
田俊	obscure	2026-10-04	
电气制造	phrase	2026-10-04	
登记存案	phrase	2026-10-04	
睿达	obscure	2026-10-04	
种种挑战	phrase	2026-10-04	
章陆毅	fragment	2026-10-04	
箫彻	obscure	2026-10-04	
纳畜	obscure	2026-10-04	
罪律师	fragment	2026-10-04	
船船	obscure	2026-10-04	
蒋明筝	obscure	2026-10-04	
蟹养殖	fragment	2026-10-04	
设想气概	junk	2026-10-04	
赵虎	obscure	2026-10-04	
递交至	phrase	2026-10-04	
邦泰	obscure	2026-10-04	
酸代谢	fragment	2026-10-04	
量不足时	phrase	2026-10-04	
钟泽	obscure	2026-10-04	
镜验配	fragment	2026-10-04	
队小组赛	fragment	2026-10-04	
集了一批	fragment	2026-10-04	
顾晓	obscure	2026-10-04	
魅力不仅	phrase	2026-10-04	
佰特	obscure	2026-10-04	
公共建建	junk	2026-10-04	
军出席	fragment	2026-10-04	
冯飞	obscure	2026-10-04	
南营业部	fragment	2026-10-04	
发动机排	fragment	2026-10-04	
叶炎	obscure	2026-10-04	
奖揭晓	fragment	2026-10-04	
学院就业	phrase	2026-10-04	
岛生存	fragment	2026-10-04	
性地解决	fragment	2026-10-04	
无冗余	phrase	2026-10-04	
替尼治疗	fragment	2026-10-04	
楚瑜	obscure	2026-10-04	
正在建建	junk	2026-10-04	
毕业于南	fragment	2026-10-04	
沃拉	obscure	2026-10-04	
涉及多种	phrase	2026-10-04	
片解说	fragment	2026-10-04	
祛白	junk	2026-10-04	
神瞳	obscure	2026-10-04	
纳赫	obscure	2026-10-04	
聚贤	obscure	2026-10-04	
腺囊肿	fragment	2026-10-04	
艾尼	obscure	2026-10-04	
虞渔舟	obscure	2026-10-04	
证和护照	phrase	2026-10-04	
赵秀	obscure	2026-10-04	
辅帮驾驶	junk	2026-10-04	
边喊	phrase	2026-10-04	
逻辑与实	fragment	2026-10-04	
郑俊	obscure	2026-10-04	
郭子剑	obscure	2026-10-04	
酸甘油酯	fragment	2026-10-04	
镁等	fragment	2026-10-04	
顾寒	obscure	2026-10-04	
黑羽	obscure	2026-10-04	
上彀	junk	2026-10-04	
业利润增	fragment	2026-10-04	
主义运动	phrase	2026-10-04	
亥水	obscure	2026-10-04	
亿公里	phrase	2026-10-04	
价值与实	fragment	2026-10-04	
力与激情	fragment	2026-10-04	
卖二手	phrase	2026-10-04	
厂为例	fragment	2026-10-04	
受季节	fragment	2026-10-04	
合做社	typo	2026-10-04	
喻承	obscure	2026-10-04	
外面卖	phrase	2026-10-04	
委获悉	fragment	2026-10-04	
姜妄	obscure	2026-10-04	
届全国青	fragment	2026-10-04	
州市卫生	fragment	2026-10-04	
州市第十	fragment	2026-10-04	
念念想	phrase	2026-10-04	
性和弹性	fragment	2026-10-04	
新助罐	junk	2026-10-04	
无法登陆	typo	2026-10-04	
月九日	fragment	2026-10-04	
查等工作	fragment	2026-10-04	
气流量计	fragment	2026-10-04	
池瑶	obscure	2026-10-04	
活性炭滤	fragment	2026-10-04	
液成分	fragment	2026-10-04	
清梨	obscure	2026-10-04	
渠道接入	phrase	2026-10-04	
源水净化	phrase	2026-10-04	
王昊	obscure	2026-10-04	
甯稿	junk	2026-10-04	
电器开关	phrase	2026-10-04	
石破碎机	fragment	2026-10-04	
神霄	obscure	2026-10-04	
端无缝	fragment	2026-10-04	
紧扣国家	phrase	2026-10-04	
视主持人	fragment	2026-10-04	
象人原创	junk	2026-10-04	
贺叔叔	obscure	2026-10-04	
赛特等奖	fragment	2026-10-04	
转引见率	junk	2026-10-04	
邦机械	fragment	2026-10-04	
骞虫	junk	2026-10-04	
鼎力成长	junk	2026-10-04	
龙岩支队	phrase	2026-10-04	
一朝办理	junk	2026-10-04	
万奖金	fragment	2026-10-04	
业向绿色	fragment	2026-10-04	
什么是股	fragment	2026-10-04	
件进行审	fragment	2026-10-04	
体育鲲泰	junk	2026-10-04	
关公文	fragment	2026-10-04	
出现小幅	phrase	2026-10-04	
刘孔中	obscure	2026-10-04	
力与价值	fragment	2026-10-04	
力和优势	fragment	2026-10-04	
压力可达	phrase	2026-10-04	
及各部门	phrase	2026-10-04	
后即刻	fragment	2026-10-04	
大师居	obscure	2026-10-04	
尊龙鲲泰	junk	2026-10-04	
小姐币	junk	2026-10-04	
届结业生	typo	2026-10-04	
岳政人	obscure	2026-10-04	
州市消防	fragment	2026-10-04	
度与质量	fragment	2026-10-04	
建达强	obscure	2026-10-04	
彝学研究	phrase	2026-10-04	
性越强	phrase	2026-10-04	
恒鑫	obscure	2026-10-04	
无线电频	fragment	2026-10-04	
机酒卡	obscure	2026-10-04	
权纠纷案	fragment	2026-10-04	
栖身证	junk	2026-10-04	
校区教	fragment	2026-10-04	
检测手艺	junk	2026-10-04	
毒妃	obscure	2026-10-04	
氛围宁静	phrase	2026-10-04	
沉点企业	junk	2026-10-04	
法责任制	fragment	2026-10-04	
活动和社	fragment	2026-10-04	
港经济区	fragment	2026-10-04	
用于纺织	phrase	2026-10-04	
由多层	phrase	2026-10-04	
立异实践	junk	2026-10-04	
翔科技	fragment	2026-10-04	
者与企业	fragment	2026-10-04	
语言与文	fragment	2026-10-04	
郭为先生	obscure	2026-10-04	
陈婉	obscure	2026-10-04	
陈宗	obscure	2026-10-04	
需在规定	phrase	2026-10-04	
顾瑾	obscure	2026-10-04	
魔洞	obscure	2026-10-04	
业带头人	fragment	2026-10-04	
人须提供	phrase	2026-10-04	
佳怡	obscure	2026-10-04	
刘姨	obscure	2026-10-04	
剂组成	fragment	2026-10-04	
千鹤	obscure	2026-10-04	
发球环节	phrase	2026-10-04	
员们不仅	fragment	2026-10-04	
器中文版	fragment	2026-10-04	
场上展开	phrase	2026-10-04	
型破碎机	fragment	2026-10-04	
境中展现	phrase	2026-10-04	
套图集	fragment	2026-10-04	
姜伟	obscure	2026-10-04	
届中国科	fragment	2026-10-04	
川井	obscure	2026-10-04	
性聚合物	fragment	2026-10-04	
手艺财产	junk	2026-10-04	
打非宣传	phrase	2026-10-04	
承包运营	phrase	2026-10-04	
支撑单位	phrase	2026-10-04	
时间内未	phrase	2026-10-04	
晓旭	obscure	2026-10-04	
本地案例	phrase	2026-10-04	
机能取	fragment	2026-10-04	
权争夺	fragment	2026-10-04	
权胶葛	junk	2026-10-04	
查后发现	phrase	2026-10-04	
检查和调	fragment	2026-10-04	
泛博用户	junk	2026-10-04	
清浄	typo	2026-10-04	
理学领域	fragment	2026-10-04	
盒厂家	fragment	2026-10-04	
神经收集	junk	2026-10-04	
离退休党	fragment	2026-10-04	
移机前	fragment	2026-10-04	
移柩	obscure	2026-10-04	
立异手艺	junk	2026-10-04	
第两百八	fragment	2026-10-04	
经营性资	fragment	2026-10-04	
美國	typo	2026-10-04	
芷晴	obscure	2026-10-04	
薇儿	obscure	2026-10-04	
规则适用	phrase	2026-10-04	
语输入法	fragment	2026-10-04	
赛事背景	phrase	2026-10-04	
运维复杂	phrase	2026-10-04	
进入公众	phrase	2026-10-04	
逆境时	phrase	2026-10-04	
造型油松	phrase	2026-10-04	
避免物料	phrase	2026-10-04	
锋教授	fragment	2026-10-04	
锰等	fragment	2026-10-04	
陈彦	obscure	2026-10-04	
青海省海	fragment	2026-10-04	
靓装	junk	2026-10-04	
额增速	fragment	2026-10-04	
首次登陆	phrase	2026-10-04	
魔皇	obscure	2026-10-04	
鹿八岁	obscure	2026-10-04	
上海世纪	phrase	2026-10-04	
两个所述	phrase	2026-10-04	
中芯光电	obscure	2026-10-04	
中试验证	phrase	2026-10-04	
人和儿童	phrase	2026-10-04	
作出如下	phrase	2026-10-04	
佳氏	obscure	2026-10-04	
克体育场	fragment	2026-10-04	
具体可参	fragment	2026-10-04	
单证册	obscure	2026-10-04	
同意接收	phrase	2026-10-04	
吕晓	obscure	2026-10-04	
坡镇	fragment	2026-10-04	
妮斯	obscure	2026-10-04	
姜玉	obscure	2026-10-04	
山东省农	fragment	2026-10-04	
州经开区	fragment	2026-10-04	
幻世界中	fragment	2026-10-04	
度非常大	phrase	2026-10-04	
慕瓷	obscure	2026-10-04	
拉贾	obscure	2026-10-04	
新城街道	phrase	2026-10-04	
机主轴	fragment	2026-10-04	
李炳	obscure	2026-10-04	
李茂	obscure	2026-10-04	
根据敌方	phrase	2026-10-04	
模子手艺	junk	2026-10-04	
气采样器	fragment	2026-10-04	
水泼	phrase	2026-10-04	
江市人民	fragment	2026-10-04	
润弘制药	obscure	2026-10-04	
炼妖	obscure	2026-10-04	
煞南时冲	junk	2026-10-04	
爱莎	obscure	2026-10-04	
碳脚印	junk	2026-10-04	
自从立异	junk	2026-10-04	
袁晓	obscure	2026-10-04	
请咨询医	fragment	2026-10-04	
贝齐	obscure	2026-10-04	
里捡	fragment	2026-10-04	
长带队	fragment	2026-10-04	
长阮	fragment	2026-10-04	
霜华	obscure	2026-10-04	
鞋踩	fragment	2026-10-04	
馨仪	obscure	2026-10-04	
业和现代	fragment	2026-10-04	
予以退	fragment	2026-10-04	
于维护和	fragment	2026-10-04	
众参与度	fragment	2026-10-04	
傅涛	obscure	2026-10-04	
先在手机	phrase	2026-10-04	
共有十	fragment	2026-10-04	
冯晓	obscure	2026-10-04	
出货量达	fragment	2026-10-04	
券发放	fragment	2026-10-04	
名仕	obscure	2026-10-04	
吴泽	obscure	2026-10-04	
堡直播	fragment	2026-10-04	
壹号院	obscure	2026-10-04	
大规模采	fragment	2026-10-04	
婚配度	phrase	2026-10-04	
宗朝	obscure	2026-10-04	
宽温工作	phrase	2026-10-04	
小时预定	phrase	2026-10-04	
州文旅	fragment	2026-10-04	
已达到国	fragment	2026-10-04	
师父说	phrase	2026-10-04	
广州豹	fragment	2026-10-04	
护等工作	fragment	2026-10-04	
捷克防线	phrase	2026-10-04	
时长通常	phrase	2026-10-04	
晓鹏	obscure	2026-10-04	
次晋级	fragment	2026-10-04	
江为止	fragment	2026-10-04	
汪海	obscure	2026-10-04	
燕玲	obscure	2026-10-04	
牛牛家居	obscure	2026-10-04	
病感染	fragment	2026-10-04	
皆悉	obscure	2026-10-04	
粉饰设想	junk	2026-10-04	
绋冲	junk	2026-10-04	
胎价格	fragment	2026-10-04	
舔蛋	junk	2026-10-04	
苏州纳磐	obscure	2026-10-04	
董事长宋	fragment	2026-10-04	
诚邀您参	fragment	2026-10-04	
诺怀软件	obscure	2026-10-04	
负载场景	phrase	2026-10-04	
逸凡	obscure	2026-10-04	
部官员	fragment	2026-10-04	
量明显增	fragment	2026-10-04	
铜铸	obscure	2026-10-04	
队后卫	fragment	2026-10-04	
阿芙	obscure	2026-10-04	
雷萨	obscure	2026-10-04	
青衍	obscure	2026-10-04	
首发判断	junk	2026-10-04	
马苏亚库	obscure	2026-10-04	
骚劲	obscure	2026-10-04	
鹿泽笔记	obscure	2026-10-04	
九梦仙域	obscure	2026-10-04	
九游平台	junk	2026-10-04	
伯府	obscure	2026-10-04	
像被人	fragment	2026-10-04	
典礼感	junk	2026-10-04	
及时启动	phrase	2026-10-04	
各级管理	phrase	2026-10-04	
含铜	obscure	2026-10-04	
商齐聚	fragment	2026-10-04	
委十三届	fragment	2026-10-04	
姜晓	obscure	2026-10-04	
小蔓	obscure	2026-10-04	
州货运	fragment	2026-10-04	
市党政	fragment	2026-10-04	
师生赴	fragment	2026-10-04	
师范生教	fragment	2026-10-04	
年在招	fragment	2026-10-04	
广濑	obscure	2026-10-04	
庞峥麟	obscure	2026-10-04	
康普森	obscure	2026-10-04	
建议在选	fragment	2026-10-04	
德昭	obscure	2026-10-04	
性及耐	fragment	2026-10-04	
性而受到	fragment	2026-10-04	
恒美智造	obscure	2026-10-04	
慧怡	obscure	2026-10-04	
执行统一	phrase	2026-10-04	
拆修气概	junk	2026-10-04	
支持跨集	fragment	2026-10-04	
朱凤	obscure	2026-10-04	
杈惧	junk	2026-10-04	
李悦	obscure	2026-10-04	
正手质量	junk	2026-10-04	
沃夫	obscure	2026-10-04	
沈墨	obscure	2026-10-04	
物业之家	phrase	2026-10-04	
物和动物	fragment	2026-10-04	
特斯拉股	fragment	2026-10-04	
理与资源	fragment	2026-10-04	
病医院哪	fragment	2026-10-04	
神赐	obscure	2026-10-04	
粽香	obscure	2026-10-04	
级重点中	fragment	2026-10-04	
耀铭	obscure	2026-10-04	
膜滤芯	fragment	2026-10-04	
臻彩	obscure	2026-10-04	
苏铭	obscure	2026-10-04	
货币生态	phrase	2026-10-04	
道通畅	fragment	2026-10-04	
鑫配资	junk	2026-10-04	
队拿下	phrase	2026-10-04	
阿赫	obscure	2026-10-04	
顿直播	fragment	2026-10-04	
高层室第	junk	2026-10-04	
魔纹	obscure	2026-10-04	
默主哥耶	obscure	2026-10-04	
东谈主士	junk	2026-10-04	
主板行业	junk	2026-10-04	
伊迪	obscure	2026-10-04	
使用欧意	junk	2026-10-04	
分歧业业	junk	2026-10-04	
办法执行	phrase	2026-10-04	
区和国家	fragment	2026-10-04	
卫莱	obscure	2026-10-04	
厂是一家	fragment	2026-10-04	
员都能够	fragment	2026-10-04	
国骅	obscure	2026-10-04	
夏未央	obscure	2026-10-04	
委十一届	fragment	2026-10-04	
应如实	phrase	2026-10-04	
座性格	fragment	2026-10-04	
开元网页	junk	2026-10-04	
想像中	phrase	2026-10-04	
料加工厂	fragment	2026-10-04	
新坐区	junk	2026-10-04	
易美迅	obscure	2026-10-04	
朱玉	obscure	2026-10-04	
桥桥	obscure	2026-10-04	
横川崎	fragment	2026-10-04	
欣灵电气	obscure	2026-10-04	
沈怀	obscure	2026-10-04	
沉点行业	junk	2026-10-04	
治具厂	obscure	2026-10-04	
洛尘	obscure	2026-10-04	
物排放量	fragment	2026-10-04	
王悦	obscure	2026-10-04	
用各种技	fragment	2026-10-04	
疾病防止	typo	2026-10-04	
示了一种	fragment	2026-10-04	
税金额	fragment	2026-10-04	
第玖	obscure	2026-10-04	
罗娃	obscure	2026-10-04	
羊小咩	obscure	2026-10-04	
脂润滑	fragment	2026-10-04	
蝶板	obscure	2026-10-04	
衆生	typo	2026-10-04	
裂等问题	fragment	2026-10-04	
规范化运	fragment	2026-10-04	
设置有第	fragment	2026-10-04	
请务必遵	fragment	2026-10-04	
财产集聚	junk	2026-10-04	
鄱湖人家	obscure	2026-10-04	
里捞	fragment	2026-10-04	
量显著增	fragment	2026-10-04	
长邵	fragment	2026-10-04	
青科大字	junk	2026-10-04	
万霖家庭	junk	2026-10-04	
中药药	fragment	2026-10-04	
主要考查	phrase	2026-10-04	
事候选人	fragment	2026-10-04	
优术网络	obscure	2026-10-04	
凯润信用	obscure	2026-10-04	
到更多优	fragment	2026-10-04	
力和适应	fragment	2026-10-04	
吴冠	obscure	2026-10-04	
员和企业	fragment	2026-10-04	
器及配件	fragment	2026-10-04	
度和竞争	fragment	2026-10-04	
建建师	junk	2026-10-04	
快速回复	phrase	2026-10-04	
性淋巴瘤	fragment	2026-10-04	
扫舍	obscure	2026-10-04	
敏传感器	fragment	2026-10-04	
时长控制	phrase	2026-10-04	
星宝数码	obscure	2026-10-04	
景花园	fragment	2026-10-04	
欧意官网	junk	2026-10-04	
沐风	obscure	2026-10-04	
泵泵	obscure	2026-10-04	
灵魔女	obscure	2026-10-04	
猫屋	obscure	2026-10-04	
电科太极	obscure	2026-10-04	
稠密型	phrase	2026-10-04	
绿瓶	obscure	2026-10-04	
肥穴	junk	2026-10-04	
莱塔	obscure	2026-10-04	
论坛和社	fragment	2026-10-04	
设备与工	fragment	2026-10-04	
调节方法	phrase	2026-10-04	
质检部门	phrase	2026-10-04	
辉先生	fragment	2026-10-04	
辖区各	fragment	2026-10-04	
达邮轮	fragment	2026-10-04	
量占全国	fragment	2026-10-04	
鳌游水族	obscure	2026-10-04	
一场兼具	phrase	2026-10-04	
上海市医	fragment	2026-10-04	
下一代电	fragment	2026-10-04	
中国乐鱼	junk	2026-10-04	
中获得优	fragment	2026-10-04	
丽芳	obscure	2026-10-04	
买了几	phrase	2026-10-04	
今期特码	junk	2026-10-04	
任祯	obscure	2026-10-04	
做为一家	typo	2026-10-04	
冠珠	obscure	2026-10-04	
刘长青	obscure	2026-10-04	
创重生态	junk	2026-10-04	
区别辨识	phrase	2026-10-04	
区朝阳	fragment	2026-10-04	
南省交通	fragment	2026-10-04	
即时沟通	phrase	2026-10-04	
厅鲲泰	junk	2026-10-04	
告诉你哪	fragment	2026-10-04	
国度一级	junk	2026-10-04	
夕瑟	obscure	2026-10-04	
妄爷	obscure	2026-10-04	
姜云	obscure	2026-10-04	
嫩乳	junk	2026-10-04	
实用步骤	phrase	2026-10-04	
实践参考	phrase	2026-10-04	
家院子	phrase	2026-10-04	
希娅莉丝	obscure	2026-10-04	
帕塔	obscure	2026-10-04	
式发送至	fragment	2026-10-04	
式集装箱	fragment	2026-10-04	
德必集团	obscure	2026-10-04	
性能和优	fragment	2026-10-04	
悦芹	obscure	2026-10-04	
意甲集锦	phrase	2026-10-04	
控制在极	fragment	2026-10-04	
整治步履	junk	2026-10-04	
斐斋	obscure	2026-10-04	
智成电子	obscure	2026-10-04	
机加长臂	fragment	2026-10-04	
林楠	obscure	2026-10-04	
林莉	obscure	2026-10-04	
楚凡	obscure	2026-10-04	
湘萍	obscure	2026-10-04	
烟感出口	fragment	2026-10-04	
猪羊	phrase	2026-10-04	
王戟	obscure	2026-10-04	
精拆房	obscure	2026-10-04	
级粉碎	fragment	2026-10-04	
臻科生物	obscure	2026-10-04	
词收录	fragment	2026-10-04	
试不合格	fragment	2026-10-04	
赛拓星眸	obscure	2026-10-04	
量和成本	fragment	2026-10-04	
阴萌	obscure	2026-10-04	
雌穴	junk	2026-10-04	
飞机之家	obscure	2026-10-04	
驭动力	obscure	2026-10-04	
黄令曼	obscure	2026-10-04	
上海仁	fragment	2026-10-04	
世界杯乌	fragment	2026-10-04	
二手货架	phrase	2026-10-04	
于中高端	fragment	2026-10-04	
伊塞	obscure	2026-10-04	
余株	obscure	2026-10-04	
供给单位	phrase	2026-10-04	
個人	typo	2026-10-04	
值高于	fragment	2026-10-04	
刘旭	obscure	2026-10-04	
区政协十	fragment	2026-10-04	
南宁品正	obscure	2026-10-04	
及其配件	phrase	2026-10-04	
吉克家具	obscure	2026-10-04	
员共同参	fragment	2026-10-04	
味辛	phrase	2026-10-04	
土淘网	obscure	2026-10-04	
外型尺寸	phrase	2026-10-04	
委书记孙	fragment	2026-10-04	
守护辖区	phrase	2026-10-04	
实在办事	junk	2026-10-04	
寝取	obscure	2026-10-04	
尚优公考	obscure	2026-10-04	
州区人民	fragment	2026-10-04	
州等城市	fragment	2026-10-04	
州高铁	fragment	2026-10-04	
市各县	fragment	2026-10-04	
开幕式暨	fragment	2026-10-04	
式水箱	fragment	2026-10-04	
徐辉	obscure	2026-10-04	
提供最适	fragment	2026-10-04	
时也能保	fragment	2026-10-04	
李祥	obscure	2026-10-04	
林玲	obscure	2026-10-04	
次访问时	fragment	2026-10-04	
洗沐	obscure	2026-10-04	
版三国	fragment	2026-10-04	
率有多大	fragment	2026-10-04	
睿思	obscure	2026-10-04	
砚洲	obscure	2026-10-04	
砺剑	obscure	2026-10-04	
科宁生物	obscure	2026-10-04	
程透明化	fragment	2026-10-04	
臣闻	obscure	2026-10-04	
自动关阀	phrase	2026-10-04	
船舶与海	fragment	2026-10-04	
西安冷库	fragment	2026-10-04	
证扫描件	fragment	2026-10-04	
赛即将开	fragment	2026-10-04	
走时检测	phrase	2026-10-04	
迦罗	obscure	2026-10-04	
适合逃求	junk	2026-10-04	
邮币交易	obscure	2026-10-04	
金斧	obscure	2026-10-04	
钰慧	obscure	2026-10-04	
长度达	phrase	2026-10-04	
问学植入	junk	2026-10-04	
陈欣	obscure	2026-10-04	
险与挑战	fragment	2026-10-04	
鼎冠	obscure	2026-10-04	
龙殿	obscure	2026-10-04	
七星配资	junk	2026-10-04	
万甚至上	fragment	2026-10-04	
三届世界	fragment	2026-10-04	
上半年财	fragment	2026-10-04	
位师兄	fragment	2026-10-04	
元本设计	junk	2026-10-04	
入门到高	fragment	2026-10-04	
全自动封	fragment	2026-10-04	
公司深知	phrase	2026-10-04	
力和比赛	fragment	2026-10-04	
势与发展	fragment	2026-10-04	
化和工业	fragment	2026-10-04	
医谷网	obscure	2026-10-04	
后走时	fragment	2026-10-04	
告急呼叫	junk	2026-10-04	
图尔大学	obscure	2026-10-04	
型母线槽	fragment	2026-10-04	
型潜水	fragment	2026-10-04	
埃德松	obscure	2026-10-04	
基础到高	fragment	2026-10-04	
多媒体展	fragment	2026-10-04	
大攻坚战	fragment	2026-10-04	
家企业获	fragment	2026-10-04	
导致走时	phrase	2026-10-04	
币计价	phrase	2026-10-04	
市向阳区	fragment	2026-10-04	
式直流电	fragment	2026-10-04	
当我们回	fragment	2026-10-04	
徐州道闸	obscure	2026-10-04	
德元年	fragment	2026-10-04	
德蒙福	fragment	2026-10-04	
怀庄酒	obscure	2026-10-04	
戈德	obscure	2026-10-04	
成立了专	fragment	2026-10-04	
护劳动者	fragment	2026-10-04	
控制和调	fragment	2026-10-04	
操作简易	phrase	2026-10-04	
星骸	obscure	2026-10-04	
机编码器	fragment	2026-10-04	
林卿	obscure	2026-10-04	
柏青	obscure	2026-10-04	
格雷罗	obscure	2026-10-04	
氟唑帕利	obscure	2026-10-04	
泡孔	phrase	2026-10-04	
生成最优	phrase	2026-10-04	
由北京中	fragment	2026-10-04	
电影院于	fragment	2026-10-04	
病康复	fragment	2026-10-04	
省各市	fragment	2026-10-04	
石堡	obscure	2026-10-04	
码填写	fragment	2026-10-04	
粉饰企业	junk	2026-10-04	
胡玉	obscure	2026-10-04	
花四件套	fragment	2026-10-04	
茅五	obscure	2026-10-04	
蓝湾	obscure	2026-10-04	
薛紫夜	obscure	2026-10-04	
解和分析	fragment	2026-10-04	
达成一项	phrase	2026-10-04	
进出口食	fragment	2026-10-04	
进建教育	junk	2026-10-04	
酸合成	fragment	2026-10-04	
锁锁芯	fragment	2026-10-04	
长郝	fragment	2026-10-04	
阎歆怡	obscure	2026-10-04	
院院长陈	fragment	2026-10-04	
高端油压	phrase	2026-10-04	
鸢荀	obscure	2026-10-04	
麦氪派	obscure	2026-10-04	
下饭纯享	junk	2026-10-04	
优先考察	phrase	2026-10-04	
伟伦	obscure	2026-10-04	
作出判断	phrase	2026-10-04	
依赖边路	phrase	2026-10-04	
先检查电	fragment	2026-10-04	
减少振动	phrase	2026-10-04	
剂浓度	fragment	2026-10-04	
叁次	typo	2026-10-04	
取从动化	junk	2026-10-04	
古伊里	obscure	2026-10-04	
吃了几	phrase	2026-10-04	
吉泽	obscure	2026-10-04	
吴迪	obscure	2026-10-04	
喔刷	obscure	2026-10-04	
器上进行	fragment	2026-10-04	
器是利用	fragment	2026-10-04	
坐蓐	obscure	2026-10-04	
妹相随	fragment	2026-10-04	
实战工坊	phrase	2026-10-04	
审通过后	fragment	2026-10-04	
尚赫	obscure	2026-10-04	
山区委	fragment	2026-10-04	
帕洛	obscure	2026-10-04	
度和色彩	fragment	2026-10-04	
张孝	obscure	2026-10-04	
徐佳	obscure	2026-10-04	
性蛋白酶	fragment	2026-10-04	
房网签	fragment	2026-10-04	
招唿	typo	2026-10-04	
斯潘	obscure	2026-10-04	
月新发布	fragment	2026-10-04	
本规定第	fragment	2026-10-04	
李鑫	obscure	2026-10-04	
杭州舜海	obscure	2026-10-04	
欧艺资讯	junk	2026-10-04	
江枫	obscure	2026-10-04	
流程简洁	phrase	2026-10-04	
渡镇	fragment	2026-10-04	
温州怡合	obscure	2026-10-04	
温性能和	fragment	2026-10-04	
滕斯	obscure	2026-10-04	
瀹朵	junk	2026-10-04	
率可提升	fragment	2026-10-04	
现实利用	phrase	2026-10-04	
玻汾	obscure	2026-10-04	
由多名	phrase	2026-10-04	
码领取	phrase	2026-10-04	
稳步提拔	junk	2026-10-04	
置不正确	fragment	2026-10-04	
自定义编	fragment	2026-10-04	
董事长余	fragment	2026-10-04	
蛇猴	obscure	2026-10-04	
补葺	obscure	2026-10-04	
询比公告	obscure	2026-10-04	
语义算法	phrase	2026-10-04	
语和英语	fragment	2026-10-04	
豪配资	junk	2026-10-04	
赫蒂	obscure	2026-10-04	
辟谣侠	obscure	2026-10-04	
进了一步	phrase	2026-10-04	
酸脱氢酶	fragment	2026-10-04	
量和尺寸	fragment	2026-10-04	
金鹭	obscure	2026-10-04	
陈锦	obscure	2026-10-04	
韩青霜	obscure	2026-10-04	
频变压器	fragment	2026-10-04	
鸣叫特征	phrase	2026-10-04	
鼎凯网络	obscure	2026-10-04	
一下子变	fragment	2026-10-04	
一鼎盈	obscure	2026-10-04	
中超集锦	phrase	2026-10-04	
亿新台币	phrase	2026-10-04	
信建处	fragment	2026-10-04	
力和创意	fragment	2026-10-04	
力集中于	fragment	2026-10-04	
动时自动	fragment	2026-10-04	
卉宜	obscure	2026-10-04	
南锡一大	fragment	2026-10-04	
叶修羽	obscure	2026-10-04	
器灵敏度	fragment	2026-10-04	
型打法	fragment	2026-10-04	
塔玛	obscure	2026-10-04	
姜媚	obscure	2026-10-04	
宏峰	obscure	2026-10-04	
宝宝喝	phrase	2026-10-04	
实践来看	phrase	2026-10-04	
局供图	fragment	2026-10-04	
局日前	fragment	2026-10-04	
岚娅	obscure	2026-10-04	
州公积金	fragment	2026-10-04	
度也较	fragment	2026-10-04	
度和销售	fragment	2026-10-04	
开发与运	fragment	2026-10-04	
性和生物	fragment	2026-10-04	
愈加沉视	junk	2026-10-04	
文客中文	junk	2026-10-04	
斯廷	obscure	2026-10-04	
晓丹	obscure	2026-10-04	
杨烁	obscure	2026-10-04	
法甲集锦	phrase	2026-10-04	
濂界	junk	2026-10-04	
牢平安	junk	2026-10-04	
玉杰	obscure	2026-10-04	
理念与实	fragment	2026-10-04	
男女士	phrase	2026-10-04	
监会批准	fragment	2026-10-04	
直属网点	phrase	2026-10-04	
米蒂	obscure	2026-10-04	
缇娜	obscure	2026-10-04	
罗马二大	obscure	2026-10-04	
芬克	obscure	2026-10-04	
萧玉	obscure	2026-10-04	
请提前预	fragment	2026-10-04	
费成功后	fragment	2026-10-04	
长王文	fragment	2026-10-04	
阀打开	phrase	2026-10-04	
需定期清	fragment	2026-10-04	
鞋子女	phrase	2026-10-04	
额是多少	fragment	2026-10-04	
于为各类	fragment	2026-10-04	
于婴幼儿	fragment	2026-10-04	
充满了欢	fragment	2026-10-04	
全栈方案	phrase	2026-10-04	
冯志	obscure	2026-10-04	
出一个既	fragment	2026-10-04	
到路边	phrase	2026-10-04	
到韩语	fragment	2026-10-04	
力与品牌	fragment	2026-10-04	
半岛全站	junk	2026-10-04	
华翔	obscure	2026-10-04	
厨房卫士	obscure	2026-10-04	
取到更多	fragment	2026-10-04	
取栖身	junk	2026-10-04	
叶子萱	obscure	2026-10-04	
合肥市第	fragment	2026-10-04	
合计达	phrase	2026-10-04	
合金表面	phrase	2026-10-04	
吨以下	phrase	2026-10-04	
吴倩	obscure	2026-10-04	
员克服	fragment	2026-10-04	
器及电	fragment	2026-10-04	
器或电	fragment	2026-10-04	
境中寻找	phrase	2026-10-04	
天津市津	fragment	2026-10-04	
委书记郭	fragment	2026-10-04	
姹借溅	junk	2026-10-04	
威将军	obscure	2026-10-04	
孙伟	obscure	2026-10-04	
孝王	obscure	2026-10-04	
守护青	fragment	2026-10-04	
寺镇	fragment	2026-10-04	
尊重和保	fragment	2026-10-04	
差范围内	fragment	2026-10-04	
师及以上	fragment	2026-10-04	
度计测量	fragment	2026-10-04	
式洗衣机	fragment	2026-10-04	
性和精度	fragment	2026-10-04	
性测试法	fragment	2026-10-04	
性生殖道	fragment	2026-10-04	
总经理蔡	fragment	2026-10-04	
惠川数控	obscure	2026-10-04	
手段来提	fragment	2026-10-04	
投标人需	phrase	2026-10-04	
按照分歧	junk	2026-10-04	
振刀	obscure	2026-10-04	
教学与实	fragment	2026-10-04	
教授讲	fragment	2026-10-04	
晓冬	obscure	2026-10-04	
月生带	fragment	2026-10-04	
机关立案	phrase	2026-10-04	
权行使	fragment	2026-10-04	
染等问题	fragment	2026-10-04	
涤纶有色	fragment	2026-10-04	
温妤	obscure	2026-10-04	
焕新颜	phrase	2026-10-04	
熊凤幻	obscure	2026-10-04	
登陆平台	typo	2026-10-04	
百瑞至诚	obscure	2026-10-04	
盛世华	fragment	2026-10-04	
直到今年	phrase	2026-10-04	
研究员李	fragment	2026-10-04	
神大人	obscure	2026-10-04	
签到领	fragment	2026-10-04	
级画质	fragment	2026-10-04	
经过了精	fragment	2026-10-04	
罗娜	obscure	2026-10-04	
美丽城市	phrase	2026-10-04	
肖弥	obscure	2026-10-04	
苏念荷	obscure	2026-10-04	
苏莫	obscure	2026-10-04	
订做厂家	phrase	2026-10-04	
赛斩获	fragment	2026-10-04	
赵佳	obscure	2026-10-04	
量减小	fragment	2026-10-04	
长李明	fragment	2026-10-04	
队控球	fragment	2026-10-04	
陈炜	obscure	2026-10-04	
需要逐一	phrase	2026-10-04	
业除湿机	fragment	2026-10-04	
中海大境	obscure	2026-10-04	
中能魔力	junk	2026-10-04	
于吉林省	fragment	2026-10-04	
于平均值	phrase	2026-10-04	
亭镇	fragment	2026-10-04	
亲自试	fragment	2026-10-04	
优先参考	phrase	2026-10-04	
伟出席	phrase	2026-10-04	
作出承诺	phrase	2026-10-04	
先核实	phrase	2026-10-04	
入到网站	fragment	2026-10-04	
全天候监	fragment	2026-10-04	
利物浦球	fragment	2026-10-04	
力和财力	fragment	2026-10-04	
合行业特	fragment	2026-10-04	
周霁	obscure	2026-10-04	
品包装盒	fragment	2026-10-04	
嘉宁	obscure	2026-10-04	
器主要由	fragment	2026-10-04	
器设备及	fragment	2026-10-04	
娓革	junk	2026-10-04	
室从任	fragment	2026-10-04	
山市政府	fragment	2026-10-04	
岑莺	obscure	2026-10-04	
工做流程	typo	2026-10-04	
市场新机	phrase	2026-10-04	
师必备	fragment	2026-10-04	
慧珊	obscure	2026-10-04	
战预选	fragment	2026-10-04	
技师进行	phrase	2026-10-04	
指南助您	phrase	2026-10-04	
既能保障	phrase	2026-10-04	
梨梨	obscure	2026-10-04	
油价钱	fragment	2026-10-04	
淳远物流	obscure	2026-10-04	
渔力全开	junk	2026-10-04	
然只是一	fragment	2026-10-04	
爱莉	obscure	2026-10-04	
瓦兹	obscure	2026-10-04	
看房预定	phrase	2026-10-04	
看着李	fragment	2026-10-04	
私钥存储	phrase	2026-10-04	
空放私借	junk	2026-10-04	
立异平台	junk	2026-10-04	
级骨干	fragment	2026-10-04	
绯诲	junk	2026-10-04	
置防火墙	fragment	2026-10-04	
翼旋转门	fragment	2026-10-04	
自助取	fragment	2026-10-04	
至於	obscure	2026-10-04	
莫哈	obscure	2026-10-04	
薇筠	obscure	2026-10-04	
血狼	obscure	2026-10-04	
行动暨	fragment	2026-10-04	
试等环节	fragment	2026-10-04	
该提案	phrase	2026-10-04	
载条件下	fragment	2026-10-04	
迅速作出	phrase	2026-10-04	
陆廷	obscure	2026-10-04	
陆辰	obscure	2026-10-04	
隆沉举行	junk	2026-10-04	
雨涵	obscure	2026-10-04	
面风速	fragment	2026-10-04	
马蒂纳	obscure	2026-10-04	
件来进行	fragment	2026-10-04	
伊娜	obscure	2026-10-04	
伟介绍	fragment	2026-10-04	
光绪十	fragment	2026-10-04	
公安部网	fragment	2026-10-04	
化新阶段	fragment	2026-10-04	
南宝姝	obscure	2026-10-04	
压安全阀	fragment	2026-10-04	
叶腊石	typo	2026-10-04	
器相连	fragment	2026-10-04	
园售楼处	fragment	2026-10-04	
学员完成	phrase	2026-10-04	
尘检测仪	fragment	2026-10-04	
崩壊	typo	2026-10-04	
州二手房	fragment	2026-10-04	
工做坐	junk	2026-10-04	
希尔德	obscure	2026-10-04	
张静洁	obscure	2026-10-04	
德堡大学	fragment	2026-10-04	
性高分子	fragment	2026-10-04	
总经理郭	fragment	2026-10-04	
手艺改革	junk	2026-10-04	
料生产商	fragment	2026-10-04	
斧牛	junk	2026-10-04	
方式减持	phrase	2026-10-04	
景渊	obscure	2026-10-04	
景琛	obscure	2026-10-04	
晶扬电子	obscure	2026-10-04	
机械鲁工	junk	2026-10-04	
李雯	obscure	2026-10-04	
林茂	obscure	2026-10-04	
柜一体	fragment	2026-10-04	
梵婕缇	obscure	2026-10-04	
江干流	fragment	2026-10-04	
油配方	fragment	2026-10-04	
游好去处	fragment	2026-10-04	
牌仪式暨	fragment	2026-10-04	
理学原理	phrase	2026-10-04	
盛煌	obscure	2026-10-04	
督察工作	phrase	2026-10-04	
私钥安全	phrase	2026-10-04	
精力进行	phrase	2026-10-04	
组建由	fragment	2026-10-04	
股大涨	phrase	2026-10-04	
苏价费	fragment	2026-10-04	
苏净安泰	obscure	2026-10-04	
苏埃	obscure	2026-10-04	
虎猴	junk	2026-10-04	
西宁市城	fragment	2026-10-04	
设想能力	junk	2026-10-04	
车市号	fragment	2026-10-04	
郗虎	obscure	2026-10-04	
队若想	fragment	2026-10-04	
阳市政府	fragment	2026-10-04	
阳市教育	fragment	2026-10-04	
陈叔	obscure	2026-10-04	
陈燕	obscure	2026-10-04	
隐匿于	phrase	2026-10-04	
饼培训	fragment	2026-10-04	
上海世通	obscure	2026-10-04	
业和金融	fragment	2026-10-04	
九爷	obscure	2026-10-04	
习结束后	fragment	2026-10-04	
于一九九	fragment	2026-10-04	
人嫌弃	phrase	2026-10-04	
健康和美	phrase	2026-10-04	
入到日常	fragment	2026-10-04	
全市食物	fragment	2026-10-04	
兴街道	fragment	2026-10-04	
冠霖	obscure	2026-10-04	
冯胜	obscure	2026-10-04	
剂灌装机	fragment	2026-10-04	
即时反应	phrase	2026-10-04	
员到现场	fragment	2026-10-04	
器和网络	fragment	2026-10-04	
器过载	fragment	2026-10-04	
园校区	fragment	2026-10-04	
处理等工	fragment	2026-10-04	
姬儿	obscure	2026-10-04	
孙琦	obscure	2026-10-04	
学校和学	fragment	2026-10-04	
学校教室	phrase	2026-10-04	
尼亚直播	fragment	2026-10-04	
屑压块机	fragment	2026-10-04	
屯区	obscure	2026-10-04	
币提现	fragment	2026-10-04	
市支行	fragment	2026-10-04	
开云手机	junk	2026-10-04	
德霍	obscure	2026-10-04	
恬逸	obscure	2026-10-04	
悠斗	obscure	2026-10-04	
报到后	phrase	2026-10-04	
提前祝	phrase	2026-10-04	
敢叫	obscure	2026-10-04	
斯在比赛	fragment	2026-10-04	
新濠	junk	2026-10-04	
无需在多	junk	2026-10-04	
暨第五届	fragment	2026-10-04	
杨泽	obscure	2026-10-04	
杯对阵	fragment	2026-10-04	
柏氏	obscure	2026-10-04	
檐上	obscure	2026-10-04	
死啦	phrase	2026-10-04	
气中含有	fragment	2026-10-04	
照护办事	junk	2026-10-04	
空间与时	fragment	2026-10-04	
经过实践	phrase	2026-10-04	
肌肌	junk	2026-10-04	
蒙小龙	obscure	2026-10-04	
运会火炬	fragment	2026-10-04	
链接形式	phrase	2026-10-04	
长闫	fragment	2026-10-04	
防弹芯片	junk	2026-10-04	
陆婉	obscure	2026-10-04	
雨彤	obscure	2026-10-04	
鞭策手艺	junk	2026-10-04	
韩莹	obscure	2026-10-04	
须上传	phrase	2026-10-04	
业为主导	fragment	2026-10-04	
业增长新	fragment	2026-10-04	
久匠	obscure	2026-10-04	
乐天堂	junk	2026-10-04	
于甘肃省	fragment	2026-10-04	
云亭	obscure	2026-10-04	
价偏高	fragment	2026-10-04	
余额达	fragment	2026-10-04	
依次完成	phrase	2026-10-04	
信达配资	junk	2026-10-04	
兔牛	junk	2026-10-04	
剂溶液	fragment	2026-10-04	
前往阿	fragment	2026-10-04	
前瞻性思	fragment	2026-10-04	
力和激情	fragment	2026-10-04	
力非常大	fragment	2026-10-04	
加强涉	fragment	2026-10-04	
务员招聘	fragment	2026-10-04	
北大道	obscure	2026-10-04	
千馀	obscure	2026-10-04	
卷圆	obscure	2026-10-04	
及以下电	fragment	2026-10-04	
合做取	junk	2026-10-04	
合同签定	typo	2026-10-04	
商和零售	fragment	2026-10-04	
器来实现	fragment	2026-10-04	
城支行	fragment	2026-10-04	
大家都认	fragment	2026-10-04	
奇特劣势	junk	2026-10-04	
威纶	obscure	2026-10-04	
娇花	obscure	2026-10-04	
实木猫	junk	2026-10-04	
小院里	phrase	2026-10-04	
小雏	obscure	2026-10-04	
尤莉	obscure	2026-10-04	
局综合司	fragment	2026-10-04	
带假人	junk	2026-10-04	
底板上	phrase	2026-10-04	
度较差	fragment	2026-10-04	
座转运	fragment	2026-10-04	
形图案	fragment	2026-10-04	
性和乐趣	fragment	2026-10-04	
性和广泛	fragment	2026-10-04	
性和艺术	fragment	2026-10-04	
成立暨	fragment	2026-10-04	
拒执	obscure	2026-10-04	
掉线掉帧	phrase	2026-10-04	
揭示了当	fragment	2026-10-04	
操做流程	typo	2026-10-04	
智能建制	junk	2026-10-04	
木花琳琳	obscure	2026-10-04	
机设置中	fragment	2026-10-04	
权拍卖	fragment	2026-10-04	
次就结束	fragment	2026-10-04	
欧易注册	junk	2026-10-04	
民健康保	fragment	2026-10-04	
水利监测	phrase	2026-10-04	
沉点使命	junk	2026-10-04	
洲等地区	fragment	2026-10-04	
浩泽	obscure	2026-10-04	
浸烫	obscure	2026-10-04	
涓洪	junk	2026-10-04	
瀹舵	junk	2026-10-04	
点和目标	fragment	2026-10-04	
点将科技	obscure	2026-10-04	
特别实用	phrase	2026-10-04	
狗鸡	junk	2026-10-04	
玄仙	obscure	2026-10-04	
率是衡量	fragment	2026-10-04	
理或更换	fragment	2026-10-04	
理难度大	fragment	2026-10-04	
直接食用	phrase	2026-10-04	
程与操作	fragment	2026-10-04	
穆斯卡特	obscure	2026-10-04	
组莅临	fragment	2026-10-04	
罗浩	obscure	2026-10-04	
苟政	obscure	2026-10-04	
萨尼	obscure	2026-10-04	
试验表明	phrase	2026-10-04	
超时未	fragment	2026-10-04	
足道水汇	junk	2026-10-04	
辊温	obscure	2026-10-04	
金波士	junk	2026-10-04	
长制工作	fragment	2026-10-04	
队并未	fragment	2026-10-04	
防治工程	phrase	2026-10-04	
陷警门	junk	2026-10-04	
隆兰	obscure	2026-10-04	
颤抖起来	phrase	2026-10-04	
驻广州	phrase	2026-10-04	
业迎来新	fragment	2026-10-04	
九游小编	junk	2026-10-04	
二次安防	junk	2026-10-04	
云南省农	fragment	2026-10-04	
人打架	fragment	2026-10-04	
仪是用于	fragment	2026-10-04	
众注意力	fragment	2026-10-04	
余种产品	fragment	2026-10-04	
值过高	fragment	2026-10-04	
做为一名	typo	2026-10-04	
做为焦点	typo	2026-10-04	
入总决赛	fragment	2026-10-04	
兰央行	fragment	2026-10-04	
内置微	fragment	2026-10-04	
刘辉	obscure	2026-10-04	
办事响应	junk	2026-10-04	
化和生态	fragment	2026-10-04	
压变频器	fragment	2026-10-04	
原理到实	fragment	2026-10-04	
参数监测	phrase	2026-10-04	
埃斯特旺	obscure	2026-10-04	
大约占	fragment	2026-10-04	
天一智诚	junk	2026-10-04	
娆惧	junk	2026-10-04	
娱乐鲲泰	junk	2026-10-04	
孟祥	obscure	2026-10-04	
岩永	obscure	2026-10-04	
建亚律师	obscure	2026-10-04	
强大且易	fragment	2026-10-04	
性与长期	fragment	2026-10-04	
性和化学	fragment	2026-10-04	
拟认定	phrase	2026-10-04	
振动棒	junk	2026-10-04	
教职工党	fragment	2026-10-04	
望月加奈	obscure	2026-10-04	
杜凯	obscure	2026-10-04	
梅努	obscure	2026-10-04	
江人才网	fragment	2026-10-04	
沥青麻	fragment	2026-10-04	
涛教授	fragment	2026-10-04	
率等因素	fragment	2026-10-04	
玉霞	obscure	2026-10-04	
现出以下	fragment	2026-10-04	
现出较高	fragment	2026-10-04	
现实痛点	phrase	2026-10-04	
申请人获	fragment	2026-10-04	
目标是打	fragment	2026-10-04	
硬度物料	junk	2026-10-04	
筱筱	obscure	2026-10-04	
签约暨	fragment	2026-10-04	
糊口体验	junk	2026-10-04	
萌叔	obscure	2026-10-04	
角洲部队	fragment	2026-10-04	
记者从国	fragment	2026-10-04	
避免因违	fragment	2026-10-04	
量等指标	fragment	2026-10-04	
铺设防	fragment	2026-10-04	
锥型	typo	2026-10-04	
长聂	fragment	2026-10-04	
闻涛	obscure	2026-10-04	
顾临奚	obscure	2026-10-04	
骞翠	junk	2026-10-04	
黄璋宝	obscure	2026-10-04	
世亚预	fragment	2026-10-04	
主任梁	fragment	2026-10-04	
人及家庭	fragment	2026-10-04	
付芹	obscure	2026-10-04	
仙凡	obscure	2026-10-04	
仪校准	fragment	2026-10-04	
价上行	fragment	2026-10-04	
俊美琪	obscure	2026-10-04	
保持阵型	phrase	2026-10-04	
出现在哪	phrase	2026-10-04	
分歧类型	junk	2026-10-04	
刘佩	obscure	2026-10-04	
华睿	obscure	2026-10-04	
南省工业	fragment	2026-10-04	
厅设想	junk	2026-10-04	
原生集成	phrase	2026-10-04	
去眼袋	phrase	2026-10-04	
叔宝	obscure	2026-10-04	
另行制定	phrase	2026-10-04	
只需一部	phrase	2026-10-04	
吐尔	obscure	2026-10-04	
周励电子	obscure	2026-10-04	
咪牌	obscure	2026-10-04	
品牌和商	fragment	2026-10-04	
嘉通集团	obscure	2026-10-04	
器上使用	fragment	2026-10-04	
回复称	phrase	2026-10-04	
国汉学家	fragment	2026-10-04	
型晶体管	fragment	2026-10-04	
埃奇库姆	obscure	2026-10-04	
多年实践	phrase	2026-10-04	
多拍相持	junk	2026-10-04	
大同师尊	junk	2026-10-04	
天天微	fragment	2026-10-04	
奥瑞	obscure	2026-10-04	
奥莉维亚	obscure	2026-10-04	
好网角	junk	2026-10-04	
存储和分	fragment	2026-10-04	
市及周边	fragment	2026-10-04	
市场承认	phrase	2026-10-04	
市第十二	fragment	2026-10-04	
庆辉	obscure	2026-10-04	
开发者必	fragment	2026-10-04	
式灭火器	fragment	2026-10-04	
忍蛙	obscure	2026-10-04	
恐惧饥饿	fragment	2026-10-04	
报歉	typo	2026-10-04	
拉长到	fragment	2026-10-04	
数据泄漏	phrase	2026-10-04	
文雯	obscure	2026-10-04	
料和产品	fragment	2026-10-04	
日常工做	typo	2026-10-04	
日正式公	fragment	2026-10-04	
昕昕	obscure	2026-10-04	
景与发展	fragment	2026-10-04	
朝聚眼科	obscure	2026-10-04	
机制造厂	fragment	2026-10-04	
李浊水	obscure	2026-10-04	
李祯	obscure	2026-10-04	
核心扶植	junk	2026-10-04	
汞等	fragment	2026-10-04	
治疗肺	fragment	2026-10-04	
洛娃	obscure	2026-10-04	
源可追溯	fragment	2026-10-04	
玛丽娜	obscure	2026-10-04	
甲积分榜	fragment	2026-10-04	
监测土壤	phrase	2026-10-04	
硬地赛场	phrase	2026-10-04	
科莱瑞迪	obscure	2026-10-04	
级重点专	fragment	2026-10-04	
考察学生	phrase	2026-10-04	
聚氨酯防	fragment	2026-10-04	
自有团队	phrase	2026-10-04	
获得即时	fragment	2026-10-04	
融合立异	junk	2026-10-04	
袁某	phrase	2026-10-04	
该如何调	fragment	2026-10-04	
语学习网	fragment	2026-10-04	
赛事中获	fragment	2026-10-04	
赵振	obscure	2026-10-04	
逝世后	phrase	2026-10-04	
量远低于	fragment	2026-10-04	
锛屾	junk	2026-10-04	
高档位	phrase	2026-10-04	
魔渊	obscure	2026-10-04	
一些已知	fragment	2026-10-04	
一次性洗	fragment	2026-10-04	
严沉影响	junk	2026-10-04	
中间阶段	phrase	2026-10-04	
井施工	fragment	2026-10-04	
交所发布	fragment	2026-10-04	
亥月	obscure	2026-10-04	
任何声明	phrase	2026-10-04	
使用前必	fragment	2026-10-04	
供给手艺	junk	2026-10-04	
先进行小	fragment	2026-10-04	
力和商业	fragment	2026-10-04	
区北部	fragment	2026-10-04	
图像模型	phrase	2026-10-04	
均质效果	phrase	2026-10-04	
垂曲行业	junk	2026-10-04	
奠基根本	junk	2026-10-04	
宇峰	obscure	2026-10-04	
局出台	fragment	2026-10-04	
已服务超	fragment	2026-10-04	
式高低温	fragment	2026-10-04	
张叔	obscure	2026-10-04	
微淘网	junk	2026-10-04	
恒盈	obscure	2026-10-04	
战术重心	phrase	2026-10-04	
手艺成熟	junk	2026-10-04	
既能降低	fragment	2026-10-04	
日盛大开	fragment	2026-10-04	
时刻出现	phrase	2026-10-04	
暨第一次	fragment	2026-10-04	
木质材料	phrase	2026-10-04	
林鹿	obscure	2026-10-04	
汝愚	obscure	2026-10-04	
江流量卡	fragment	2026-10-04	
沉点城市	junk	2026-10-04	
深化整治	phrase	2026-10-04	
温状态下	fragment	2026-10-04	
温瑞博	obscure	2026-10-04	
热情和创	fragment	2026-10-04	
牛鼠	junk	2026-10-04	
猪蛇	junk	2026-10-04	
现将拟	fragment	2026-10-04	
皮尔兹	obscure	2026-10-04	
直线加电	fragment	2026-10-04	
省中部	fragment	2026-10-04	
磁磁选机	fragment	2026-10-04	
社援引	fragment	2026-10-04	
签订了合	fragment	2026-10-04	
类专业教	fragment	2026-10-04	
素检测仪	fragment	2026-10-04	
舞大赛	fragment	2026-10-04	
营养成份	typo	2026-10-04	
警示浮标	phrase	2026-10-04	
设计师必	fragment	2026-10-04	
该如何维	fragment	2026-10-04	
误等问题	fragment	2026-10-04	
赵浩	obscure	2026-10-04	
适合重视	junk	2026-10-04	
选型失误	phrase	2026-10-04	
通换向阀	fragment	2026-10-04	
铸魂强	fragment	2026-10-04	
锅炒	obscure	2026-10-04	
长王晓	fragment	2026-10-04	
陈昌	obscure	2026-10-04	
陈琦	obscure	2026-10-04	
霄龙	obscure	2026-10-04	
静雯	obscure	2026-10-04	
鼠蛇	junk	2026-10-04	
一种免疫	fragment	2026-10-04	
业构建高	fragment	2026-10-04	
主义艺术	phrase	2026-10-04	
值不低于	fragment	2026-10-04	
入口通常	phrase	2026-10-04	
兰语翻译	fragment	2026-10-04	
冯玉	obscure	2026-10-04	
到终场	phrase	2026-10-04	
力和决策	fragment	2026-10-04	
力和资金	fragment	2026-10-04	
励展华博	obscure	2026-10-04	
势和技术	fragment	2026-10-04	
卫生间隔	fragment	2026-10-04	
压不稳定	fragment	2026-10-04	
各种经典	phrase	2026-10-04	
听澜	obscure	2026-10-04	
周二至周	fragment	2026-10-04	
品牌直属	phrase	2026-10-04	
商业提案	phrase	2026-10-04	
场上保持	phrase	2026-10-04	
坪乡	obscure	2026-10-04	
境中依然	fragment	2026-10-04	
夏夏子	junk	2026-10-04	
夏宇	obscure	2026-10-04	
大家都听	fragment	2026-10-04	
失去了信	fragment	2026-10-04	
履职事项	phrase	2026-10-04	
市第十四	fragment	2026-10-04	
彻底封	fragment	2026-10-04	
方案与实	fragment	2026-10-04	
既是对自	fragment	2026-10-04	
晓姿	obscure	2026-10-04	
本义指	phrase	2026-10-04	
权限冗余	phrase	2026-10-04	
李志然	obscure	2026-10-04	
梦琪	obscure	2026-10-04	
气管线	fragment	2026-10-04	
沉浸式音	fragment	2026-10-04	
洛夫斯基	fragment	2026-10-04	
洪武十	fragment	2026-10-04	
涓诲	junk	2026-10-04	
温颂	obscure	2026-10-04	
湖南省湘	fragment	2026-10-04	
溪乡	obscure	2026-10-04	
潭镇	fragment	2026-10-04	
狗牛	junk	2026-10-04	
猴猪	junk	2026-10-04	
王怡	obscure	2026-10-04	
理流程及	fragment	2026-10-04	
用防爆电	fragment	2026-10-04	
病死亡	phrase	2026-10-04	
病等疾病	fragment	2026-10-04	
直各部门	fragment	2026-10-04	
研究员张	fragment	2026-10-04	
科创芯片	phrase	2026-10-04	
精神和创	fragment	2026-10-04	
素钠	fragment	2026-10-04	
线上预定	phrase	2026-10-04	
胖鲸	obscure	2026-10-04	
胺酸	obscure	2026-10-04	
艺术与文	fragment	2026-10-04	
蛇猪	junk	2026-10-04	
诗雨	obscure	2026-10-04	
进门先	fragment	2026-10-04	
队抵达	fragment	2026-10-04	
阿玛德	obscure	2026-10-04	
需耗费	phrase	2026-10-04	
青岛泓灼	obscure	2026-10-04	
马启代	obscure	2026-10-04	
魏致	obscure	2026-10-04	
魏鸿晏	obscure	2026-10-04	
魔忍君	junk	2026-10-04	
龙华汇	obscure	2026-10-04	
龙猴	junk	2026-10-04	
专利手艺	junk	2026-10-04	
业和建筑	fragment	2026-10-04	
业迈向新	fragment	2026-10-04	
乐天使	junk	2026-10-04	
亦须	phrase	2026-10-04	
亿元回购	phrase	2026-10-04	
俱胝	obscure	2026-10-04	
充满了浓	fragment	2026-10-04	
具备多重	phrase	2026-10-04	
兼具防	fragment	2026-10-04	
创作实践	phrase	2026-10-04	
删除旧	fragment	2026-10-04	
剂疫苗	fragment	2026-10-04	
剑刺	obscure	2026-10-04	
功能堆砌	phrase	2026-10-04	
区信访	fragment	2026-10-04	
华亿平台	junk	2026-10-04	
卸过程中	fragment	2026-10-04	
及应对方	fragment	2026-10-04	
及调校	fragment	2026-10-04	
双兴五金	obscure	2026-10-04	
只有一两	phrase	2026-10-04	
叫沈	fragment	2026-10-04	
同一办理	junk	2026-10-04	
吴佳	obscure	2026-10-04	
型数据集	fragment	2026-10-04	
城市糊口	junk	2026-10-04	
填写以下	phrase	2026-10-04	
大要率	junk	2026-10-04	
姜琳	obscure	2026-10-04	
室环境中	fragment	2026-10-04	
封海郡	obscure	2026-10-04	
工做方案	typo	2026-10-04	
已升至	phrase	2026-10-04	
帕纳里岛	obscure	2026-10-04	
度限值	fragment	2026-10-04	
式热电偶	fragment	2026-10-04	
微型气	fragment	2026-10-04	
恶兽	obscure	2026-10-04	
房卫生间	fragment	2026-10-04	
房源设有	phrase	2026-10-04	
政等部门	fragment	2026-10-04	
智启未来	phrase	2026-10-04	
朝辉	obscure	2026-10-04	
李虹	obscure	2026-10-04	
杞藉	junk	2026-10-04	
杨凌农	fragment	2026-10-04	
查和分析	fragment	2026-10-04	
橡皮人网	junk	2026-10-04	
气和信心	fragment	2026-10-04	
沈佳	obscure	2026-10-04	
深度揭秘	phrase	2026-10-04	
潘德	obscure	2026-10-04	
瀵艰	junk	2026-10-04	
狗蛇	junk	2026-10-04	
王沛	obscure	2026-10-04	
王萍	obscure	2026-10-04	
由开辟商	junk	2026-10-04	
盛典暨	fragment	2026-10-04	
示了当前	fragment	2026-10-04	
箱外壳	fragment	2026-10-04	
箱箱体	fragment	2026-10-04	
绍宋	obscure	2026-10-04	
美福国际	obscure	2026-10-04	
胜游数码	junk	2026-10-04	
视线里	phrase	2026-10-04	
请务必保	fragment	2026-10-04	
贾德	obscure	2026-10-04	
赵庆	obscure	2026-10-04	
赵锐	obscure	2026-10-04	
连结不变	junk	2026-10-04	
送等工作	fragment	2026-10-04	
邮寄两种	fragment	2026-10-04	
里打工	fragment	2026-10-04	
重拾幸福	phrase	2026-10-04	
阀开启	fragment	2026-10-04	
阿莉	obscure	2026-10-04	
隆威	obscure	2026-10-04	
额不少于	fragment	2026-10-04	
马兹	obscure	2026-10-04	
骞达	junk	2026-10-04	
鸟栖	obscure	2026-10-04	
一级天分	junk	2026-10-04	
万人次参	fragment	2026-10-04	
业或相关	fragment	2026-10-04	
业登记证	fragment	2026-10-04	
主任曹	fragment	2026-10-04	
人制板	fragment	2026-10-04	
作出合理	phrase	2026-10-04	
做为合肥	typo	2026-10-04	
刘剑	obscure	2026-10-04	
刘昌	obscure	2026-10-04	
初期火灾	phrase	2026-10-04	
化海潮	fragment	2026-10-04	
南省高校	fragment	2026-10-04	
压状态下	fragment	2026-10-04	
发展和民	fragment	2026-10-04	
叶无缺	obscure	2026-10-04	
各项工做	typo	2026-10-04	
品中含有	fragment	2026-10-04	
唐杰	obscure	2026-10-04	
图标显示	phrase	2026-10-04	
基于大量	phrase	2026-10-04	
基质中	phrase	2026-10-04	
委会负责	fragment	2026-10-04	
室主任张	fragment	2026-10-04	
币界网	junk	2026-10-04	
市第六届	fragment	2026-10-04	
市级科技	phrase	2026-10-04	
式电磁阀	fragment	2026-10-04	
张继雄	obscure	2026-10-04	
性与艺术	fragment	2026-10-04	
性等指标	fragment	2026-10-04	
性等特性	fragment	2026-10-04	
成立食物	junk	2026-10-04	
护等服务	fragment	2026-10-04	
拥有资深	phrase	2026-10-04	
挨操	junk	2026-10-04	
斗剑	obscure	2026-10-04	
昉卫	junk	2026-10-04	
朵滑	junk	2026-10-04	
李仕安	obscure	2026-10-04	
李沅	obscure	2026-10-04	
杨浩	obscure	2026-10-04	
柳依依	obscure	2026-10-04	
次登录时	fragment	2026-10-04	
永乐高	junk	2026-10-04	
江区高端	fragment	2026-10-04	
汪辉	obscure	2026-10-04	
沉浸式演	fragment	2026-10-04	
浙江省医	fragment	2026-10-04	
海地防线	fragment	2026-10-04	
消息公示	phrase	2026-10-04	
游界书城	junk	2026-10-04	
王婷	obscure	2026-10-04	
王茅	obscure	2026-10-04	
玖章	obscure	2026-10-04	
病治疗中	fragment	2026-10-04	
看似坚	fragment	2026-10-04	
石开采	fragment	2026-10-04	
神陨	obscure	2026-10-04	
秸杆	typo	2026-10-04	
简颐君	obscure	2026-10-04	
膏是一种	fragment	2026-10-04	
自行车骑	fragment	2026-10-04	
艳姐	obscure	2026-10-04	
苏晨	obscure	2026-10-04	
蕴藏着无	fragment	2026-10-04	
虹谱光色	obscure	2026-10-04	
观网发布	junk	2026-10-04	
试时间及	fragment	2026-10-04	
语能力考	fragment	2026-10-04	
质上来说	fragment	2026-10-04	
资本劣势	junk	2026-10-04	
路亚丽	obscure	2026-10-04	
轴伺服	fragment	2026-10-04	
进修取	junk	2026-10-04	
进行更精	fragment	2026-10-04	
逾越式	junk	2026-10-04	
配资资深	junk	2026-10-04	
金祥国际	obscure	2026-10-04	
锦耘	obscure	2026-10-04	
长王建	fragment	2026-10-04	
阿澈	obscure	2026-10-04	
阿齐兹	obscure	2026-10-04	
陆时宁	obscure	2026-10-04	
陈洪	obscure	2026-10-04	
骞寸	junk	2026-10-04	
高效交付	phrase	2026-10-04	
麦知网	junk	2026-10-04	
万棵	phrase	2026-10-04	
严慎	obscure	2026-10-04	
九冶	obscure	2026-10-04	
伊伊	obscure	2026-10-04	
伟德数码	junk	2026-10-04	
伟老师	fragment	2026-10-04	
传真至	phrase	2026-10-04	
供给了无	junk	2026-10-04	
公司凭仗	junk	2026-10-04	
分稳居	fragment	2026-10-04	
刘凤	obscure	2026-10-04	
前三强	phrase	2026-10-04	
力和魅力	fragment	2026-10-04	
区副总裁	fragment	2026-10-04	
原料粉	phrase	2026-10-04	
叫赵	fragment	2026-10-04	
器以其高	fragment	2026-10-04	
噬神	obscure	2026-10-04	
圣塔	obscure	2026-10-04	
型制砂机	fragment	2026-10-04	
基数调整	phrase	2026-10-04	
墨天轮	obscure	2026-10-04	
大地之慰	junk	2026-10-04	
娴疯	junk	2026-10-04	
安装有电	fragment	2026-10-04	
实正做到	junk	2026-10-04	
届粤港澳	fragment	2026-10-04	
岛位于	fragment	2026-10-04	
嵌入流程	phrase	2026-10-04	
州联通	fragment	2026-10-04	
巷镇	fragment	2026-10-04	
库存实时	phrase	2026-10-04	
度下进行	fragment	2026-10-04	
总裁徐	fragment	2026-10-04	
患者和医	fragment	2026-10-04	
手电两用	junk	2026-10-04	
拼接处	phrase	2026-10-04	
支持邮寄	phrase	2026-10-04	
日及以后	fragment	2026-10-04	
杨艳	obscure	2026-10-04	
杰先生	fragment	2026-10-04	
林茵	obscure	2026-10-04	
沉点成长	junk	2026-10-04	
河南职院	obscure	2026-10-04	
洛若曦	obscure	2026-10-04	
浩表示	fragment	2026-10-04	
理科学学	fragment	2026-10-04	
用前必须	fragment	2026-10-04	
福祥	obscure	2026-10-04	
笔试历年	fragment	2026-10-04	
管及管件	fragment	2026-10-04	
红蕖	obscure	2026-10-04	
级二等奖	fragment	2026-10-04	
美鲍	junk	2026-10-04	
者倾向于	fragment	2026-10-04	
耆域	obscure	2026-10-04	
联整体式	fragment	2026-10-04	
联社报道	fragment	2026-10-04	
致贺信	phrase	2026-10-04	
苏琳	obscure	2026-10-04	
莫尔索	obscure	2026-10-04	
获得更佳	phrase	2026-10-04	
蔡亦浓	obscure	2026-10-04	
衫定制	fragment	2026-10-04	
议院议长	fragment	2026-10-04	
语化后	fragment	2026-10-04	
语并配音	fragment	2026-10-04	
超翔	obscure	2026-10-04	
透浦式	obscure	2026-10-04	
通俗室第	junk	2026-10-04	
郑雪	obscure	2026-10-04	
酒营收	fragment	2026-10-04	
金宸	obscure	2026-10-04	
铂智	obscure	2026-10-04	
队在场上	fragment	2026-10-04	
阿丁格拉	obscure	2026-10-04	
陕西之音	obscure	2026-10-04	
集成了高	fragment	2026-10-04	
马彦	obscure	2026-10-04	
鱼怎么做	phrase	2026-10-04	
鱼缸里	phrase	2026-10-04	
一种复合	phrase	2026-10-04	
万令吉	phrase	2026-10-04	
东莞市万	fragment	2026-10-04	
两校区	phrase	2026-10-04	
主体信誉	junk	2026-10-04	
井作业	fragment	2026-10-04	
亚莉	obscure	2026-10-04	
众广网络	obscure	2026-10-04	
优先拨打	phrase	2026-10-04	
伯勒	obscure	2026-10-04	
值偏差	fragment	2026-10-04	
儒意	obscure	2026-10-04	
全县共有	phrase	2026-10-04	
刘燕	obscure	2026-10-04	
剂成分	fragment	2026-10-04	
动和噪音	fragment	2026-10-04	
助力科研	phrase	2026-10-04	
助您明晰	junk	2026-10-04	
南省重点	fragment	2026-10-04	
受极端	fragment	2026-10-04	
吉塔	obscure	2026-10-04	
名小学生	fragment	2026-10-04	
吴昌	obscure	2026-10-04	
唐晓	obscure	2026-10-04	
喜龙仁	obscure	2026-10-04	
型与应用	fragment	2026-10-04	
基于自主	phrase	2026-10-04	
壹份	obscure	2026-10-04	
大鱼魔方	obscure	2026-10-04	
失效风险	phrase	2026-10-04	
夹心法	fragment	2026-10-04	
学与医学	fragment	2026-10-04	
学习暨	fragment	2026-10-04	
宝威体育	junk	2026-10-04	
市食药	fragment	2026-10-04	
幼镇	obscure	2026-10-04	
度过高时	fragment	2026-10-04	
式拦污	fragment	2026-10-04	
敌手艺	junk	2026-10-04	
方式来保	fragment	2026-10-04	
星瀚	obscure	2026-10-04	
曹磊	obscure	2026-10-04	
本地中小	phrase	2026-10-04	
李瑶	obscure	2026-10-04	
李莹	obscure	2026-10-04	
林奕	obscure	2026-10-04	
林絮	obscure	2026-10-04	
桂柳	obscure	2026-10-04	
欲令	obscure	2026-10-04	
正在制制	junk	2026-10-04	
永锋	obscure	2026-10-04	
污渍和	fragment	2026-10-04	
沈夜澜	obscure	2026-10-04	
法大考研	phrase	2026-10-04	
法比安	obscure	2026-10-04	
泽邦科技	obscure	2026-10-04	
浜鸿	junk	2026-10-04	
上海锐	obscure	2026-10-04	
业从日常	fragment	2026-10-04	
业都面临	fragment	2026-10-04	
东方雅	obscure	2026-10-04	
亿越南盾	fragment	2026-10-04	
今日公布	phrase	2026-10-04	
件怎么用	fragment	2026-10-04	
作出战略	fragment	2026-10-04	
兔鸡	obscure	2026-10-04	
兰语配音	fragment	2026-10-04	
凤翎	obscure	2026-10-04	
力和精准	fragment	2026-10-04	
化设备配	fragment	2026-10-04	
医学院教	fragment	2026-10-04	
千劫	obscure	2026-10-04	
半岛综合	fragment	2026-10-04	
南医学院	fragment	2026-10-04	
南省第十	fragment	2026-10-04	
县凤	junk	2026-10-04	
变向和	obscure	2026-10-04	
叶澈	obscure	2026-10-04	
品质和口	fragment	2026-10-04	
唔唔唔	phrase	2026-10-04	
器失灵	obscure	2026-10-04	
器等组成	fragment	2026-10-04	
复合滤	obscure	2026-10-04	
娴峰	junk	2026-10-04	
小说网阅	fragment	2026-10-04	
山东盛	obscure	2026-10-04	
市分局	obscure	2026-10-04	
幻宇星球	fragment	2026-10-04	
度和复杂	fragment	2026-10-04	
度波动大	fragment	2026-10-04	
式叶轮	obscure	2026-10-04	
徐州快阳	fragment	2026-10-04	
德彪	obscure	2026-10-04	
态调控	obscure	2026-10-04	
性腹泻病	fragment	2026-10-04	
息并进行	fragment	2026-10-04	
感与实用	fragment	2026-10-04	
戴媛	obscure	2026-10-04	
捷米特	obscure	2026-10-04	
控球和传	fragment	2026-10-04	
显著劣势	phrase	2026-10-04	
暴利项目	phrase	2026-10-04	
术与现代	fragment	2026-10-04	
李妍	obscure	2026-10-04	
李鲲鹏	obscure	2026-10-04	
极高水平	phrase	2026-10-04	
氯化橡	obscure	2026-10-04	
沈薇	obscure	2026-10-04	
沈黎	obscure	2026-10-04	
河南侨华	fragment	2026-10-04	
测试和评	fragment	2026-10-04	
浪穴	junk	2026-10-04	
消管家	obscure	2026-10-04	
率与用户	fragment	2026-10-04	
玖城	obscure	2026-10-04	
由多位	obscure	2026-10-04	
电机减速	phrase	2026-10-04	
画设计师	fragment	2026-10-04	
痛等不适	fragment	2026-10-04	
监控和调	fragment	2026-10-04	
福建省科	fragment	2026-10-04	
穴穴	junk	2026-10-04	
空放贷款	junk	2026-10-04	
站内链	fragment	2026-10-04	
等多重优	fragment	2026-10-04	
糊袋	obscure	2026-10-04	
组建了专	fragment	2026-10-04	
至数万	phrase	2026-10-04	
芙丽	obscure	2026-10-04	
行业向高	fragment	2026-10-04	
补时规则	phrase	2026-10-04	
表带太紧	phrase	2026-10-04	
西流量卡	fragment	2026-10-04	
覆灯火	obscure	2026-10-04	
赛事精彩	phrase	2026-10-04	
赛前夕	obscure	2026-10-04	
赵雅丽	obscure	2026-10-04	
适用性取	fragment	2026-10-04	
郭为表示	fragment	2026-10-04	
铝合金铸	fragment	2026-10-04	
长等职务	fragment	2026-10-04	
陆辞	obscure	2026-10-04	
雅芬	obscure	2026-10-04	
韦德娱乐	junk	2026-10-04	
颇尔	obscure	2026-10-04	
骞垮	junk	2026-10-04	
魏震	obscure	2026-10-04	
一副好	phrase	2026-10-04	
万保额	obscure	2026-10-04	
三天合区	junk	2026-10-04	
业和农业	fragment	2026-10-04	
主要是依	fragment	2026-10-04	
产品均有	phrase	2026-10-04	
仅发广东	junk	2026-10-04	
今夜尤物	junk	2026-10-04	
任何一处	phrase	2026-10-04	
供给了新	fragment	2026-10-04	
俞浩	obscure	2026-10-04	
信息时效	phrase	2026-10-04	
兔死	obscure	2026-10-04	
入大湾区	fragment	2026-10-04	
农业与生	fragment	2026-10-04	
刘唯唯	obscure	2026-10-04	
刷粉服务	junk	2026-10-04	
刻意制造	phrase	2026-10-04	
劣势显著	fragment	2026-10-04	
化绿色化	fragment	2026-10-04	
南省公共	fragment	2026-10-04	
发生严沉	junk	2026-10-04	
叫杨	obscure	2026-10-04	
名学生参	fragment	2026-10-04	
吨吨	phrase	2026-10-04	
吴庆	obscure	2026-10-04	
员在现场	fragment	2026-10-04	
周彦	obscure	2026-10-04	
周靖	obscure	2026-10-04	
商圈级	obscure	2026-10-04	
嘉岳数智	fragment	2026-10-04	
四川兴科	fragment	2026-10-04	
圣吉罗斯	fragment	2026-10-04	
型球队时	fragment	2026-10-04	
培训和教	fragment	2026-10-04	
塔马里	obscure	2026-10-04	
备战思路	phrase	2026-10-04	
天维网	obscure	2026-10-04	
委会成立	fragment	2026-10-04	
学分会第	fragment	2026-10-04	
安徽环瑞	fragment	2026-10-04	
实付累充	junk	2026-10-04	
射激光	phrase	2026-10-04	
局等有关	fragment	2026-10-04	
山东商鼎	fragment	2026-10-04	
山东锦工	fragment	2026-10-04	
州东部	obscure	2026-10-04	
已立案	obscure	2026-10-04	
币安注册	junk	2026-10-04	
市值已	obscure	2026-10-04	
市第五届	fragment	2026-10-04	
带电电缆	phrase	2026-10-04	
库检索	obscure	2026-10-04	
微肿瘤	obscure	2026-10-04	
意甲回放	junk	2026-10-04	
战英格兰	fragment	2026-10-04	
持续立异	junk	2026-10-04	
政府与中	fragment	2026-10-04	
文章还提	fragment	2026-10-04	
斯珀	obscure	2026-10-04	
新手优先	phrase	2026-10-04	
既能快速	phrase	2026-10-04	
既能有效	phrase	2026-10-04	
智远互联	fragment	2026-10-04	
未完全消	fragment	2026-10-04	
机构指定	phrase	2026-10-04	
李伯	obscure	2026-10-04	
板变形	obscure	2026-10-04	
林屿	obscure	2026-10-04	
林栖	obscure	2026-10-04	
核对客户	phrase	2026-10-04	
模煳	typo	2026-10-04	
江苏省农	fragment	2026-10-04	
汪玉	obscure	2026-10-04	
沈浩	obscure	2026-10-04	
洲和非洲	fragment	2026-10-04	
济州站	obscure	2026-10-04	
深知每一	fragment	2026-10-04	
湾街道	obscure	2026-10-04	
瀵硅	junk	2026-10-04	
煎至	phrase	2026-10-04	
率回落	obscure	2026-10-04	
理想华莱	junk	2026-10-04	
田大原	obscure	2026-10-04	
由两位	obscure	2026-10-04	
由美国国	fragment	2026-10-04	
症诊断	obscure	2026-10-04	
码在哪里	phrase	2026-10-04	
立异引领	junk	2026-10-04	
等各类资	fragment	2026-10-04	
糊口便当	fragment	2026-10-04	
级博士后	fragment	2026-10-04	
纳米微	obscure	2026-10-04	
者知情权	fragment	2026-10-04	
萧清河	obscure	2026-10-04	
许世安	obscure	2026-10-04	
谢鹤临	obscure	2026-10-04	
达市中心	fragment	2026-10-04	
通过有线	phrase	2026-10-04	
避免因误	fragment	2026-10-04	
部署了数	fragment	2026-10-04	
量削减	obscure	2026-10-04	
铃灵	obscure	2026-10-04	
阳区法院	fragment	2026-10-04	
阳大道	obscure	2026-10-04	
陈辉	obscure	2026-10-04	
院院长黄	fragment	2026-10-04	
随着股市	fragment	2026-10-04	
马筱梅	obscure	2026-10-04	
驻伊	phrase	2026-10-04	
骚菊	junk	2026-10-04	
一定要牢	fragment	2026-10-04	
业化道路	fragment	2026-10-04	
中间夹	phrase	2026-10-04	
丹莱	obscure	2026-10-04	
主角李	obscure	2026-10-04	
二是积极	fragment	2026-10-04	
五节数据	fragment	2026-10-04	
亚国家队	fragment	2026-10-04	
亚第纳尔	fragment	2026-10-04	
亮度和色	fragment	2026-10-04	
代理记帐	typo	2026-10-04	
余项专利	fragment	2026-10-04	
倍奖励	obscure	2026-10-04	
动和电动	fragment	2026-10-04	
区江北	obscure	2026-10-04	
卿尘	obscure	2026-10-04	
厉凌轩	obscure	2026-10-04	
发展等重	fragment	2026-10-04	
取建建	junk	2026-10-04	
同志提出	fragment	2026-10-04	
嘉辉	obscure	2026-10-04	
均实行	phrase	2026-10-04	
型铸造	obscure	2026-10-04	
堰门	obscure	2026-10-04	
奖申报	obscure	2026-10-04	
学校和教	fragment	2026-10-04	
宋永	obscure	2026-10-04	
宏表示	obscure	2026-10-04	
实现对物	fragment	2026-10-04	
州特产	obscure	2026-10-04	
已更新于	phrase	2026-10-04	
师手把手	fragment	2026-10-04	
年起便	obscure	2026-10-04	
度减小	obscure	2026-10-04	
建建质量	junk	2026-10-04	
式吸尘器	fragment	2026-10-04	
式运输车	fragment	2026-10-04	
德国威卡	fragment	2026-10-04	
性中耳炎	fragment	2026-10-04	
战略性支	fragment	2026-10-04	
手艺径	junk	2026-10-04	
批市级	obscure	2026-10-04	
承试二级	fragment	2026-10-04	
投硬科技	junk	2026-10-04	
护人员及	fragment	2026-10-04	
报警值时	fragment	2026-10-04	
携全系	phrase	2026-10-04	
支持和优	fragment	2026-10-04	
敷裕	typo	2026-10-04	
新兴范畴	phrase	2026-10-04	
时效提示	phrase	2026-10-04	
景瑾	obscure	2026-10-04	
期结束时	fragment	2026-10-04	
机吊装	obscure	2026-10-04	
机输送带	fragment	2026-10-04	
李蕾	obscure	2026-10-04	
核查措置	junk	2026-10-04	
欠亨明	junk	2026-10-04	
永井	obscure	2026-10-04	
沉点查抄	junk	2026-10-04	
河南省政	fragment	2026-10-04	
法是采用	fragment	2026-10-04	
游狗网络	junk	2026-10-04	
源滤波器	fragment	2026-10-04	
点与难点	fragment	2026-10-04	
点和要求	fragment	2026-10-04	
版在售	obscure	2026-10-04	
玄阴	obscure	2026-10-04	
球队在阵	fragment	2026-10-04	
理子系统	fragment	2026-10-04	
生与家长	fragment	2026-10-04	
目标是确	fragment	2026-10-04	
神秘古	obscure	2026-10-04	
稠浊	junk	2026-10-04	
第一次踏	fragment	2026-10-04	
等严沉	junk	2026-10-04	
精神病医	fragment	2026-10-04	
维特斯	obscure	2026-10-04	
者不愿意	fragment	2026-10-04	
肖志	obscure	2026-10-04	
舜海光伏	fragment	2026-10-04	
芙莉美娜	fragment	2026-10-04	
莫浩宇	obscure	2026-10-04	
藉害	junk	2026-10-04	
言海伊	obscure	2026-10-04	
识别手艺	junk	2026-10-04	
诗瑶	obscure	2026-10-04	
账号登陆	typo	2026-10-04	
质保期自	fragment	2026-10-04	
超千家	obscure	2026-10-04	
足道店	phrase	2026-10-04	
载状态下	fragment	2026-10-04	
造国际化	fragment	2026-10-04	
量与速度	fragment	2026-10-04	
长俞	obscure	2026-10-04	
长城易趣	obscure	2026-10-04	
阿利森	obscure	2026-10-04	
阿钰	obscure	2026-10-04	
陆凡	obscure	2026-10-04	
陆昭	obscure	2026-10-04	
霍山君	obscure	2026-10-04	
顾砚	obscure	2026-10-04	
一丝清	obscure	2026-10-04	
于他个人	fragment	2026-10-04	
产物包罗	junk	2026-10-04	
京桥教育	fragment	2026-10-04	
低密生态	phrase	2026-10-04	
使用时请	fragment	2026-10-04	
傅寒	obscure	2026-10-04	
傅砚	obscure	2026-10-04	
克洛库斯	fragment	2026-10-04	
制冷剂流	fragment	2026-10-04	
剧大赛	obscure	2026-10-04	
力与稳定	fragment	2026-10-04	
力和精神	fragment	2026-10-04	
动和社交	fragment	2026-10-04	
助理兼	obscure	2026-10-04	
医保影像	fragment	2026-10-04	
即使拥有	fragment	2026-10-04	
口语教	obscure	2026-10-04	
叶萱	obscure	2026-10-04	
后再补	obscure	2026-10-04	
呈现出清	fragment	2026-10-04	
唐宗	obscure	2026-10-04	
喝冰	obscure	2026-10-04	
国哲学家	fragment	2026-10-04	
土旺	obscure	2026-10-04	
委书记沈	fragment	2026-10-04	
姜峰	obscure	2026-10-04	
娜丝	obscure	2026-10-04	
学院顺利	fragment	2026-10-04	
定其是否	fragment	2026-10-04	
定要选第	fragment	2026-10-04	
实力工厂	fragment	2026-10-04	
届西部	obscure	2026-10-04	
幕棱网	obscure	2026-10-04	
年我局	obscure	2026-10-04	
张芳	obscure	2026-10-04	
形支架	obscure	2026-10-04	
微云投	junk	2026-10-04	
心食神	obscure	2026-10-04	
思瑞门	obscure	2026-10-04	
恒旺集团	fragment	2026-10-04	
恒电高测	fragment	2026-10-04	
恩戈	obscure	2026-10-04	
抑制血	obscure	2026-10-04	
指奸	junk	2026-10-04	
支队伍参	fragment	2026-10-04	
收和处理	fragment	2026-10-04	
新校注本	fragment	2026-10-04	
新闻咨讯	typo	2026-10-04	
旗市场监	fragment	2026-10-04	
景珩	obscure	2026-10-04	
月甄选	obscure	2026-10-04	
朔弥	obscure	2026-10-04	
林芷	obscure	2026-10-04	
栖身平安	junk	2026-10-04	
核实平台	fragment	2026-10-04	
椰谷集团	fragment	2026-10-04	
步拓展至	fragment	2026-10-04	
武磊伤愈	phrase	2026-10-04	
沐足足道	junk	2026-10-04	
济南市政	fragment	2026-10-04	
消息一经	phrase	2026-10-04	
涨幅已	obscure	2026-10-04	
温梨	obscure	2026-10-04	
湖泊等	obscure	2026-10-04	
湾公园	obscure	2026-10-04	
湾社区	obscure	2026-10-04	
漫长而艰	fragment	2026-10-04	
炜桦冷弯	fragment	2026-10-04	
牛鸡	obscure	2026-10-04	
王晖	obscure	2026-10-04	
理解和感	fragment	2026-10-04	
瓦片集	obscure	2026-10-04	
直到所有	fragment	2026-10-04	
瞬间涌	obscure	2026-10-04	
磊表示	obscure	2026-10-04	
种药材	obscure	2026-10-04	
第一届第	fragment	2026-10-04	
等特殊工	fragment	2026-10-04	
级三等奖	fragment	2026-10-04	
网爆黑料	junk	2026-10-04	
翠萍	obscure	2026-10-04	
肌修复	obscure	2026-10-04	
臂伸	obscure	2026-10-04	
苏清晚	obscure	2026-10-04	
蒸发式冷	fragment	2026-10-04	
请登陆	typo	2026-10-04	
赛八强	obscure	2026-10-04	
赵紫	obscure	2026-10-04	
运动会暨	fragment	2026-10-04	
邪龙	obscure	2026-10-04	
郭志	obscure	2026-10-04	
采光充脚	junk	2026-10-04	
量偏低	obscure	2026-10-04	
量已达到	fragment	2026-10-04	
长久立	obscure	2026-10-04	
阳市第十	fragment	2026-10-04	
陈孝	obscure	2026-10-04	
静颐园	obscure	2026-10-04	
韩玉	obscure	2026-10-04	
食材原	obscure	2026-10-04	
馆门口	obscure	2026-10-04	
骞朵	obscure	2026-10-04	
魏壮猷	obscure	2026-10-04	
黑禾网	obscure	2026-10-04	
黑龙江农	fragment	2026-10-04	
一只野	obscure	2026-10-04	
一场极具	fragment	2026-10-04	
一支拥有	fragment	2026-10-04	
下边载	obscure	2026-10-04	
两个人相	fragment	2026-10-04	
中国玩协	fragment	2026-10-04	
丽琴	obscure	2026-10-04	
亚市早盘	fragment	2026-10-04	
交所提交	fragment	2026-10-04	
件配置和	fragment	2026-10-04	
作相对简	fragment	2026-10-04	
使其适合	fragment	2026-10-04	
兔鼠	obscure	2026-10-04	
划和准备	fragment	2026-10-04	
制住自己	fragment	2026-10-04	
力和耐心	fragment	2026-10-04	
区总代理	fragment	2026-10-04	
卓越汇	obscure	2026-10-04	
及各行业	fragment	2026-10-04	
友打电话	fragment	2026-10-04	
取和分析	fragment	2026-10-04	
只能忍	obscure	2026-10-04	
吨无线	obscure	2026-10-04	
员名单及	fragment	2026-10-04	
坎德	obscure	2026-10-04	
型零售商	fragment	2026-10-04	
塔赫	obscure	2026-10-04	
大模子取	junk	2026-10-04	
天分取	junk	2026-10-04	
奖项由	obscure	2026-10-04	
好地适配	fragment	2026-10-04	
姆霍	obscure	2026-10-04	
宇鹤科技	fragment	2026-10-04	
宋清瑶	obscure	2026-10-04	
实现极致	phrase	2026-10-04	
尘环境中	fragment	2026-10-04	
市计生协	fragment	2026-10-04	
年七月十	fragment	2026-10-04	
应立即通	fragment	2026-10-04	
建议您尽	fragment	2026-10-04	
微不雅	obscure	2026-10-04	
性和活力	fragment	2026-10-04	
手艺变化	junk	2026-10-04	
损等问题	fragment	2026-10-04	
文化扶植	junk	2026-10-04	
既能保护	fragment	2026-10-04	
晓锋	obscure	2026-10-04	
李睿	obscure	2026-10-04	
杨宏	obscure	2026-10-04	
杨忠	obscure	2026-10-04	
杰出席	obscure	2026-10-04	
梁永	obscure	2026-10-04	
江区人民	fragment	2026-10-04	
江文旅	obscure	2026-10-04	
油流通	obscure	2026-10-04	
治疗胃	obscure	2026-10-04	
泉景区	obscure	2026-10-04	
深耕这一	fragment	2026-10-04	
温铖	obscure	2026-10-04	
点半到	obscure	2026-10-04	
爱企巴巴	junk	2026-10-04	
物超标	obscure	2026-10-04	
程星野	obscure	2026-10-04	
税试点	obscure	2026-10-04	
粉丝自助	fragment	2026-10-04	
绾裤	typo	2026-10-04	
者致敬	obscure	2026-10-04	
腑锛	junk	2026-10-04	
至数周	obscure	2026-10-04	
花大道	obscure	2026-10-04	
荣辉	obscure	2026-10-04	
获国度	junk	2026-10-04	
获市级	obscure	2026-10-04	
菲诺	obscure	2026-10-04	
褚清德	obscure	2026-10-04	
警方查	obscure	2026-10-04	
邓志	obscure	2026-10-04	
配合参取	junk	2026-10-04	
酱灌装机	fragment	2026-10-04	
里扒	obscure	2026-10-04	
镇站之料	junk	2026-10-04	
音清晰度	fragment	2026-10-04	
验原件	obscure	2026-10-04	
高功率电	fragment	2026-10-04	
一一进行	phrase	2026-10-04	
一件薄	obscure	2026-10-04	
一曲以来	fragment	2026-10-04	
万京林	obscure	2026-10-04	
严酷节制	junk	2026-10-04	
中科博联	fragment	2026-10-04	
主任韩	obscure	2026-10-04	
丽芬	obscure	2026-10-04	
事关全	obscure	2026-10-04	
于合肥市	fragment	2026-10-04	
五大焦点	phrase	2026-10-04	
亚马逊退	fragment	2026-10-04	
仲华	obscure	2026-10-04	
价更低	phrase	2026-10-04	
优汇英	obscure	2026-10-04	
余名专业	fragment	2026-10-04	
保养和检	fragment	2026-10-04	
保利成长	fragment	2026-10-04	
入下一轮	phrase	2026-10-04	
公开课第	fragment	2026-10-04	
公开通明	typo	2026-10-04	
动升降机	fragment	2026-10-04	
化钠溶液	fragment	2026-10-04	
区集中供	fragment	2026-10-04	
区鲜花店	fragment	2026-10-04	
去劝	obscure	2026-10-04	
吃鸡巴	junk	2026-10-04	
周毅	obscure	2026-10-04	
器等部件	fragment	2026-10-04	
团队协做	typo	2026-10-04	
型抗体	obscure	2026-10-04	
型液压机	fragment	2026-10-04	
夜笙	obscure	2026-10-04	
学家王	obscure	2026-10-04	
宋棠	obscure	2026-10-04	
尺集装箱	fragment	2026-10-04	
届时请	phrase	2026-10-04	
山县委	obscure	2026-10-04	
州市行政	fragment	2026-10-04	
币金额	obscure	2026-10-04	
市民王	obscure	2026-10-04	
帝国皇	obscure	2026-10-04	
建牢校园	junk	2026-10-04	
建筑和工	fragment	2026-10-04	
式太极拳	fragment	2026-10-04	
式平衡机	fragment	2026-10-04	
式球阀	obscure	2026-10-04	
形图标	obscure	2026-10-04	
形密封圈	fragment	2026-10-04	
性和情感	fragment	2026-10-04	
慕真真	obscure	2026-10-04	
掌握实用	fragment	2026-10-04	
族居民	obscure	2026-10-04	
木皮胶	obscure	2026-10-04	
朱锐	obscure	2026-10-04	
机能提拔	junk	2026-10-04	
林普利塞	junk	2026-10-04	
林飒	obscure	2026-10-04	
梨香	obscure	2026-10-04	
檀葵	obscure	2026-10-04	
正是推动	fragment	2026-10-04	
沈絮	obscure	2026-10-04	
液中含有	fragment	2026-10-04	
液稀释	obscure	2026-10-04	
淑琴	obscure	2026-10-04	
熙浦	obscure	2026-10-04	
率等核心	fragment	2026-10-04	
用于船舶	phrase	2026-10-04	
甲焦点战	fragment	2026-10-04	
百汇商城	fragment	2026-10-04	
真实住宅	phrase	2026-10-04	
码智能体	fragment	2026-10-04	
等全维度	fragment	2026-10-04	
管理与运	fragment	2026-10-04	
粟芳	obscure	2026-10-04	
索兰克	obscure	2026-10-04	
结合近年	phrase	2026-10-04	
者和品牌	fragment	2026-10-04	
肯定和赞	fragment	2026-10-04	
虎猪	obscure	2026-10-04	
蚀效果	obscure	2026-10-04	
计培训学	fragment	2026-10-04	
许枫	obscure	2026-10-04	
责任感使	fragment	2026-10-04	
路径与实	fragment	2026-10-04	
速运转时	fragment	2026-10-04	
部和中国	fragment	2026-10-04	
部门指定	phrase	2026-10-04	
部门要坚	fragment	2026-10-04	
鑫弘	obscure	2026-10-04	
队在欧洲	fragment	2026-10-04	
陈渡	obscure	2026-10-04	
陈芳	obscure	2026-10-04	
隋致廉	obscure	2026-10-04	
雪谷	obscure	2026-10-04	
韩熙	obscure	2026-10-04	
须按规定	phrase	2026-10-04	
骑士直播	phrase	2026-10-04	
龙德公司	fragment	2026-10-04	
一场聚焦	fragment	2026-10-04	
七月喵子	fragment	2026-10-04	
万民众	obscure	2026-10-04	
主任沈	obscure	2026-10-04	
京鲜生	obscure	2026-10-04	
仪可用于	fragment	2026-10-04	
伊琳	obscure	2026-10-04	
优先锁定	phrase	2026-10-04	
位皇子	phrase	2026-10-04	
值越低	obscure	2026-10-04	
党参议员	phrase	2026-10-04	
公共和私	fragment	2026-10-04	
公示消息	phrase	2026-10-04	
养分师	obscure	2026-10-04	
分析与评	fragment	2026-10-04	
刘亦非	typo	2026-10-04	
刘梓	obscure	2026-10-04	
力和责任	fragment	2026-10-04	
动为抓手	fragment	2026-10-04	
化与绿色	fragment	2026-10-04	
去踢	obscure	2026-10-04	
发条拧反	phrase	2026-10-04	
呈现出独	fragment	2026-10-04	
周定洋	obscure	2026-10-04	
多万字	phrase	2026-10-04	
天堂搏	junk	2026-10-04	
奈马特	obscure	2026-10-04	
姐弟骨	junk	2026-10-04	
委原书记	fragment	2026-10-04	
宋奕晨	obscure	2026-10-04	
定了明确	fragment	2026-10-04	
实现更优	phrase	2026-10-04	
小签科技	fragment	2026-10-04	
尽管阿	obscure	2026-10-04	
屑械	obscure	2026-10-04	
工业和科	fragment	2026-10-04	
巴莱巴	obscure	2026-10-04	
年全国医	fragment	2026-10-04	
年度第十	fragment	2026-10-04	
建聚合力	junk	2026-10-04	
式洗眼器	fragment	2026-10-04	
张瑜	obscure	2026-10-04	
彼此互	obscure	2026-10-04	
往往会引	fragment	2026-10-04	
徐梅	obscure	2026-10-04	
性也得到	fragment	2026-10-04	
性和精确	fragment	2026-10-04	
手艺领先	junk	2026-10-04	
扶植单元	junk	2026-10-04	
报名时须	phrase	2026-10-04	
拆手艺	junk	2026-10-04	
按规定申	fragment	2026-10-04	
捅射	junk	2026-10-04	
摸奶	junk	2026-10-04	
新服表	junk	2026-10-04	
新疆巴	obscure	2026-10-04	
时需确保	fragment	2026-10-04	
机构和专	fragment	2026-10-04	
机械人研	fragment	2026-10-04	
析与未来	fragment	2026-10-04	
气动双	obscure	2026-10-04	
沉点调查	junk	2026-10-04	
洗浴水汇	junk	2026-10-04	
浪财浪网	junk	2026-10-04	
海思等	phrase	2026-10-04	
混凝土振	fragment	2026-10-04	
然有这么	fragment	2026-10-04	
狗兔	obscure	2026-10-04	
王仲	obscure	2026-10-04	
王晓晖	obscure	2026-10-04	
王靖	obscure	2026-10-04	
班幼儿园	fragment	2026-10-04	
电导率测	fragment	2026-10-04	
白万剑	obscure	2026-10-04	
白殿疯	junk	2026-10-04	
眠眠	obscure	2026-10-04	
禾欢水	obscure	2026-10-04	
笑着打	obscure	2026-10-04	
等实用技	fragment	2026-10-04	
箱为例	obscure	2026-10-04	
箱内空气	phrase	2026-10-04	
粒分析仪	fragment	2026-10-04	
绿都膳食	fragment	2026-10-04	
肆业证	typo	2026-10-04	
自治区妇	fragment	2026-10-04	
艺术创做	typo	2026-10-04	
芙芙	obscure	2026-10-04	
苏怜	obscure	2026-10-04	
苏蜜	obscure	2026-10-04	
菲娜	obscure	2026-10-04	
薪火传	obscure	2026-10-04	
装和运输	fragment	2026-10-04	
计等专业	fragment	2026-10-04	
语调和	obscure	2026-10-04	
谢昭	obscure	2026-10-04	
质量和耐	fragment	2026-10-04	
购完成后	fragment	2026-10-04	
走得更加	phrase	2026-10-04	
轩哥	obscure	2026-10-04	
载风雨	obscure	2026-10-04	
邓华	obscure	2026-10-04	
酒企纷纷	phrase	2026-10-04	
酸氯	obscure	2026-10-04	
采用了简	fragment	2026-10-04	
队击败	obscure	2026-10-04	
陈凤	obscure	2026-10-04	
陈怡	obscure	2026-10-04	
鞋防滑	phrase	2026-10-04	
食品美食	fragment	2026-10-04	
鸡猴	obscure	2026-10-04	
一个简易	phrase	2026-10-04	
丁伟	obscure	2026-10-04	
丁晓	obscure	2026-10-04	
万辆车	phrase	2026-10-04	
上海山美	fragment	2026-10-04	
主任宋	obscure	2026-10-04	
交了一份	phrase	2026-10-04	
亿现金	obscure	2026-10-04	
伟峰	obscure	2026-10-04	
侧沉于	junk	2026-10-04	
公司签定	typo	2026-10-04	
凡役	obscure	2026-10-04	
制订本	phrase	2026-10-04	
力和记忆	fragment	2026-10-04	
化学与生	fragment	2026-10-04	
区新房	obscure	2026-10-04	
滨银	obscure	2026-10-04	
熄焦	obscure	2026-10-04	
猫爬架猫	fragment	2026-10-04	
率计算器	fragment	2026-10-04	
王彪	obscure	2026-10-04	
瓦伊	obscure	2026-10-04	
盗币	obscure	2026-10-04	
直撸	junk	2026-10-04	
破局企业	phrase	2026-10-04	
祥教授	fragment	2026-10-04	
竞猜活动	phrase	2026-10-04	
笑曰	obscure	2026-10-04	
等各种场	fragment	2026-10-04	
篇文章讲	fragment	2026-10-04	
绘梨	obscure	2026-10-04	
羊刃	obscure	2026-10-04	
翠园	obscure	2026-10-04	
翻转式	phrase	2026-10-04	
舒涵	obscure	2026-10-04	
莱娜	obscure	2026-10-04	
西省第十	fragment	2026-10-04	
车车队	fragment	2026-10-04	
量估算	fragment	2026-10-04	
一次走进	phrase	2026-10-04	
七量思维	obscure	2026-10-04	
中国度居	fragment	2026-10-04	
中科嘉鸿	obscure	2026-10-04	
于中国广	fragment	2026-10-04	
于室温	fragment	2026-10-04	
优先评估	phrase	2026-10-04	
位小朋友	fragment	2026-10-04	
作思路和	fragment	2026-10-04	
俊辉	obscure	2026-10-04	
健康与生	fragment	2026-10-04	
兄弟一起	phrase	2026-10-04	
兴唐饰家	obscure	2026-10-04	
出产体例	phrase	2026-10-04	
刘玥	obscure	2026-10-04	
制制手艺	junk	2026-10-04	
力不讨好	fragment	2026-10-04	
助力卖家	phrase	2026-10-04	
友在一起	fragment	2026-10-04	
台心医院	obscure	2026-10-04	
各地积极	phrase	2026-10-04	
合做模式	typo	2026-10-04	
吕志	obscure	2026-10-04	
器运行时	fragment	2026-10-04	
噬灵	obscure	2026-10-04	
国内家居	phrase	2026-10-04	
基氨基	fragment	2026-10-04	
塔娜	obscure	2026-10-04	
塘河	obscure	2026-10-04	
天仁人力	obscure	2026-10-04	
女性怀孕	phrase	2026-10-04	
妮克	obscure	2026-10-04	
姘寸	junk	2026-10-04	
孟晓	obscure	2026-10-04	
宇澄	obscure	2026-10-04	
家长在选	fragment	2026-10-04	
密和安全	fragment	2026-10-04	
寤虹	junk	2026-10-04	
尤物网	junk	2026-10-04	
局原局长	fragment	2026-10-04	
州中考	fragment	2026-10-04	
师备考	fragment	2026-10-04	
平台帐户	typo	2026-10-04	
广州刑事	phrase	2026-10-04	
张倩	obscure	2026-10-04	
张铎	obscure	2026-10-04	
必须指定	phrase	2026-10-04	
手艺底座	obscure	2026-10-04	
指定目标	phrase	2026-10-04	
斯禁区	fragment	2026-10-04	
斯续约	fragment	2026-10-04	
机械筛	obscure	2026-10-04	
氧微生物	fragment	2026-10-04	
济南市市	fragment	2026-10-04	
涩涩小说	junk	2026-10-04	
率和经济	fragment	2026-10-04	
王翔	obscure	2026-10-04	
用于物料	phrase	2026-10-04	
直径达	fragment	2026-10-04	
省部级重	fragment	2026-10-04	
神话之后	phrase	2026-10-04	
第贰	obscure	2026-10-04	
色衣物	fragment	2026-10-04	
袋袋	obscure	2026-10-04	
许多实用	phrase	2026-10-04	
贺屿舟	obscure	2026-10-04	
边路爆点	phrase	2026-10-04	
造发展新	fragment	2026-10-04	
邱建	obscure	2026-10-04	
部署和运	fragment	2026-10-04	
针对性补	fragment	2026-10-04	
钢材知识	phrase	2026-10-04	
银屑病皮	fragment	2026-10-04	
队踢	fragment	2026-10-04	
陈熹悦	obscure	2026-10-04	
除夜全	fragment	2026-10-04	
马蛇	obscure	2026-10-04	
骚零	junk	2026-10-04	
魂玉	obscure	2026-10-04	
一次性讲	fragment	2026-10-04	
一项涉及	fragment	2026-10-04	
丁亮	obscure	2026-10-04	
世轮回	fragment	2026-10-04	
主要成份	typo	2026-10-04	
于中国古	fragment	2026-10-04	
仪选型	fragment	2026-10-04	
优利德	obscure	2026-10-04	
何蕙丽	obscure	2026-10-04	
供给高效	fragment	2026-10-04	
俊介	obscure	2026-10-04	
六方位	obscure	2026-10-04	
凡涉及	phrase	2026-10-04	
剑丨	junk	2026-10-04	
化学成份	typo	2026-10-04	
区首届	fragment	2026-10-04	
叶婉	obscure	2026-10-04	
吴仁	obscure	2026-10-04	
吴仲	obscure	2026-10-04	
呈现出极	fragment	2026-10-04	
国及全球	fragment	2026-10-04	
国学汇	obscure	2026-10-04	
场上创造	phrase	2026-10-04	
场景落子	phrase	2026-10-04	
坚决扛牢	phrase	2026-10-04	
奖评审	fragment	2026-10-04	
女主叫	phrase	2026-10-04	
威德利	obscure	2026-10-04	
子桑景煜	obscure	2026-10-04	
宏盛	obscure	2026-10-04	
岭街道	fragment	2026-10-04	
州交警	fragment	2026-10-04	
市新城区	fragment	2026-10-04	
广炽	obscure	2026-10-04	
度和角度	fragment	2026-10-04	
康乐保	obscure	2026-10-04	
式水冷	fragment	2026-10-04	
引进了国	fragment	2026-10-04	
张宏伟	obscure	2026-10-04	
律师职业	phrase	2026-10-04	
徐玉	obscure	2026-10-04	
教师在教	fragment	2026-10-04	
整治工做	typo	2026-10-04	
旭华	obscure	2026-10-04	
晓琴	obscure	2026-10-04	
朵妮雅	obscure	2026-10-04	
杀事件	fragment	2026-10-04	
李孝	obscure	2026-10-04	
极大提拔	junk	2026-10-04	
柏星龙	obscure	2026-10-04	
柒月	obscure	2026-10-04	
根鸡巴	junk	2026-10-04	
欧丽仕	obscure	2026-10-04	
正反译	obscure	2026-10-04	
毅表示	fragment	2026-10-04	
汝今	obscure	2026-10-04	
江瀚	obscure	2026-10-04	
汤喝	phrase	2026-10-04	
液注入	fragment	2026-10-04	
濂藉	junk	2026-10-04	
灏辫	junk	2026-10-04	
率可达到	fragment	2026-10-04	
玉足美脚	junk	2026-10-04	
王思雨	obscure	2026-10-04	
程敏东	obscure	2026-10-04	
税退税	fragment	2026-10-04	
箬茜	junk	2026-10-04	
糖酒会展	fragment	2026-10-04	
缁存	junk	2026-10-04	
美术馆馆	fragment	2026-10-04	
聚氨脂	typo	2026-10-04	
腔内部	fragment	2026-10-04	
艾诺	obscure	2026-10-04	
螯虾繁殖	phrase	2026-10-04	
记分牌领	fragment	2026-10-04	
评书资源	phrase	2026-10-04	
试探第	fragment	2026-10-04	
豪瑞	obscure	2026-10-04	
赤母	obscure	2026-10-04	
赵峰	obscure	2026-10-04	
轴破碎机	fragment	2026-10-04	
迎战巴	fragment	2026-10-04	
适用于煤	fragment	2026-10-04	
逃溯系统	typo	2026-10-04	
量居全国	fragment	2026-10-04	
针对性改	fragment	2026-10-04	
锁体内部	phrase	2026-10-04	
长沙思胜	obscure	2026-10-04	
阿斌	obscure	2026-10-04	
陈盈骏	obscure	2026-10-04	
鸿博	obscure	2026-10-04	
鹏宇	obscure	2026-10-04	
一路往	phrase	2026-10-04	
业新格局	fragment	2026-10-04	
亚斯光学	obscure	2026-10-04	
仰融	obscure	2026-10-04	
传统影视	phrase	2026-10-04	
做为行业	typo	2026-10-04	
做了全面	phrase	2026-10-04	
内容改编	phrase	2026-10-04	
分及格	fragment	2026-10-04	
制制行业	junk	2026-10-04	
剂分子	fragment	2026-10-04	
剂进行清	fragment	2026-10-04	
力和技巧	fragment	2026-10-04	
力谋发展	phrase	2026-10-04	
千翔	obscure	2026-10-04	
千骑	obscure	2026-10-04	
华骏	obscure	2026-10-04	
压大电流	phrase	2026-10-04	
固特异鞋	fragment	2026-10-04	
城一期	fragment	2026-10-04	
堂狼山	typo	2026-10-04	
州市林业	fragment	2026-10-04	
工业级光	fragment	2026-10-04	
市第十一	fragment	2026-10-04	
平台扶植	phrase	2026-10-04	
广瑞网	obscure	2026-10-04	
式地磅	fragment	2026-10-04	
思路与实	fragment	2026-10-04	
性视网膜	fragment	2026-10-04	
成为支流	phrase	2026-10-04	
手机赌	junk	2026-10-04	
抖奶	junk	2026-10-04	
摩臣	obscure	2026-10-04	
救赵	fragment	2026-10-04	
文君设计	obscure	2026-10-04	
机械人取	fragment	2026-10-04	
李亦	obscure	2026-10-04	
板下方	fragment	2026-10-04	
柱柱	obscure	2026-10-04	
法式员	obscure	2026-10-04	
泵体内	fragment	2026-10-04	
泸深	obscure	2026-10-04	
深瞳	obscure	2026-10-04	
激活强充	junk	2026-10-04	
率提拔至	fragment	2026-10-04	
率攀升	fragment	2026-10-04	
现场还设	fragment	2026-10-04	
瑞玛	obscure	2026-10-04	
用于中药	phrase	2026-10-04	
男主开大	obscure	2026-10-04	
登陆游戏	typo	2026-10-04	
监测温度	phrase	2026-10-04	
端发起	fragment	2026-10-04	
粤超	obscure	2026-10-04	
紧紧地抱	phrase	2026-10-04	
级示范性	fragment	2026-10-04	
维修响应	phrase	2026-10-04	
者驻足	fragment	2026-10-04	
至云平台	fragment	2026-10-04	
舍夫	obscure	2026-10-04	
蓝狮娱乐	junk	2026-10-04	
蓝翼	obscure	2026-10-04	
虎狗	obscure	2026-10-04	
虎鸡	obscure	2026-10-04	
行情实时	fragment	2026-10-04	
衡水鑫威	obscure	2026-10-04	
解和处理	fragment	2026-10-04	
该网点	phrase	2026-10-04	
谷生物	fragment	2026-10-04	
赛和决赛	fragment	2026-10-04	
赶酸	obscure	2026-10-04	
进行实质	phrase	2026-10-04	
迪洛	obscure	2026-10-04	
造了许多	phrase	2026-10-04	
郑凯	obscure	2026-10-04	
部门地域	phrase	2026-10-04	
钢锻	obscure	2026-10-04	
锦辉	obscure	2026-10-04	
长邢	junk	2026-10-04	
防线站位	phrase	2026-10-04	
隆戈	obscure	2026-10-04	
首先登录	phrase	2026-10-04	
香澄美开	junk	2026-10-04	
骏明	obscure	2026-10-04	
骞跺	junk	2026-10-04	
一个个精	fragment	2026-10-04	
久都没有	fragment	2026-10-04	
事裁定书	fragment	2026-10-04	
云财经讯	obscure	2026-10-04	
云轩	obscure	2026-10-04	
亚搏	junk	2026-10-04	
仅发湖南	junk	2026-10-04	
低速推流	obscure	2026-10-04	
余个城市	fragment	2026-10-04	
余年发展	fragment	2026-10-04	
促进了社	fragment	2026-10-04	
冲冠前景	obscure	2026-10-04	
刀型闸阀	obscure	2026-10-04	
分析揭示	phrase	2026-10-04	
剂均匀	fragment	2026-10-04	
剑桥五级	obscure	2026-10-04	
力和实力	phrase	2026-10-04	
南省体育	fragment	2026-10-04	
即点即	fragment	2026-10-04	
取拆修	junk	2026-10-04	
古尔曼	obscure	2026-10-04	
器主板	fragment	2026-10-04	
园物业	fragment	2026-10-04	
坐落于广	fragment	2026-10-04	
大型工件	phrase	2026-10-04	
天银星际	junk	2026-10-04	
央链直播	junk	2026-10-04	
嫣儿	obscure	2026-10-04	
孙艳	obscure	2026-10-04	
官网鲲泰	junk	2026-10-04	
实验室废	fragment	2026-10-04	
尔市中心	fragment	2026-10-04	
山东省省	fragment	2026-10-04	
州市交通	fragment	2026-10-04	
州配资网	junk	2026-10-04	
工具来提	fragment	2026-10-04	
已成功开	fragment	2026-10-04	
巴兹	obscure	2026-10-04	
希望能尽	fragment	2026-10-04	
年中國	fragment	2026-10-04	
应用于钢	fragment	2026-10-04	
庚泰	obscure	2026-10-04	
式汽车衡	fragment	2026-10-04	
张一洒	obscure	2026-10-04	
性子宫内	fragment	2026-10-04	
您需要逐	fragment	2026-10-04	
投标人未	fragment	2026-10-04	
料及其制	fragment	2026-10-04	
斯等人	fragment	2026-10-04	
无锡华	fragment	2026-10-04	
普遍痛点	phrase	2026-10-04	
本卷分第	fragment	2026-10-04	
板切割	phrase	2026-10-04	
柯李思	obscure	2026-10-04	
橡胶胶	fragment	2026-10-04	
毕业于华	fragment	2026-10-04	
沉点区域	obscure	2026-10-04	
法令文件	phrase	2026-10-04	
派标物流	obscure	2026-10-04	
涂拆	junk	2026-10-04	
清水江学	fragment	2026-10-04	
煞北时冲	junk	2026-10-04	
物料在筛	fragment	2026-10-04	
特点和技	fragment	2026-10-04	
百蔬君	obscure	2026-10-04	
目标和方	fragment	2026-10-04	
省高水平	fragment	2026-10-04	
砚深	obscure	2026-10-04	
碳纤维加	fragment	2026-10-04	
福建省政	fragment	2026-10-04	
移平易近	junk	2026-10-04	
素会导致	fragment	2026-10-04	
结实推进	typo	2026-10-04	
统力电工	obscure	2026-10-04	
继兄	obscure	2026-10-04	
萧璟	obscure	2026-10-04	
落子国潮	junk	2026-10-04	
词大全	fragment	2026-10-04	
购等方式	fragment	2026-10-04	
赫洛热克	obscure	2026-10-04	
达成长期	fragment	2026-10-04	
這個	junk	2026-10-04	
量和销售	fragment	2026-10-04	
鑫宇	obscure	2026-10-04	
钵啰	obscure	2026-10-04	
链上操作	phrase	2026-10-04	
队全员	fragment	2026-10-04	
阿斯卡	obscure	2026-10-04	
陈彬	obscure	2026-10-04	
预定热线	typo	2026-10-04	
一届学生	phrase	2026-10-04	
一种精密	phrase	2026-10-04	
下单即	fragment	2026-10-04	
业稳增长	fragment	2026-10-04	
义务认识	fragment	2026-10-04	
亿收购	fragment	2026-10-04	
位出道	fragment	2026-10-04	
体样品中	fragment	2026-10-04	
作为福建	fragment	2026-10-04	
使箱内	fragment	2026-10-04	
保持着强	fragment	2026-10-04	
保证金缴	fragment	2026-10-04	
信钰配资	junk	2026-10-04	
刘冰	obscure	2026-10-04	
化工具提	fragment	2026-10-04	
区别于单	fragment	2026-10-04	
即使出现	phrase	2026-10-04	
原油配资	junk	2026-10-04	
县城镇	phrase	2026-10-04	
及时向公	fragment	2026-10-04	
司珩	obscure	2026-10-04	
同学们讲	fragment	2026-10-04	
周瑶	obscure	2026-10-04	
唐昊	obscure	2026-10-04	
器具有高	fragment	2026-10-04	
器总成	fragment	2026-10-04	
场景深耕	phrase	2026-10-04	
壹遍	junk	2026-10-04	
妮塔	obscure	2026-10-04	
委十四届	fragment	2026-10-04	
安启奥	obscure	2026-10-04	
完全集成	phrase	2026-10-04	
小黑书	obscure	2026-10-04	
山县城	fragment	2026-10-04	
屿川	obscure	2026-10-04	
岛举行	fragment	2026-10-04	
州市召开	fragment	2026-10-04	
帝即位	phrase	2026-10-04	
带宽保障	phrase	2026-10-04	
性青光眼	fragment	2026-10-04	
成为破局	phrase	2026-10-04	
护航青	fragment	2026-10-04	
文字或图	fragment	2026-10-04	
文韬	obscure	2026-10-04	
施坚雅	obscure	2026-10-04	
旧存档	phrase	2026-10-04	
机进料	fragment	2026-10-04	
构建多维	phrase	2026-10-04	
校企合做	typo	2026-10-04	
歌诗	obscure	2026-10-04	
污版下载	junk	2026-10-04	
沈婉	obscure	2026-10-04	
河流域水	fragment	2026-10-04	
活动节制	typo	2026-10-04	
浮梦散尽	obscure	2026-10-04	
海达仪器	obscure	2026-10-04	
港口岸	fragment	2026-10-04	
特朗普签	fragment	2026-10-04	
王炳	obscure	2026-10-04	
球挑战赛	fragment	2026-10-04	
球迷屋	obscure	2026-10-04	
瑞和网	obscure	2026-10-04	
电发电量	fragment	2026-10-04	
电投集团	obscure	2026-10-04	
相应级别	phrase	2026-10-04	
省政协十	fragment	2026-10-04	
睿王	obscure	2026-10-04	
税新政	fragment	2026-10-04	
穴自慰	junk	2026-10-04	
立异药	obscure	2026-10-04	
笼边	obscure	2026-10-04	
管道浮筒	obscure	2026-10-04	
经济学教	fragment	2026-10-04	
结构性缺	fragment	2026-10-04	
罗茜	obscure	2026-10-04	
胡静	obscure	2026-10-04	
艾莉森	obscure	2026-10-04	
蒂耶	obscure	2026-10-04	
蔡晓	obscure	2026-10-04	
货期短	phrase	2026-10-04	
费要多少	phrase	2026-10-04	
赖雅	obscure	2026-10-04	
趣觅	obscure	2026-10-04	
软佳科技	obscure	2026-10-04	
轻高定	obscure	2026-10-04	
连扳	obscure	2026-10-04	
邦集团	fragment	2026-10-04	
量占比达	fragment	2026-10-04	
鑫优配	junk	2026-10-04	
鑫瑞	obscure	2026-10-04	
钱包登录	phrase	2026-10-04	
长翟	junk	2026-10-04	
阁待制	fragment	2026-10-04	
队打出	fragment	2026-10-04	
风险并提	fragment	2026-10-04	
鹰牌	obscure	2026-10-04	
一体机芯	fragment	2026-10-04	
一阵轻	fragment	2026-10-04	
三兩	junk	2026-10-04	
乾谷	obscure	2026-10-04	
云霆	obscure	2026-10-04	
人们对环	fragment	2026-10-04	
价低至	phrase	2026-10-04	
位于乌	fragment	2026-10-04	
位评委	fragment	2026-10-04	
体中产生	fragment	2026-10-04	
做为国度	junk	2026-10-04	
兔猴	obscure	2026-10-04	
公司与广	fragment	2026-10-04	
冯立环	obscure	2026-10-04	
刘彬	obscure	2026-10-04	
剂生产线	fragment	2026-10-04	
剧导演	fragment	2026-10-04	
剩下几	fragment	2026-10-04	
功能与美	fragment	2026-10-04	
动和停止	fragment	2026-10-04	
化与生态	fragment	2026-10-04	
卫辰	obscure	2026-10-04	
吉伦	obscure	2026-10-04	
员等人员	fragment	2026-10-04	
器电脑版	fragment	2026-10-04	
国青年科	fragment	2026-10-04	
均达到国	fragment	2026-10-04	
坝村	obscure	2026-10-04	
型粉碎机	fragment	2026-10-04	
声唤	obscure	2026-10-04	
声四起	fragment	2026-10-04	
大票重货	obscure	2026-10-04	
天然气燃	fragment	2026-10-04	
奥极医疗	obscure	2026-10-04	
好意思食	fragment	2026-10-04	
学七年级	fragment	2026-10-04	
守臣	obscure	2026-10-04	
州乃至	fragment	2026-10-04	
工做经验	typo	2026-10-04	
巩老师	obscure	2026-10-04	
已登陆	typo	2026-10-04	
市不动产	fragment	2026-10-04	
市商品房	fragment	2026-10-04	
市国动办	junk	2026-10-04	
市畜牧	fragment	2026-10-04	
师会结合	fragment	2026-10-04	
师资历	fragment	2026-10-04	
帝兵	obscure	2026-10-04	
帝谓	obscure	2026-10-04	
幼猫成猫	phrase	2026-10-04	
徐伟	obscure	2026-10-04	
徐梦	obscure	2026-10-04	
性包皮	fragment	2026-10-04	
手艺门槛	junk	2026-10-04	
打造出既	fragment	2026-10-04	
扶植工做	junk	2026-10-04	
报中表示	fragment	2026-10-04	
拉弗	obscure	2026-10-04	
政部门审	fragment	2026-10-04	
敏教授	fragment	2026-10-04	
敢偷	phrase	2026-10-04	
斯主场	fragment	2026-10-04	
新用户专	fragment	2026-10-04	
时间从原	fragment	2026-10-04	
期未满	fragment	2026-10-04	
朵腑	junk	2026-10-04	
机等组成	fragment	2026-10-04	
杜玉	obscure	2026-10-04	
欧麦朗	obscure	2026-10-04	
气象台预	fragment	2026-10-04	
永濑	obscure	2026-10-04	
永璞	obscure	2026-10-04	
泰新材料	fragment	2026-10-04	
浮充机	obscure	2026-10-04	
澎蓬	junk	2026-10-04	
王峥	obscure	2026-10-04	
王巍	obscure	2026-10-04	
玛琳	obscure	2026-10-04	
球体育网	obscure	2026-10-04	
球员与球	fragment	2026-10-04	
生态扶植	junk	2026-10-04	
由竞得人	phrase	2026-10-04	
破焦机	obscure	2026-10-04	
穆翎	obscure	2026-10-04	
窄巷道	phrase	2026-10-04	
箱里面	fragment	2026-10-04	
米加米	obscure	2026-10-04	
结构性转	fragment	2026-10-04	
网上卖	phrase	2026-10-04	
罗洪	obscure	2026-10-04	
群僵尸粉	fragment	2026-10-04	
胡彪	obscure	2026-10-04	
节制权	junk	2026-10-04	
菌总数	fragment	2026-10-04	
萧承渊	obscure	2026-10-04	
表笔接	fragment	2026-10-04	
西南市场	phrase	2026-10-04	
证需要多	fragment	2026-10-04	
谷瀑	junk	2026-10-04	
贝拉达	obscure	2026-10-04	
账公司安	fragment	2026-10-04	
超百家	phrase	2026-10-04	
逐渐沉	fragment	2026-10-04	
部分酒企	phrase	2026-10-04	
量和强度	fragment	2026-10-04	
铜带绕包	obscure	2026-10-04	
院举办第	fragment	2026-10-04	
院长朱	fragment	2026-10-04	
陪浴	junk	2026-10-04	
雁回	obscure	2026-10-04	
骚妈	junk	2026-10-04	
鼠猪	obscure	2026-10-04	
一赛一节	junk	2026-10-04	
上划出	fragment	2026-10-04	
业新未来	fragment	2026-10-04	
二人相	fragment	2026-10-04	
人事观察	phrase	2026-10-04	
值时自动	fragment	2026-10-04	
做出明确	phrase	2026-10-04	
傅氏	obscure	2026-10-04	
共建互联	phrase	2026-10-04	
凌薇	obscure	2026-10-04	
制定了严	fragment	2026-10-04	
力和生命	fragment	2026-10-04	
华商汇通	obscure	2026-10-04	
卷料标签	obscure	2026-10-04	
厂生产线	fragment	2026-10-04	
压稳压	fragment	2026-10-04	
县考察	fragment	2026-10-04	
取价钱	junk	2026-10-04	
吴敬	obscure	2026-10-04	
吴碧林	obscure	2026-10-04	
圣捷出国	junk	2026-10-04	
坐落于北	fragment	2026-10-04	
型对手时	fragment	2026-10-04	
型球阀	fragment	2026-10-04	
城及周边	fragment	2026-10-04	
基站等	fragment	2026-10-04	
夏时国际	obscure	2026-10-04	
委书记谢	fragment	2026-10-04	
寒川	obscure	2026-10-04	
尔坎	obscure	2026-10-04	
局授予	fragment	2026-10-04	
届中国医	fragment	2026-10-04	
岛南部	fragment	2026-10-04	
币转入	fragment	2026-10-04	
市数据局	fragment	2026-10-04	
年会暨第	fragment	2026-10-04	
成本和效	fragment	2026-10-04	
成长示状	junk	2026-10-04	
投资和运	fragment	2026-10-04	
据美国国	fragment	2026-10-04	
斩魂	obscure	2026-10-04	
新手刚	fragment	2026-10-04	
曹卫	obscure	2026-10-04	
李敬	obscure	2026-10-04	
李明俊	obscure	2026-10-04	
松果云	obscure	2026-10-04	
树种植	fragment	2026-10-04	
桃七	obscure	2026-10-04	
案件涉及	phrase	2026-10-04	
毛莉	obscure	2026-10-04	
江沿岸	fragment	2026-10-04	
法不正确	fragment	2026-10-04	
浮筒式	phrase	2026-10-04	
液制备	fragment	2026-10-04	
率先在全	fragment	2026-10-04	
王禹	obscure	2026-10-04	
王逸	obscure	2026-10-04	
球和快速	fragment	2026-10-04	
甘州府城	obscure	2026-10-04	
由专业医	fragment	2026-10-04	
由细菌	fragment	2026-10-04	
界点设计	fragment	2026-10-04	
税缴纳	fragment	2026-10-04	
端推送	fragment	2026-10-04	
粉磨粉机	fragment	2026-10-04	
精萃	obscure	2026-10-04	
维康国际	obscure	2026-10-04	
置等信息	fragment	2026-10-04	
署署长	fragment	2026-10-04	
聪慧糊口	junk	2026-10-04	
腺健康	fragment	2026-10-04	
膜均匀	fragment	2026-10-04	
艺爱好者	fragment	2026-10-04	
芳园	obscure	2026-10-04	
苏韵	obscure	2026-10-04	
英里里程	fragment	2026-10-04	
莉奈	obscure	2026-10-04	
葛诗诗	obscure	2026-10-04	
薇琳	obscure	2026-10-04	
行会里	fragment	2026-10-04	
袜业展	fragment	2026-10-04	
装修报建	phrase	2026-10-04	
识别与防	fragment	2026-10-04	
质和工艺	fragment	2026-10-04	
赛麟	obscure	2026-10-04	
走时测试	obscure	2026-10-04	
赵洪	obscure	2026-10-04	
身上衣	fragment	2026-10-04	
邓煜	obscure	2026-10-04	
邪薪	junk	2026-10-04	
郭玉	obscure	2026-10-04	
铁腰	obscure	2026-10-04	
陕西电力	obscure	2026-10-04	
额已超	fragment	2026-10-04	
风曦	obscure	2026-10-04	
馆召开	fragment	2026-10-04	
骞撮	junk	2026-10-04	
鸿远	obscure	2026-10-04	
鼠猴	obscure	2026-10-04	
书瑶	obscure	2026-10-04	
二嘎公	junk	2026-10-04	
二季报	fragment	2026-10-04	
交流暨	fragment	2026-10-04	
人或授权	phrase	2026-10-04	
仪内置	fragment	2026-10-04	
佳欣	obscure	2026-10-04	
力和独特	fragment	2026-10-04	
力扬环保	obscure	2026-10-04	
加强对政	fragment	2026-10-04	
务等业务	fragment	2026-10-04	
压压力表	fragment	2026-10-04	
县鑫	junk	2026-10-04	
吴宏	obscure	2026-10-04	
吴芳	obscure	2026-10-04	
吸光度值	fragment	2026-10-04	
喵云是一	fragment	2026-10-04	
国度政策	junk	2026-10-04	
培训班哪	fragment	2026-10-04	
壳保护	fragment	2026-10-04	
失效问题	phrase	2026-10-04	
奈汐酱	obscure	2026-10-04	
姜灿	obscure	2026-10-04	
孙宏	obscure	2026-10-04	
学教育专	fragment	2026-10-04	
客户在网	fragment	2026-10-04	
宸辩	junk	2026-10-04	
小缨	obscure	2026-10-04	
崇祯十	fragment	2026-10-04	
州市中小	fragment	2026-10-04	
工业化建	fragment	2026-10-04	
市是一座	fragment	2026-10-04	
年建成投	fragment	2026-10-04	
年盛夏	fragment	2026-10-04	
度上实现	fragment	2026-10-04	
度和频率	fragment	2026-10-04	
建建取	junk	2026-10-04	
张翔	obscure	2026-10-04	
性与战术	fragment	2026-10-04	
性湿疹	fragment	2026-10-04	
慎密连系	junk	2026-10-04	
成一个独	fragment	2026-10-04	
手艺融合	junk	2026-10-04	
接触到各	fragment	2026-10-04	
教育工做	typo	2026-10-04	
新诛仙	obscure	2026-10-04	
方志勇	obscure	2026-10-04	
旅行距离	phrase	2026-10-04	
族民俗	fragment	2026-10-04	
时长平均	phrase	2026-10-04	
晴屿望湖	obscure	2026-10-04	
曾雯	obscure	2026-10-04	
月二日	fragment	2026-10-04	
材加工厂	fragment	2026-10-04	
柳氏	obscure	2026-10-04	
检测维保	phrase	2026-10-04	
氏父子	fragment	2026-10-04	
沉渊	obscure	2026-10-04	
清晏	obscure	2026-10-04	
炉变压器	fragment	2026-10-04	
煞东时冲	junk	2026-10-04	
煞西时冲	junk	2026-10-04	
狗鼠	obscure	2026-10-04	
猴兔	obscure	2026-10-04	
王墓	obscure	2026-10-04	
瓦勒	obscure	2026-10-04	
电话公示	phrase	2026-10-04	
疯猫	obscure	2026-10-04	
症诊疗	fragment	2026-10-04	
盯防压力	phrase	2026-10-04	
祁凉	obscure	2026-10-04	
福绵	obscure	2026-10-04	
稀少女	fragment	2026-10-04	
篮甲	obscure	2026-10-04	
粒生产线	fragment	2026-10-04	
网关实现	phrase	2026-10-04	
置和操作	fragment	2026-10-04	
耐磨耐腐	fragment	2026-10-04	
联丰优配	junk	2026-10-04	
肏死	junk	2026-10-04	
节制取	junk	2026-10-04	
萧凡	obscure	2026-10-04	
视讯问学	junk	2026-10-04	
设计与研	fragment	2026-10-04	
该如何避	fragment	2026-10-04	
账号成长	phrase	2026-10-04	
资讯文摘	phrase	2026-10-04	
连厘	junk	2026-10-04	
邵明	obscure	2026-10-04	
量过低	fragment	2026-10-04	
钟欣	obscure	2026-10-04	
钻深井	phrase	2026-10-04	
铁氧体磁	fragment	2026-10-04	
间相互交	fragment	2026-10-04	
陈娇	obscure	2026-10-04	
震动筛	typo	2026-10-04	
露营等	fragment	2026-10-04	
韩晓	obscure	2026-10-04	
顾均辉	obscure	2026-10-04	
顾浮游	obscure	2026-10-04	
驻脚	obscure	2026-10-04	
鸡羊	obscure	2026-10-04	
一家人围	phrase	2026-10-04	
宋小河	obscure	2026-10-04	second look: a company or a novel's character
玄苍	obscure	2026-10-04	second look: a company or a novel's character
成公教育	obscure	2026-10-04	second look: a company or a novel's character
喜开理	obscure	2026-10-04	second look: a company or a novel's character
新诺仪器	obscure	2026-10-04	second look: a company or a novel's character
河北中浩	obscure	2026-10-04	second look: a company or a novel's character
许知夏	obscure	2026-10-04	second look: a company or a novel's character
